Taxonomic_Level,Taxon_Name,Ecosystem_Type,Ecosystem_Name,Count,Pct_Distribution_in_Ecosystem,Pct_Composition_of_Ecosystem
Realm,Duplodnaviria,main_ecosystem,Engineered Systems,15262,3.81,71.38
Realm,Duplodnaviria,main_ecosystem,Extreme Environments,79154,19.77,70.38
Realm,Duplodnaviria,main_ecosystem,General Environmental,151049,37.72,51.14
Realm,Duplodnaviria,main_ecosystem,Host Associated,144605,36.11,74.37
Realm,Duplodnaviria,main_ecosystem,Mixed And Lab,496,0.12,89.86
Realm,Duplodnaviria,main_ecosystem,Contaminated and Industrial Environments,9885,2.47,93.33
Realm,Monodnaviria,main_ecosystem,Engineered Systems,791,1.9,3.7
Realm,Monodnaviria,main_ecosystem,Extreme Environments,1607,3.87,1.43
Realm,Monodnaviria,main_ecosystem,General Environmental,25135,60.45,8.51
Realm,Monodnaviria,main_ecosystem,Host Associated,13856,33.33,7.13
Realm,Monodnaviria,main_ecosystem,Mixed And Lab,14,0.03,2.54
Realm,Monodnaviria,main_ecosystem,Contaminated and Industrial Environments,174,0.42,1.64
Realm,Riboviria,main_ecosystem,Engineered Systems,4156,7.01,19.44
Realm,Riboviria,main_ecosystem,Extreme Environments,22713,38.32,20.2
Realm,Riboviria,main_ecosystem,General Environmental,24656,41.6,8.35
Realm,Riboviria,main_ecosystem,Host Associated,7623,12.86,3.92
Realm,Riboviria,main_ecosystem,Mixed And Lab,4,0.01,0.72
Realm,Riboviria,main_ecosystem,Contaminated and Industrial Environments,113,0.19,1.07
Realm,Unclassified_Unknown,main_ecosystem,Engineered Systems,2,0.36,0.01
Realm,Unclassified_Unknown,main_ecosystem,Extreme Environments,26,4.74,0.02
Realm,Unclassified_Unknown,main_ecosystem,General Environmental,286,52.19,0.1
Realm,Unclassified_Unknown,main_ecosystem,Host Associated,230,41.97,0.12
Realm,Unclassified_Unknown,main_ecosystem,Contaminated and Industrial Environments,4,0.73,0.04
Realm,Varidnaviria,main_ecosystem,Engineered Systems,95,0.19,0.44
Realm,Varidnaviria,main_ecosystem,Extreme Environments,2177,4.4,1.94
Realm,Varidnaviria,main_ecosystem,General Environmental,24794,50.13,8.39
Realm,Varidnaviria,main_ecosystem,Host Associated,22121,44.72,11.38
Realm,Varidnaviria,main_ecosystem,Mixed And Lab,1,0.0,0.18
Realm,Varidnaviria,main_ecosystem,Contaminated and Industrial Environments,275,0.56,2.6
Realm,Duplodnaviria,sub_ecosystem,Animals,3430,0.86,80.92
Realm,Duplodnaviria,sub_ecosystem,Aquatic Freshwater,83755,20.92,48.87
Realm,Duplodnaviria,sub_ecosystem,Aquatic Marine,63897,15.96,53.88
Realm,Duplodnaviria,sub_ecosystem,Aquatic Special,1493,0.37,80.57
Realm,Duplodnaviria,sub_ecosystem,Atmospheric,42,0.01,85.71
Realm,Duplodnaviria,sub_ecosystem,Bioreactors,5760,1.44,58.79
Realm,Duplodnaviria,sub_ecosystem,Built Environment,1206,0.3,74.22
Realm,Duplodnaviria,sub_ecosystem,Chemical Remediation Targets,4792,1.2,92.6
Realm,Duplodnaviria,sub_ecosystem,Cleanrooms,14,0.0,21.21
Realm,Duplodnaviria,sub_ecosystem,Controlled Environment,1028,0.26,83.44
Realm,Duplodnaviria,sub_ecosystem,Food Production,232,0.06,97.07
Realm,Duplodnaviria,sub_ecosystem,Fungi And Algae,572,0.14,85.12
Realm,Duplodnaviria,sub_ecosystem,Halophilic And Alkaliphilic,70,0.02,83.33
Realm,Duplodnaviria,sub_ecosystem,Human,47117,11.77,76.16
Realm,Duplodnaviria,sub_ecosystem,Hydrocarbon Contamination Oil,100,0.02,86.21
Realm,Duplodnaviria,sub_ecosystem,Industrial Hydrocarbon Processing,73,0.02,87.95
Realm,Duplodnaviria,sub_ecosystem,Industrial Processing,128,0.03,66.67
Realm,Duplodnaviria,sub_ecosystem,Industrial Wastewater,2176,0.54,94.49
Realm,Duplodnaviria,sub_ecosystem,Lab Enrichment,106,0.03,84.8
Realm,Duplodnaviria,sub_ecosystem,Landfill,2618,0.65,96.0
Realm,Duplodnaviria,sub_ecosystem,Microbial Hosts,66,0.02,85.71
Realm,Duplodnaviria,sub_ecosystem,Modeled,105,0.03,89.74
Realm,Duplodnaviria,sub_ecosystem,Plants,93420,23.33,73.22
Realm,Duplodnaviria,sub_ecosystem,Psychrophilic Low Temperature,44742,11.17,65.31
Realm,Duplodnaviria,sub_ecosystem,Solid Waste Management,363,0.09,95.28
Realm,Duplodnaviria,sub_ecosystem,Subsurface And Geologic,19087,4.77,89.68
Realm,Duplodnaviria,sub_ecosystem,Tailings Pond,112,0.03,92.56
Realm,Duplodnaviria,sub_ecosystem,Terrestrial Soil,1798,0.45,52.5
Realm,Duplodnaviria,sub_ecosystem,Terrestrial Vegetation,64,0.02,92.75
Realm,Duplodnaviria,sub_ecosystem,Thermophilic High Temperature,15255,3.81,67.54
Realm,Duplodnaviria,sub_ecosystem,Unknown Mixed,285,0.07,91.94
Realm,Duplodnaviria,sub_ecosystem,Wastewater Treatment,6545,1.63,82.7
Realm,Monodnaviria,sub_ecosystem,Animals,247,0.59,5.83
Realm,Monodnaviria,sub_ecosystem,Aquatic Freshwater,16786,40.37,9.8
Realm,Monodnaviria,sub_ecosystem,Aquatic Marine,8036,19.33,6.78
Realm,Monodnaviria,sub_ecosystem,Aquatic Special,236,0.57,12.74
Realm,Monodnaviria,sub_ecosystem,Atmospheric,1,0.0,2.04
Realm,Monodnaviria,sub_ecosystem,Bioreactors,348,0.84,3.55
Realm,Monodnaviria,sub_ecosystem,Built Environment,147,0.35,9.05
Realm,Monodnaviria,sub_ecosystem,Chemical Remediation Targets,40,0.1,0.77
Realm,Monodnaviria,sub_ecosystem,Cleanrooms,51,0.12,77.27
Realm,Monodnaviria,sub_ecosystem,Controlled Environment,4,0.01,0.32
Realm,Monodnaviria,sub_ecosystem,Food Production,2,0.0,0.84
Realm,Monodnaviria,sub_ecosystem,Fungi And Algae,36,0.09,5.36
Realm,Monodnaviria,sub_ecosystem,Halophilic And Alkaliphilic,9,0.02,10.71
Realm,Monodnaviria,sub_ecosystem,Human,9346,22.48,15.11
Realm,Monodnaviria,sub_ecosystem,Hydrocarbon Contamination Oil,1,0.0,0.86
Realm,Monodnaviria,sub_ecosystem,Industrial Hydrocarbon Processing,6,0.01,7.23
Realm,Monodnaviria,sub_ecosystem,Industrial Processing,7,0.02,3.65
Realm,Monodnaviria,sub_ecosystem,Industrial Wastewater,48,0.12,2.08
Realm,Monodnaviria,sub_ecosystem,Lab Enrichment,2,0.0,1.6
Realm,Monodnaviria,sub_ecosystem,Landfill,25,0.06,0.92
Realm,Monodnaviria,sub_ecosystem,Microbial Hosts,2,0.0,2.6
Realm,Monodnaviria,sub_ecosystem,Modeled,5,0.01,4.27
Realm,Monodnaviria,sub_ecosystem,Plants,4225,10.16,3.31
Realm,Monodnaviria,sub_ecosystem,Psychrophilic Low Temperature,744,1.79,1.09
Realm,Monodnaviria,sub_ecosystem,Solid Waste Management,5,0.01,1.31
Realm,Monodnaviria,sub_ecosystem,Subsurface And Geologic,363,0.87,1.71
Realm,Monodnaviria,sub_ecosystem,Tailings Pond,3,0.01,2.48
Realm,Monodnaviria,sub_ecosystem,Terrestrial Soil,75,0.18,2.19
Realm,Monodnaviria,sub_ecosystem,Terrestrial Vegetation,1,0.0,1.45
Realm,Monodnaviria,sub_ecosystem,Thermophilic High Temperature,491,1.18,2.17
Realm,Monodnaviria,sub_ecosystem,Unknown Mixed,7,0.02,2.26
Realm,Monodnaviria,sub_ecosystem,Wastewater Treatment,278,0.67,3.51
Realm,Riboviria,sub_ecosystem,Animals,41,0.07,0.97
Realm,Riboviria,sub_ecosystem,Aquatic Freshwater,12669,21.38,7.39
Realm,Riboviria,sub_ecosystem,Aquatic Marine,11102,18.73,9.36
Realm,Riboviria,sub_ecosystem,Aquatic Special,23,0.04,1.24
Realm,Riboviria,sub_ecosystem,Bioreactors,3289,5.55,33.57
Realm,Riboviria,sub_ecosystem,Built Environment,2,0.0,0.12
Realm,Riboviria,sub_ecosystem,Chemical Remediation Targets,88,0.15,1.7
Realm,Riboviria,sub_ecosystem,Controlled Environment,100,0.17,8.12
Realm,Riboviria,sub_ecosystem,Fungi And Algae,4,0.01,0.6
Realm,Riboviria,sub_ecosystem,Halophilic And Alkaliphilic,3,0.01,3.57
Realm,Riboviria,sub_ecosystem,Human,1629,2.75,2.63
Realm,Riboviria,sub_ecosystem,Hydrocarbon Contamination Oil,4,0.01,3.45
Realm,Riboviria,sub_ecosystem,Industrial Hydrocarbon Processing,1,0.0,1.2
Realm,Riboviria,sub_ecosystem,Industrial Wastewater,3,0.01,0.13
Realm,Riboviria,sub_ecosystem,Lab Enrichment,2,0.0,1.6
Realm,Riboviria,sub_ecosystem,Landfill,17,0.03,0.62
Realm,Riboviria,sub_ecosystem,Plants,5949,10.04,4.66
Realm,Riboviria,sub_ecosystem,Psychrophilic Low Temperature,17748,29.95,25.9
Realm,Riboviria,sub_ecosystem,Solid Waste Management,4,0.01,1.05
Realm,Riboviria,sub_ecosystem,Subsurface And Geologic,294,0.5,1.38
Realm,Riboviria,sub_ecosystem,Terrestrial Soil,862,1.45,25.17
Realm,Riboviria,sub_ecosystem,Thermophilic High Temperature,4668,7.88,20.67
Realm,Riboviria,sub_ecosystem,Unknown Mixed,2,0.0,0.65
Realm,Riboviria,sub_ecosystem,Wastewater Treatment,761,1.28,9.62
Realm,Unclassified_Unknown,sub_ecosystem,Animals,6,1.09,0.14
Realm,Unclassified_Unknown,sub_ecosystem,Aquatic Freshwater,198,36.13,0.12
Realm,Unclassified_Unknown,sub_ecosystem,Aquatic Marine,88,16.06,0.07
Realm,Unclassified_Unknown,sub_ecosystem,Bioreactors,2,0.36,0.02
Realm,Unclassified_Unknown,sub_ecosystem,Chemical Remediation Targets,4,0.73,0.08
Realm,Unclassified_Unknown,sub_ecosystem,Human,33,6.02,0.05
Realm,Unclassified_Unknown,sub_ecosystem,Plants,191,34.85,0.15
Realm,Unclassified_Unknown,sub_ecosystem,Psychrophilic Low Temperature,14,2.55,0.02
Realm,Unclassified_Unknown,sub_ecosystem,Subsurface And Geologic,4,0.73,0.02
Realm,Unclassified_Unknown,sub_ecosystem,Thermophilic High Temperature,8,1.46,0.04
Realm,Varidnaviria,sub_ecosystem,Animals,13,0.03,0.31
Realm,Varidnaviria,sub_ecosystem,Aquatic Freshwater,15968,32.28,9.32
Realm,Varidnaviria,sub_ecosystem,Aquatic Marine,8721,17.63,7.35
Realm,Varidnaviria,sub_ecosystem,Aquatic Special,32,0.06,1.73
Realm,Varidnaviria,sub_ecosystem,Bioreactors,32,0.06,0.33
Realm,Varidnaviria,sub_ecosystem,Built Environment,2,0.0,0.12
Realm,Varidnaviria,sub_ecosystem,Chemical Remediation Targets,218,0.44,4.21
Realm,Varidnaviria,sub_ecosystem,Controlled Environment,11,0.02,0.89
Realm,Varidnaviria,sub_ecosystem,Fungi And Algae,25,0.05,3.72
Realm,Varidnaviria,sub_ecosystem,Human,483,0.98,0.78
Realm,Varidnaviria,sub_ecosystem,Hydrocarbon Contamination Oil,11,0.02,9.48
Realm,Varidnaviria,sub_ecosystem,Industrial Wastewater,20,0.04,0.87
Realm,Varidnaviria,sub_ecosystem,Landfill,26,0.05,0.95
Realm,Varidnaviria,sub_ecosystem,Plants,21600,43.67,16.93
Realm,Varidnaviria,sub_ecosystem,Psychrophilic Low Temperature,422,0.85,0.62
Realm,Varidnaviria,sub_ecosystem,Subsurface And Geologic,545,1.1,2.56
Realm,Varidnaviria,sub_ecosystem,Terrestrial Soil,69,0.14,2.01
Realm,Varidnaviria,sub_ecosystem,Terrestrial Vegetation,4,0.01,5.8
Realm,Varidnaviria,sub_ecosystem,Thermophilic High Temperature,1210,2.45,5.36
Realm,Varidnaviria,sub_ecosystem,Unknown Mixed,1,0.0,0.32
Realm,Varidnaviria,sub_ecosystem,Wastewater Treatment,50,0.1,0.63
Kingdom,Bamfordvirae,main_ecosystem,Engineered Systems,124,0.23,0.58
Kingdom,Bamfordvirae,main_ecosystem,Extreme Environments,2389,4.52,2.17
Kingdom,Bamfordvirae,main_ecosystem,General Environmental,25584,48.42,8.8
Kingdom,Bamfordvirae,main_ecosystem,Host Associated,24439,46.26,12.72
Kingdom,Bamfordvirae,main_ecosystem,Mixed And Lab,3,0.01,0.54
Kingdom,Bamfordvirae,main_ecosystem,Contaminated and Industrial Environments,295,0.56,2.82
Kingdom,Heunggongvirae,main_ecosystem,Engineered Systems,15030,3.86,70.87
Kingdom,Heunggongvirae,main_ecosystem,Extreme Environments,77809,19.99,70.66
Kingdom,Heunggongvirae,main_ecosystem,General Environmental,145881,37.48,50.16
Kingdom,Heunggongvirae,main_ecosystem,Host Associated,140370,36.06,73.03
Kingdom,Heunggongvirae,main_ecosystem,Mixed And Lab,496,0.13,89.69
Kingdom,Heunggongvirae,main_ecosystem,Contaminated and Industrial Environments,9672,2.48,92.57
Kingdom,Loebvirae,main_ecosystem,Engineered Systems,228,11.5,1.08
Kingdom,Loebvirae,main_ecosystem,Extreme Environments,302,15.23,0.27
Kingdom,Loebvirae,main_ecosystem,General Environmental,719,36.26,0.25
Kingdom,Loebvirae,main_ecosystem,Host Associated,680,34.29,0.35
Kingdom,Loebvirae,main_ecosystem,Mixed And Lab,7,0.35,1.27
Kingdom,Loebvirae,main_ecosystem,Contaminated and Industrial Environments,47,2.37,0.45
Kingdom,Orthornavirae,main_ecosystem,Engineered Systems,4153,7.05,19.58
Kingdom,Orthornavirae,main_ecosystem,Extreme Environments,21675,36.8,19.68
Kingdom,Orthornavirae,main_ecosystem,General Environmental,25045,42.52,8.61
Kingdom,Orthornavirae,main_ecosystem,Host Associated,7878,13.37,4.1
Kingdom,Orthornavirae,main_ecosystem,Mixed And Lab,3,0.01,0.54
Kingdom,Orthornavirae,main_ecosystem,Contaminated and Industrial Environments,150,0.25,1.44
Kingdom,Sangervirae,main_ecosystem,Engineered Systems,380,1.86,1.79
Kingdom,Sangervirae,main_ecosystem,Extreme Environments,300,1.47,0.27
Kingdom,Sangervirae,main_ecosystem,General Environmental,11870,58.12,4.08
Kingdom,Sangervirae,main_ecosystem,Host Associated,7840,38.38,4.08
Kingdom,Sangervirae,main_ecosystem,Mixed And Lab,6,0.03,1.08
Kingdom,Sangervirae,main_ecosystem,Contaminated and Industrial Environments,29,0.14,0.28
Kingdom,Shotokuvirae,main_ecosystem,Engineered Systems,218,1.19,1.03
Kingdom,Shotokuvirae,main_ecosystem,Extreme Environments,844,4.62,0.77
Kingdom,Shotokuvirae,main_ecosystem,General Environmental,12242,67.04,4.21
Kingdom,Shotokuvirae,main_ecosystem,Host Associated,4844,26.53,2.52
Kingdom,Shotokuvirae,main_ecosystem,Mixed And Lab,1,0.01,0.18
Kingdom,Shotokuvirae,main_ecosystem,Contaminated and Industrial Environments,112,0.61,1.07
Kingdom,Unclassified_Unknown,main_ecosystem,Engineered Systems,1,0.4,0.0
Kingdom,Unclassified_Unknown,main_ecosystem,Extreme Environments,16,6.48,0.01
Kingdom,Unclassified_Unknown,main_ecosystem,General Environmental,84,34.01,0.03
Kingdom,Unclassified_Unknown,main_ecosystem,Host Associated,143,57.89,0.07
Kingdom,Unclassified_Unknown,main_ecosystem,Contaminated and Industrial Environments,3,1.21,0.03
Kingdom,Bamfordvirae,sub_ecosystem,Animals,12,0.02,0.29
Kingdom,Bamfordvirae,sub_ecosystem,Aquatic Freshwater,16117,30.5,9.55
Kingdom,Bamfordvirae,sub_ecosystem,Aquatic Marine,9362,17.72,8.02
Kingdom,Bamfordvirae,sub_ecosystem,Aquatic Special,32,0.06,1.75
Kingdom,Bamfordvirae,sub_ecosystem,Bioreactors,32,0.06,0.33
Kingdom,Bamfordvirae,sub_ecosystem,Built Environment,4,0.01,0.24
Kingdom,Bamfordvirae,sub_ecosystem,Chemical Remediation Targets,237,0.45,4.71
Kingdom,Bamfordvirae,sub_ecosystem,Controlled Environment,11,0.02,0.92
Kingdom,Bamfordvirae,sub_ecosystem,Fungi And Algae,28,0.05,4.14
Kingdom,Bamfordvirae,sub_ecosystem,Human,560,1.06,0.92
Kingdom,Bamfordvirae,sub_ecosystem,Hydrocarbon Contamination Oil,10,0.02,9.01
Kingdom,Bamfordvirae,sub_ecosystem,Industrial Processing,3,0.01,1.57
Kingdom,Bamfordvirae,sub_ecosystem,Industrial Wastewater,24,0.05,1.03
Kingdom,Bamfordvirae,sub_ecosystem,Lab Enrichment,1,0.0,0.81
Kingdom,Bamfordvirae,sub_ecosystem,Landfill,23,0.04,0.85
Kingdom,Bamfordvirae,sub_ecosystem,Plants,23839,45.12,18.88
Kingdom,Bamfordvirae,sub_ecosystem,Psychrophilic Low Temperature,509,0.96,0.76
Kingdom,Bamfordvirae,sub_ecosystem,Solid Waste Management,1,0.0,0.26
Kingdom,Bamfordvirae,sub_ecosystem,Subsurface And Geologic,550,1.04,2.61
Kingdom,Bamfordvirae,sub_ecosystem,Tailings Pond,1,0.0,0.83
Kingdom,Bamfordvirae,sub_ecosystem,Terrestrial Soil,69,0.13,2.05
Kingdom,Bamfordvirae,sub_ecosystem,Terrestrial Vegetation,4,0.01,5.8
Kingdom,Bamfordvirae,sub_ecosystem,Thermophilic High Temperature,1330,2.52,5.99
Kingdom,Bamfordvirae,sub_ecosystem,Unknown Mixed,2,0.0,0.64
Kingdom,Bamfordvirae,sub_ecosystem,Wastewater Treatment,73,0.14,0.93
Kingdom,Heunggongvirae,sub_ecosystem,Animals,3404,0.87,80.95
Kingdom,Heunggongvirae,sub_ecosystem,Aquatic Freshwater,80593,20.7,47.75
Kingdom,Heunggongvirae,sub_ecosystem,Aquatic Marine,61941,15.91,53.05
Kingdom,Heunggongvirae,sub_ecosystem,Aquatic Special,1475,0.38,80.82
Kingdom,Heunggongvirae,sub_ecosystem,Atmospheric,42,0.01,82.35
Kingdom,Heunggongvirae,sub_ecosystem,Bioreactors,5697,1.46,58.65
Kingdom,Heunggongvirae,sub_ecosystem,Built Environment,1196,0.31,72.88
Kingdom,Heunggongvirae,sub_ecosystem,Chemical Remediation Targets,4607,1.18,91.5
Kingdom,Heunggongvirae,sub_ecosystem,Cleanrooms,14,0.0,22.95
Kingdom,Heunggongvirae,sub_ecosystem,Controlled Environment,998,0.26,83.58
Kingdom,Heunggongvirae,sub_ecosystem,Food Production,223,0.06,96.54
Kingdom,Heunggongvirae,sub_ecosystem,Fungi And Algae,572,0.15,84.62
Kingdom,Heunggongvirae,sub_ecosystem,Halophilic And Alkaliphilic,66,0.02,76.74
Kingdom,Heunggongvirae,sub_ecosystem,Human,46363,11.91,76.01
Kingdom,Heunggongvirae,sub_ecosystem,Hydrocarbon Contamination Oil,96,0.02,86.49
Kingdom,Heunggongvirae,sub_ecosystem,Industrial Hydrocarbon Processing,73,0.02,90.12
Kingdom,Heunggongvirae,sub_ecosystem,Industrial Processing,124,0.03,64.92
Kingdom,Heunggongvirae,sub_ecosystem,Industrial Wastewater,2164,0.56,93.24
Kingdom,Heunggongvirae,sub_ecosystem,Lab Enrichment,106,0.03,85.48
Kingdom,Heunggongvirae,sub_ecosystem,Landfill,2608,0.67,95.92
Kingdom,Heunggongvirae,sub_ecosystem,Microbial Hosts,66,0.02,84.62
Kingdom,Heunggongvirae,sub_ecosystem,Modeled,105,0.03,89.74
Kingdom,Heunggongvirae,sub_ecosystem,Plants,89965,23.11,71.26
Kingdom,Heunggongvirae,sub_ecosystem,Psychrophilic Low Temperature,43831,11.26,65.61
Kingdom,Heunggongvirae,sub_ecosystem,Solid Waste Management,361,0.09,95.0
Kingdom,Heunggongvirae,sub_ecosystem,Subsurface And Geologic,18847,4.84,89.55
Kingdom,Heunggongvirae,sub_ecosystem,Tailings Pond,110,0.03,91.67
Kingdom,Heunggongvirae,sub_ecosystem,Terrestrial Soil,1766,0.45,52.53
Kingdom,Heunggongvirae,sub_ecosystem,Terrestrial Vegetation,64,0.02,92.75
Kingdom,Heunggongvirae,sub_ecosystem,Thermophilic High Temperature,15065,3.87,67.89
Kingdom,Heunggongvirae,sub_ecosystem,Unknown Mixed,285,0.07,91.35
Kingdom,Heunggongvirae,sub_ecosystem,Wastewater Treatment,6431,1.65,81.85
Kingdom,Loebvirae,sub_ecosystem,Animals,75,3.78,1.78
Kingdom,Loebvirae,sub_ecosystem,Aquatic Freshwater,395,19.92,0.23
Kingdom,Loebvirae,sub_ecosystem,Aquatic Marine,289,14.57,0.25
Kingdom,Loebvirae,sub_ecosystem,Aquatic Special,14,0.71,0.77
Kingdom,Loebvirae,sub_ecosystem,Bioreactors,43,2.17,0.44
Kingdom,Loebvirae,sub_ecosystem,Built Environment,140,7.06,8.53
Kingdom,Loebvirae,sub_ecosystem,Chemical Remediation Targets,10,0.5,0.2
Kingdom,Loebvirae,sub_ecosystem,Cleanrooms,3,0.15,4.92
Kingdom,Loebvirae,sub_ecosystem,Fungi And Algae,16,0.81,2.37
Kingdom,Loebvirae,sub_ecosystem,Halophilic And Alkaliphilic,13,0.66,15.12
Kingdom,Loebvirae,sub_ecosystem,Human,437,22.04,0.72
Kingdom,Loebvirae,sub_ecosystem,Industrial Hydrocarbon Processing,2,0.1,2.47
Kingdom,Loebvirae,sub_ecosystem,Industrial Processing,4,0.2,2.09
Kingdom,Loebvirae,sub_ecosystem,Industrial Wastewater,24,1.21,1.03
Kingdom,Loebvirae,sub_ecosystem,Lab Enrichment,2,0.1,1.61
Kingdom,Loebvirae,sub_ecosystem,Landfill,6,0.3,0.22
Kingdom,Loebvirae,sub_ecosystem,Microbial Hosts,2,0.1,2.56
Kingdom,Loebvirae,sub_ecosystem,Modeled,2,0.1,1.71
Kingdom,Loebvirae,sub_ecosystem,Plants,150,7.56,0.12
Kingdom,Loebvirae,sub_ecosystem,Psychrophilic Low Temperature,136,6.86,0.2
Kingdom,Loebvirae,sub_ecosystem,Solid Waste Management,5,0.25,1.32
Kingdom,Loebvirae,sub_ecosystem,Subsurface And Geologic,127,6.4,0.6
Kingdom,Loebvirae,sub_ecosystem,Tailings Pond,2,0.1,1.67
Kingdom,Loebvirae,sub_ecosystem,Terrestrial Soil,20,1.01,0.59
Kingdom,Loebvirae,sub_ecosystem,Terrestrial Vegetation,1,0.05,1.45
Kingdom,Loebvirae,sub_ecosystem,Thermophilic High Temperature,26,1.31,0.12
Kingdom,Loebvirae,sub_ecosystem,Unknown Mixed,3,0.15,0.96
Kingdom,Loebvirae,sub_ecosystem,Wastewater Treatment,36,1.82,0.46
Kingdom,Orthornavirae,sub_ecosystem,Animals,39,0.07,0.93
Kingdom,Orthornavirae,sub_ecosystem,Aquatic Freshwater,13201,22.41,7.82
Kingdom,Orthornavirae,sub_ecosystem,Aquatic Marine,10981,18.64,9.4
Kingdom,Orthornavirae,sub_ecosystem,Aquatic Special,13,0.02,0.71
Kingdom,Orthornavirae,sub_ecosystem,Atmospheric,1,0.0,1.96
Kingdom,Orthornavirae,sub_ecosystem,Bioreactors,3247,5.51,33.43
Kingdom,Orthornavirae,sub_ecosystem,Built Environment,25,0.04,1.52
Kingdom,Orthornavirae,sub_ecosystem,Chemical Remediation Targets,113,0.19,2.24
Kingdom,Orthornavirae,sub_ecosystem,Controlled Environment,89,0.15,7.45
Kingdom,Orthornavirae,sub_ecosystem,Food Production,1,0.0,0.43
Kingdom,Orthornavirae,sub_ecosystem,Fungi And Algae,4,0.01,0.59
Kingdom,Orthornavirae,sub_ecosystem,Halophilic And Alkaliphilic,5,0.01,5.81
Kingdom,Orthornavirae,sub_ecosystem,Human,1826,3.1,2.99
Kingdom,Orthornavirae,sub_ecosystem,Hydrocarbon Contamination Oil,4,0.01,3.6
Kingdom,Orthornavirae,sub_ecosystem,Industrial Hydrocarbon Processing,1,0.0,1.23
Kingdom,Orthornavirae,sub_ecosystem,Industrial Wastewater,14,0.02,0.6
Kingdom,Orthornavirae,sub_ecosystem,Landfill,18,0.03,0.66
Kingdom,Orthornavirae,sub_ecosystem,Microbial Hosts,1,0.0,1.28
Kingdom,Orthornavirae,sub_ecosystem,Plants,6008,10.2,4.76
Kingdom,Orthornavirae,sub_ecosystem,Psychrophilic Low Temperature,16952,28.78,25.38
Kingdom,Orthornavirae,sub_ecosystem,Solid Waste Management,4,0.01,1.05
Kingdom,Orthornavirae,sub_ecosystem,Subsurface And Geologic,273,0.46,1.3
Kingdom,Orthornavirae,sub_ecosystem,Terrestrial Soil,849,1.44,25.25
Kingdom,Orthornavirae,sub_ecosystem,Thermophilic High Temperature,4445,7.55,20.03
Kingdom,Orthornavirae,sub_ecosystem,Unknown Mixed,3,0.01,0.96
Kingdom,Orthornavirae,sub_ecosystem,Wastewater Treatment,787,1.34,10.02
Kingdom,Sangervirae,sub_ecosystem,Animals,120,0.59,2.85
Kingdom,Sangervirae,sub_ecosystem,Aquatic Freshwater,7014,34.34,4.16
Kingdom,Sangervirae,sub_ecosystem,Aquatic Marine,4644,22.74,3.98
Kingdom,Sangervirae,sub_ecosystem,Aquatic Special,198,0.97,10.85
Kingdom,Sangervirae,sub_ecosystem,Atmospheric,1,0.0,1.96
Kingdom,Sangervirae,sub_ecosystem,Bioreactors,200,0.98,2.06
Kingdom,Sangervirae,sub_ecosystem,Built Environment,3,0.01,0.18
Kingdom,Sangervirae,sub_ecosystem,Chemical Remediation Targets,7,0.03,0.14
Kingdom,Sangervirae,sub_ecosystem,Cleanrooms,1,0.0,1.64
Kingdom,Sangervirae,sub_ecosystem,Fungi And Algae,14,0.07,2.07
Kingdom,Sangervirae,sub_ecosystem,Human,6637,32.49,10.88
Kingdom,Sangervirae,sub_ecosystem,Hydrocarbon Contamination Oil,1,0.0,0.9
Kingdom,Sangervirae,sub_ecosystem,Industrial Hydrocarbon Processing,1,0.0,1.23
Kingdom,Sangervirae,sub_ecosystem,Industrial Processing,2,0.01,1.05
Kingdom,Sangervirae,sub_ecosystem,Industrial Wastewater,17,0.08,0.73
Kingdom,Sangervirae,sub_ecosystem,Landfill,2,0.01,0.07
Kingdom,Sangervirae,sub_ecosystem,Modeled,2,0.01,1.71
Kingdom,Sangervirae,sub_ecosystem,Plants,1069,5.23,0.85
Kingdom,Sangervirae,sub_ecosystem,Psychrophilic Low Temperature,139,0.68,0.21
Kingdom,Sangervirae,sub_ecosystem,Subsurface And Geologic,80,0.39,0.38
Kingdom,Sangervirae,sub_ecosystem,Terrestrial Soil,13,0.06,0.39
Kingdom,Sangervirae,sub_ecosystem,Thermophilic High Temperature,81,0.4,0.37
Kingdom,Sangervirae,sub_ecosystem,Unknown Mixed,4,0.02,1.28
Kingdom,Sangervirae,sub_ecosystem,Wastewater Treatment,175,0.86,2.23
Kingdom,Shotokuvirae,sub_ecosystem,Animals,49,0.27,1.17
Kingdom,Shotokuvirae,sub_ecosystem,Aquatic Freshwater,9392,51.43,5.56
Kingdom,Shotokuvirae,sub_ecosystem,Aquatic Marine,2801,15.34,2.4
Kingdom,Shotokuvirae,sub_ecosystem,Aquatic Special,24,0.13,1.32
Kingdom,Shotokuvirae,sub_ecosystem,Atmospheric,1,0.01,1.96
Kingdom,Shotokuvirae,sub_ecosystem,Bioreactors,128,0.7,1.32
Kingdom,Shotokuvirae,sub_ecosystem,Built Environment,5,0.03,0.3
Kingdom,Shotokuvirae,sub_ecosystem,Chemical Remediation Targets,25,0.14,0.5
Kingdom,Shotokuvirae,sub_ecosystem,Cleanrooms,42,0.23,68.85
Kingdom,Shotokuvirae,sub_ecosystem,Controlled Environment,7,0.04,0.59
Kingdom,Shotokuvirae,sub_ecosystem,Food Production,2,0.01,0.87
Kingdom,Shotokuvirae,sub_ecosystem,Fungi And Algae,7,0.04,1.04
Kingdom,Shotokuvirae,sub_ecosystem,Human,1867,10.22,3.06
Kingdom,Shotokuvirae,sub_ecosystem,Industrial Hydrocarbon Processing,1,0.01,1.23
Kingdom,Shotokuvirae,sub_ecosystem,Industrial Processing,1,0.01,0.52
Kingdom,Shotokuvirae,sub_ecosystem,Industrial Wastewater,22,0.12,0.95
Kingdom,Shotokuvirae,sub_ecosystem,Landfill,21,0.11,0.77
Kingdom,Shotokuvirae,sub_ecosystem,Modeled,1,0.01,0.85
Kingdom,Shotokuvirae,sub_ecosystem,Plants,2921,16.0,2.31
Kingdom,Shotokuvirae,sub_ecosystem,Psychrophilic Low Temperature,378,2.07,0.57
Kingdom,Shotokuvirae,sub_ecosystem,Subsurface And Geologic,180,0.99,0.86
Kingdom,Shotokuvirae,sub_ecosystem,Tailings Pond,1,0.01,0.83
Kingdom,Shotokuvirae,sub_ecosystem,Terrestrial Soil,24,0.13,0.71
Kingdom,Shotokuvirae,sub_ecosystem,Thermophilic High Temperature,286,1.57,1.29
Kingdom,Shotokuvirae,sub_ecosystem,Wastewater Treatment,75,0.41,0.95
Kingdom,Unclassified_Unknown,sub_ecosystem,Animals,4,1.62,0.1
Kingdom,Unclassified_Unknown,sub_ecosystem,Aquatic Freshwater,74,29.96,0.04
Kingdom,Unclassified_Unknown,sub_ecosystem,Aquatic Marine,10,4.05,0.01
Kingdom,Unclassified_Unknown,sub_ecosystem,Bioreactors,1,0.4,0.01
Kingdom,Unclassified_Unknown,sub_ecosystem,Chemical Remediation Targets,3,1.21,0.06
Kingdom,Unclassified_Unknown,sub_ecosystem,Human,49,19.84,0.08
Kingdom,Unclassified_Unknown,sub_ecosystem,Plants,90,36.44,0.07
Kingdom,Unclassified_Unknown,sub_ecosystem,Psychrophilic Low Temperature,14,5.67,0.02
Kingdom,Unclassified_Unknown,sub_ecosystem,Thermophilic High Temperature,2,0.81,0.01
host_group,Algae,main_ecosystem,Engineered Systems,8,0.07,0.04
host_group,Algae,main_ecosystem,Extreme Environments,545,4.62,0.52
host_group,Algae,main_ecosystem,General Environmental,5736,48.62,2.13
host_group,Algae,main_ecosystem,Host Associated,5462,46.3,3.01
host_group,Algae,main_ecosystem,Contaminated and Industrial Environments,47,0.4,0.45
host_group,Animals,main_ecosystem,Engineered Systems,1238,3.11,6.03
host_group,Animals,main_ecosystem,Extreme Environments,6330,15.89,6.07
host_group,Animals,main_ecosystem,General Environmental,20174,50.63,7.49
host_group,Animals,main_ecosystem,Host Associated,11905,29.88,6.57
host_group,Animals,main_ecosystem,Mixed And Lab,3,0.01,0.54
host_group,Animals,main_ecosystem,Contaminated and Industrial Environments,196,0.49,1.89
host_group,Archaea,main_ecosystem,Engineered Systems,1,5.88,0.0
host_group,Archaea,main_ecosystem,Extreme Environments,9,52.94,0.01
host_group,Archaea,main_ecosystem,General Environmental,7,41.18,0.0
host_group,Bacteria,main_ecosystem,Engineered Systems,17975,4.07,87.61
host_group,Bacteria,main_ecosystem,Extreme Environments,88919,20.14,85.33
host_group,Bacteria,main_ecosystem,General Environmental,168459,38.15,62.52
host_group,Bacteria,main_ecosystem,Host Associated,155785,35.28,85.94
host_group,Bacteria,main_ecosystem,Mixed And Lab,515,0.12,92.79
host_group,Bacteria,main_ecosystem,Contaminated and Industrial Environments,9937,2.25,95.74
host_group,Fungi,main_ecosystem,Engineered Systems,2,2.06,0.01
host_group,Fungi,main_ecosystem,Extreme Environments,33,34.02,0.03
host_group,Fungi,main_ecosystem,General Environmental,45,46.39,0.02
host_group,Fungi,main_ecosystem,Host Associated,17,17.53,0.01
host_group,OtherProtists,main_ecosystem,Engineered Systems,36,0.86,0.18
host_group,OtherProtists,main_ecosystem,Extreme Environments,322,7.67,0.31
host_group,OtherProtists,main_ecosystem,General Environmental,2391,56.96,0.89
host_group,OtherProtists,main_ecosystem,Host Associated,1392,33.16,0.77
host_group,OtherProtists,main_ecosystem,Contaminated and Industrial Environments,57,1.36,0.55
host_group,Plants,main_ecosystem,Engineered Systems,182,3.4,0.89
host_group,Plants,main_ecosystem,Extreme Environments,1253,23.43,1.2
host_group,Plants,main_ecosystem,General Environmental,3196,59.76,1.19
host_group,Plants,main_ecosystem,Host Associated,715,13.37,0.39
host_group,Plants,main_ecosystem,Contaminated and Industrial Environments,2,0.04,0.02
host_group,Algae,sub_ecosystem,Animals,1,0.01,0.02
host_group,Algae,sub_ecosystem,Aquatic Freshwater,3195,27.08,2.06
host_group,Algae,sub_ecosystem,Aquatic Marine,2541,21.54,2.32
host_group,Algae,sub_ecosystem,Bioreactors,3,0.03,0.03
host_group,Algae,sub_ecosystem,Chemical Remediation Targets,37,0.31,0.75
host_group,Algae,sub_ecosystem,Controlled Environment,3,0.03,0.26
host_group,Algae,sub_ecosystem,Fungi And Algae,6,0.05,0.9
host_group,Algae,sub_ecosystem,Human,23,0.19,0.04
host_group,Algae,sub_ecosystem,Hydrocarbon Contamination Oil,2,0.02,1.9
host_group,Algae,sub_ecosystem,Industrial Wastewater,7,0.06,0.3
host_group,Algae,sub_ecosystem,Landfill,1,0.01,0.04
host_group,Algae,sub_ecosystem,Plants,5432,46.04,4.76
host_group,Algae,sub_ecosystem,Psychrophilic Low Temperature,19,0.16,0.03
host_group,Algae,sub_ecosystem,Subsurface And Geologic,59,0.5,0.28
host_group,Algae,sub_ecosystem,Thermophilic High Temperature,467,3.96,2.39
host_group,Algae,sub_ecosystem,Wastewater Treatment,2,0.02,0.03
host_group,Animals,sub_ecosystem,Animals,157,0.39,3.67
host_group,Animals,sub_ecosystem,Aquatic Freshwater,11137,27.95,7.19
host_group,Animals,sub_ecosystem,Aquatic Marine,8839,22.18,8.08
host_group,Animals,sub_ecosystem,Aquatic Special,24,0.06,1.32
host_group,Animals,sub_ecosystem,Bioreactors,826,2.07,9.12
host_group,Animals,sub_ecosystem,Built Environment,5,0.01,0.31
host_group,Animals,sub_ecosystem,Chemical Remediation Targets,99,0.25,2.0
host_group,Animals,sub_ecosystem,Cleanrooms,12,0.03,33.33
host_group,Animals,sub_ecosystem,Controlled Environment,39,0.1,3.32
host_group,Animals,sub_ecosystem,Food Production,5,0.01,2.07
host_group,Animals,sub_ecosystem,Fungi And Algae,19,0.05,2.85
host_group,Animals,sub_ecosystem,Human,3308,8.3,5.33
host_group,Animals,sub_ecosystem,Hydrocarbon Contamination Oil,6,0.02,5.71
host_group,Animals,sub_ecosystem,Industrial Hydrocarbon Processing,3,0.01,3.7
host_group,Animals,sub_ecosystem,Industrial Processing,1,0.0,0.51
host_group,Animals,sub_ecosystem,Industrial Wastewater,29,0.07,1.23
host_group,Animals,sub_ecosystem,Landfill,43,0.11,1.59
host_group,Animals,sub_ecosystem,Modeled,1,0.0,0.85
host_group,Animals,sub_ecosystem,Plants,8421,21.13,7.38
host_group,Animals,sub_ecosystem,Psychrophilic Low Temperature,3491,8.76,5.51
host_group,Animals,sub_ecosystem,Solid Waste Management,7,0.02,1.81
host_group,Animals,sub_ecosystem,Subsurface And Geologic,465,1.17,2.2
host_group,Animals,sub_ecosystem,Tailings Pond,4,0.01,3.2
host_group,Animals,sub_ecosystem,Terrestrial Soil,172,0.43,5.61
host_group,Animals,sub_ecosystem,Terrestrial Vegetation,2,0.01,2.9
host_group,Animals,sub_ecosystem,Thermophilic High Temperature,2374,5.96,12.14
host_group,Animals,sub_ecosystem,Unknown Mixed,2,0.01,0.64
host_group,Animals,sub_ecosystem,Wastewater Treatment,355,0.89,4.53
host_group,Archaea,sub_ecosystem,Aquatic Marine,7,41.18,0.01
host_group,Archaea,sub_ecosystem,Bioreactors,1,5.88,0.01
host_group,Archaea,sub_ecosystem,Thermophilic High Temperature,9,52.94,0.05
host_group,Bacteria,sub_ecosystem,Animals,3612,0.82,84.45
host_group,Bacteria,sub_ecosystem,Aquatic Freshwater,94233,21.34,60.8
host_group,Bacteria,sub_ecosystem,Aquatic Marine,70251,15.91,64.18
host_group,Bacteria,sub_ecosystem,Aquatic Special,1708,0.39,93.79
host_group,Bacteria,sub_ecosystem,Atmospheric,43,0.01,87.76
host_group,Bacteria,sub_ecosystem,Bioreactors,7721,1.75,85.27
host_group,Bacteria,sub_ecosystem,Built Environment,1345,0.3,83.13
host_group,Bacteria,sub_ecosystem,Chemical Remediation Targets,4750,1.08,95.77
host_group,Bacteria,sub_ecosystem,Cleanrooms,23,0.01,63.89
host_group,Bacteria,sub_ecosystem,Controlled Environment,1045,0.24,88.86
host_group,Bacteria,sub_ecosystem,Food Production,231,0.05,95.45
host_group,Bacteria,sub_ecosystem,Fungi And Algae,604,0.14,90.55
host_group,Bacteria,sub_ecosystem,Halophilic And Alkaliphilic,79,0.02,97.53
host_group,Bacteria,sub_ecosystem,Human,55069,12.47,88.67
host_group,Bacteria,sub_ecosystem,Hydrocarbon Contamination Oil,97,0.02,92.38
host_group,Bacteria,sub_ecosystem,Industrial Hydrocarbon Processing,75,0.02,92.59
host_group,Bacteria,sub_ecosystem,Industrial Processing,137,0.03,70.26
host_group,Bacteria,sub_ecosystem,Industrial Wastewater,2261,0.51,95.81
host_group,Bacteria,sub_ecosystem,Lab Enrichment,111,0.03,88.1
host_group,Bacteria,sub_ecosystem,Landfill,2616,0.59,96.46
host_group,Bacteria,sub_ecosystem,Microbial Hosts,69,0.02,88.46
host_group,Bacteria,sub_ecosystem,Modeled,109,0.02,93.16
host_group,Bacteria,sub_ecosystem,Plants,96431,21.84,84.48
host_group,Bacteria,sub_ecosystem,Psychrophilic Low Temperature,53872,12.2,84.96
host_group,Bacteria,sub_ecosystem,Solid Waste Management,369,0.08,95.35
host_group,Bacteria,sub_ecosystem,Subsurface And Geologic,19513,4.42,92.23
host_group,Bacteria,sub_ecosystem,Tailings Pond,115,0.03,92.0
host_group,Bacteria,sub_ecosystem,Terrestrial Soil,2159,0.49,70.44
host_group,Bacteria,sub_ecosystem,Terrestrial Vegetation,65,0.01,94.2
host_group,Bacteria,sub_ecosystem,Thermophilic High Temperature,15455,3.5,79.03
host_group,Bacteria,sub_ecosystem,Unknown Mixed,295,0.07,94.55
host_group,Bacteria,sub_ecosystem,Wastewater Treatment,7127,1.61,90.87
host_group,Fungi,sub_ecosystem,Aquatic Freshwater,37,38.14,0.02
host_group,Fungi,sub_ecosystem,Aquatic Marine,2,2.06,0.0
host_group,Fungi,sub_ecosystem,Plants,17,17.53,0.01
host_group,Fungi,sub_ecosystem,Psychrophilic Low Temperature,27,27.84,0.04
host_group,Fungi,sub_ecosystem,Solid Waste Management,2,2.06,0.52
host_group,Fungi,sub_ecosystem,Subsurface And Geologic,6,6.19,0.03
host_group,Fungi,sub_ecosystem,Terrestrial Soil,6,6.19,0.2
host_group,OtherProtists,sub_ecosystem,Animals,2,0.05,0.05
host_group,OtherProtists,sub_ecosystem,Aquatic Freshwater,1824,43.45,1.18
host_group,OtherProtists,sub_ecosystem,Aquatic Marine,529,12.6,0.48
host_group,OtherProtists,sub_ecosystem,Aquatic Special,19,0.45,1.04
host_group,OtherProtists,sub_ecosystem,Bioreactors,13,0.31,0.14
host_group,OtherProtists,sub_ecosystem,Chemical Remediation Targets,39,0.93,0.79
host_group,OtherProtists,sub_ecosystem,Fungi And Algae,2,0.05,0.3
host_group,OtherProtists,sub_ecosystem,Human,241,5.74,0.39
host_group,OtherProtists,sub_ecosystem,Industrial Wastewater,7,0.17,0.3
host_group,OtherProtists,sub_ecosystem,Landfill,11,0.26,0.41
host_group,OtherProtists,sub_ecosystem,Plants,1147,27.32,1.0
host_group,OtherProtists,sub_ecosystem,Psychrophilic Low Temperature,125,2.98,0.2
host_group,OtherProtists,sub_ecosystem,Subsurface And Geologic,102,2.43,0.48
host_group,OtherProtists,sub_ecosystem,Terrestrial Soil,17,0.4,0.55
host_group,OtherProtists,sub_ecosystem,Terrestrial Vegetation,2,0.05,2.9
host_group,OtherProtists,sub_ecosystem,Thermophilic High Temperature,95,2.26,0.49
host_group,OtherProtists,sub_ecosystem,Wastewater Treatment,23,0.55,0.29
host_group,Plants,sub_ecosystem,Animals,3,0.06,0.07
host_group,Plants,sub_ecosystem,Aquatic Freshwater,2559,47.85,1.65
host_group,Plants,sub_ecosystem,Aquatic Marine,546,10.21,0.5
host_group,Plants,sub_ecosystem,Aquatic Special,1,0.02,0.05
host_group,Plants,sub_ecosystem,Bioreactors,125,2.34,1.38
host_group,Plants,sub_ecosystem,Chemical Remediation Targets,2,0.04,0.04
host_group,Plants,sub_ecosystem,Food Production,1,0.02,0.41
host_group,Plants,sub_ecosystem,Fungi And Algae,1,0.02,0.15
host_group,Plants,sub_ecosystem,Human,214,4.0,0.34
host_group,Plants,sub_ecosystem,Plants,497,9.29,0.44
host_group,Plants,sub_ecosystem,Psychrophilic Low Temperature,1029,19.24,1.62
host_group,Plants,sub_ecosystem,Subsurface And Geologic,23,0.43,0.11
host_group,Plants,sub_ecosystem,Terrestrial Soil,90,1.68,2.94
host_group,Plants,sub_ecosystem,Thermophilic High Temperature,201,3.76,1.03
host_group,Plants,sub_ecosystem,Wastewater Treatment,56,1.05,0.71
Phylum,Commensaviricota,main_ecosystem,Engineered Systems,2,1.83,0.01
Phylum,Commensaviricota,main_ecosystem,General Environmental,27,24.77,0.01
Phylum,Commensaviricota,main_ecosystem,Host Associated,78,71.56,0.04
Phylum,Commensaviricota,main_ecosystem,Contaminated and Industrial Environments,2,1.83,0.02
Phylum,Cossaviricota,main_ecosystem,Engineered Systems,61,6.47,0.3
Phylum,Cossaviricota,main_ecosystem,Extreme Environments,71,7.53,0.07
Phylum,Cossaviricota,main_ecosystem,General Environmental,230,24.39,0.08
Phylum,Cossaviricota,main_ecosystem,Host Associated,570,60.45,0.31
Phylum,Cossaviricota,main_ecosystem,Contaminated and Industrial Environments,11,1.17,0.11
Phylum,Cressdnaviricota,main_ecosystem,Engineered Systems,151,0.99,0.75
Phylum,Cressdnaviricota,main_ecosystem,Extreme Environments,761,5.01,0.74
Phylum,Cressdnaviricota,main_ecosystem,General Environmental,10582,69.73,3.8
Phylum,Cressdnaviricota,main_ecosystem,Host Associated,3615,23.82,1.96
Phylum,Cressdnaviricota,main_ecosystem,Contaminated and Industrial Environments,67,0.44,0.65
Phylum,Duplornaviricota,main_ecosystem,Engineered Systems,40,1.4,0.2
Phylum,Duplornaviricota,main_ecosystem,Extreme Environments,414,14.45,0.4
Phylum,Duplornaviricota,main_ecosystem,General Environmental,690,24.08,0.25
Phylum,Duplornaviricota,main_ecosystem,Host Associated,1687,58.88,0.92
Phylum,Duplornaviricota,main_ecosystem,Mixed And Lab,1,0.03,0.18
Phylum,Duplornaviricota,main_ecosystem,Contaminated and Industrial Environments,33,1.15,0.32
Phylum,Hofneiviricota,main_ecosystem,Engineered Systems,234,11.71,1.15
Phylum,Hofneiviricota,main_ecosystem,Extreme Environments,304,15.21,0.3
Phylum,Hofneiviricota,main_ecosystem,General Environmental,726,36.32,0.26
Phylum,Hofneiviricota,main_ecosystem,Host Associated,681,34.07,0.37
Phylum,Hofneiviricota,main_ecosystem,Mixed And Lab,7,0.35,1.26
Phylum,Hofneiviricota,main_ecosystem,Contaminated and Industrial Environments,47,2.35,0.45
Phylum,Kitrinoviricota,main_ecosystem,Engineered Systems,389,5.47,1.92
Phylum,Kitrinoviricota,main_ecosystem,Extreme Environments,2388,33.6,2.32
Phylum,Kitrinoviricota,main_ecosystem,General Environmental,3930,55.3,1.41
Phylum,Kitrinoviricota,main_ecosystem,Host Associated,400,5.63,0.22
Phylum,Lenarviricota,main_ecosystem,Engineered Systems,2031,12.25,10.02
Phylum,Lenarviricota,main_ecosystem,Extreme Environments,9010,54.33,8.77
Phylum,Lenarviricota,main_ecosystem,General Environmental,3892,23.47,1.4
Phylum,Lenarviricota,main_ecosystem,Host Associated,1652,9.96,0.9
Phylum,Nucleocytoviricota,main_ecosystem,Engineered Systems,105,0.36,0.52
Phylum,Nucleocytoviricota,main_ecosystem,Extreme Environments,1715,5.92,1.67
Phylum,Nucleocytoviricota,main_ecosystem,General Environmental,19122,65.99,6.86
Phylum,Nucleocytoviricota,main_ecosystem,Host Associated,7840,27.06,4.26
Phylum,Nucleocytoviricota,main_ecosystem,Mixed And Lab,2,0.01,0.36
Phylum,Nucleocytoviricota,main_ecosystem,Contaminated and Industrial Environments,191,0.66,1.84
Phylum,Peploviricota,main_ecosystem,Extreme Environments,1,0.45,0.0
Phylum,Peploviricota,main_ecosystem,Host Associated,218,97.76,0.12
Phylum,Peploviricota,main_ecosystem,Contaminated and Industrial Environments,4,1.79,0.04
Phylum,Phixviricota,main_ecosystem,Engineered Systems,381,1.83,1.88
Phylum,Phixviricota,main_ecosystem,Extreme Environments,300,1.44,0.29
Phylum,Phixviricota,main_ecosystem,General Environmental,11837,56.96,4.25
Phylum,Phixviricota,main_ecosystem,Host Associated,8231,39.61,4.47
Phylum,Phixviricota,main_ecosystem,Mixed And Lab,6,0.03,1.08
Phylum,Phixviricota,main_ecosystem,Contaminated and Industrial Environments,27,0.13,0.26
Phylum,Pisuviricota,main_ecosystem,Engineered Systems,587,10.29,2.9
Phylum,Pisuviricota,main_ecosystem,Extreme Environments,1821,31.94,1.77
Phylum,Pisuviricota,main_ecosystem,General Environmental,2947,51.68,1.06
Phylum,Pisuviricota,main_ecosystem,Host Associated,346,6.07,0.19
Phylum,Pisuviricota,main_ecosystem,Contaminated and Industrial Environments,1,0.02,0.01
Phylum,Preplasmiviricota,main_ecosystem,Engineered Systems,37,0.25,0.18
Phylum,Preplasmiviricota,main_ecosystem,Extreme Environments,624,4.23,0.61
Phylum,Preplasmiviricota,main_ecosystem,General Environmental,5936,40.2,2.13
Phylum,Preplasmiviricota,main_ecosystem,Host Associated,8116,54.96,4.41
Phylum,Preplasmiviricota,main_ecosystem,Mixed And Lab,1,0.01,0.18
Phylum,Preplasmiviricota,main_ecosystem,Contaminated and Industrial Environments,54,0.37,0.52
Phylum,Taleaviricota,main_ecosystem,Extreme Environments,2,100.0,0.0
Phylum,Unclassified_Unknown,main_ecosystem,Engineered Systems,2,0.66,0.01
Phylum,Unclassified_Unknown,main_ecosystem,Extreme Environments,11,3.65,0.01
Phylum,Unclassified_Unknown,main_ecosystem,General Environmental,130,43.19,0.05
Phylum,Unclassified_Unknown,main_ecosystem,Host Associated,155,51.5,0.08
Phylum,Unclassified_Unknown,main_ecosystem,Contaminated and Industrial Environments,3,1.0,0.03
Phylum,Uroviricota,main_ecosystem,Engineered Systems,15170,3.81,74.86
Phylum,Uroviricota,main_ecosystem,Extreme Environments,78514,19.74,76.43
Phylum,Uroviricota,main_ecosystem,General Environmental,149071,37.49,53.52
Phylum,Uroviricota,main_ecosystem,Host Associated,144648,36.37,78.51
Phylum,Uroviricota,main_ecosystem,Mixed And Lab,502,0.13,90.29
Phylum,Uroviricota,main_ecosystem,Contaminated and Industrial Environments,9775,2.46,94.4
Phylum,Commensaviricota,sub_ecosystem,Aquatic Freshwater,9,8.26,0.01
Phylum,Commensaviricota,sub_ecosystem,Aquatic Marine,18,16.51,0.02
Phylum,Commensaviricota,sub_ecosystem,Bioreactors,1,0.92,0.01
Phylum,Commensaviricota,sub_ecosystem,Human,74,67.89,0.12
Phylum,Commensaviricota,sub_ecosystem,Industrial Wastewater,2,1.83,0.09
Phylum,Commensaviricota,sub_ecosystem,Plants,4,3.67,0.0
Phylum,Commensaviricota,sub_ecosystem,Wastewater Treatment,1,0.92,0.01
Phylum,Cossaviricota,sub_ecosystem,Animals,12,1.27,0.29
Phylum,Cossaviricota,sub_ecosystem,Aquatic Freshwater,82,8.7,0.05
Phylum,Cossaviricota,sub_ecosystem,Aquatic Marine,142,15.06,0.13
Phylum,Cossaviricota,sub_ecosystem,Bioreactors,39,4.14,0.43
Phylum,Cossaviricota,sub_ecosystem,Chemical Remediation Targets,1,0.11,0.02
Phylum,Cossaviricota,sub_ecosystem,Food Production,4,0.42,1.71
Phylum,Cossaviricota,sub_ecosystem,Fungi And Algae,1,0.11,0.15
Phylum,Cossaviricota,sub_ecosystem,Human,348,36.9,0.57
Phylum,Cossaviricota,sub_ecosystem,Industrial Hydrocarbon Processing,1,0.11,1.25
Phylum,Cossaviricota,sub_ecosystem,Industrial Processing,1,0.11,0.51
Phylum,Cossaviricota,sub_ecosystem,Industrial Wastewater,4,0.42,0.17
Phylum,Cossaviricota,sub_ecosystem,Landfill,5,0.53,0.18
Phylum,Cossaviricota,sub_ecosystem,Plants,209,22.16,0.18
Phylum,Cossaviricota,sub_ecosystem,Psychrophilic Low Temperature,45,4.77,0.07
Phylum,Cossaviricota,sub_ecosystem,Subsurface And Geologic,5,0.53,0.02
Phylum,Cossaviricota,sub_ecosystem,Terrestrial Soil,6,0.64,0.2
Phylum,Cossaviricota,sub_ecosystem,Thermophilic High Temperature,21,2.23,0.11
Phylum,Cossaviricota,sub_ecosystem,Wastewater Treatment,17,1.8,0.22
Phylum,Cressdnaviricota,sub_ecosystem,Animals,32,0.21,0.76
Phylum,Cressdnaviricota,sub_ecosystem,Aquatic Freshwater,8855,58.35,5.43
Phylum,Cressdnaviricota,sub_ecosystem,Aquatic Marine,1672,11.02,1.51
Phylum,Cressdnaviricota,sub_ecosystem,Aquatic Special,16,0.11,0.88
Phylum,Cressdnaviricota,sub_ecosystem,Atmospheric,1,0.01,2.0
Phylum,Cressdnaviricota,sub_ecosystem,Bioreactors,94,0.62,1.04
Phylum,Cressdnaviricota,sub_ecosystem,Chemical Remediation Targets,24,0.16,0.48
Phylum,Cressdnaviricota,sub_ecosystem,Cleanrooms,42,0.28,68.85
Phylum,Cressdnaviricota,sub_ecosystem,Food Production,2,0.01,0.85
Phylum,Cressdnaviricota,sub_ecosystem,Fungi And Algae,3,0.02,0.44
Phylum,Cressdnaviricota,sub_ecosystem,Human,1211,7.98,1.98
Phylum,Cressdnaviricota,sub_ecosystem,Landfill,1,0.01,0.04
Phylum,Cressdnaviricota,sub_ecosystem,Plants,2369,15.61,2.01
Phylum,Cressdnaviricota,sub_ecosystem,Psychrophilic Low Temperature,315,2.08,0.5
Phylum,Cressdnaviricota,sub_ecosystem,Subsurface And Geologic,114,0.75,0.54
Phylum,Cressdnaviricota,sub_ecosystem,Terrestrial Soil,38,0.25,1.27
Phylum,Cressdnaviricota,sub_ecosystem,Thermophilic High Temperature,332,2.19,1.72
Phylum,Cressdnaviricota,sub_ecosystem,Wastewater Treatment,55,0.36,0.72
Phylum,Duplornaviricota,sub_ecosystem,Animals,2,0.07,0.05
Phylum,Duplornaviricota,sub_ecosystem,Aquatic Freshwater,295,10.3,0.18
Phylum,Duplornaviricota,sub_ecosystem,Aquatic Marine,381,13.3,0.34
Phylum,Duplornaviricota,sub_ecosystem,Aquatic Special,3,0.1,0.16
Phylum,Duplornaviricota,sub_ecosystem,Bioreactors,17,0.59,0.19
Phylum,Duplornaviricota,sub_ecosystem,Built Environment,1,0.03,0.06
Phylum,Duplornaviricota,sub_ecosystem,Chemical Remediation Targets,18,0.63,0.36
Phylum,Duplornaviricota,sub_ecosystem,Human,212,7.4,0.35
Phylum,Duplornaviricota,sub_ecosystem,Hydrocarbon Contamination Oil,3,0.1,2.86
Phylum,Duplornaviricota,sub_ecosystem,Industrial Wastewater,1,0.03,0.04
Phylum,Duplornaviricota,sub_ecosystem,Landfill,11,0.38,0.41
Phylum,Duplornaviricota,sub_ecosystem,Plants,1473,51.41,1.25
Phylum,Duplornaviricota,sub_ecosystem,Psychrophilic Low Temperature,203,7.09,0.33
Phylum,Duplornaviricota,sub_ecosystem,Solid Waste Management,3,0.1,0.78
Phylum,Duplornaviricota,sub_ecosystem,Subsurface And Geologic,58,2.02,0.28
Phylum,Duplornaviricota,sub_ecosystem,Terrestrial Soil,11,0.38,0.37
Phylum,Duplornaviricota,sub_ecosystem,Thermophilic High Temperature,153,5.34,0.79
Phylum,Duplornaviricota,sub_ecosystem,Unknown Mixed,1,0.03,0.32
Phylum,Duplornaviricota,sub_ecosystem,Wastewater Treatment,19,0.66,0.25
Phylum,Hofneiviricota,sub_ecosystem,Animals,75,3.75,1.79
Phylum,Hofneiviricota,sub_ecosystem,Aquatic Freshwater,398,19.91,0.24
Phylum,Hofneiviricota,sub_ecosystem,Aquatic Marine,293,14.66,0.26
Phylum,Hofneiviricota,sub_ecosystem,Aquatic Special,14,0.7,0.77
Phylum,Hofneiviricota,sub_ecosystem,Bioreactors,43,2.15,0.48
Phylum,Hofneiviricota,sub_ecosystem,Built Environment,146,7.3,9.01
Phylum,Hofneiviricota,sub_ecosystem,Chemical Remediation Targets,10,0.5,0.2
Phylum,Hofneiviricota,sub_ecosystem,Cleanrooms,3,0.15,4.92
Phylum,Hofneiviricota,sub_ecosystem,Fungi And Algae,16,0.8,2.37
Phylum,Hofneiviricota,sub_ecosystem,Halophilic And Alkaliphilic,13,0.65,15.48
Phylum,Hofneiviricota,sub_ecosystem,Human,438,21.91,0.72
Phylum,Hofneiviricota,sub_ecosystem,Industrial Hydrocarbon Processing,2,0.1,2.5
Phylum,Hofneiviricota,sub_ecosystem,Industrial Processing,4,0.2,2.05
Phylum,Hofneiviricota,sub_ecosystem,Industrial Wastewater,24,1.2,1.04
Phylum,Hofneiviricota,sub_ecosystem,Lab Enrichment,2,0.1,1.56
Phylum,Hofneiviricota,sub_ecosystem,Landfill,6,0.3,0.22
Phylum,Hofneiviricota,sub_ecosystem,Microbial Hosts,2,0.1,2.56
Phylum,Hofneiviricota,sub_ecosystem,Modeled,2,0.1,1.72
Phylum,Hofneiviricota,sub_ecosystem,Plants,150,7.5,0.13
Phylum,Hofneiviricota,sub_ecosystem,Psychrophilic Low Temperature,136,6.8,0.22
Phylum,Hofneiviricota,sub_ecosystem,Solid Waste Management,5,0.25,1.3
Phylum,Hofneiviricota,sub_ecosystem,Subsurface And Geologic,129,6.45,0.62
Phylum,Hofneiviricota,sub_ecosystem,Tailings Pond,2,0.1,1.65
Phylum,Hofneiviricota,sub_ecosystem,Terrestrial Soil,20,1.0,0.67
Phylum,Hofneiviricota,sub_ecosystem,Terrestrial Vegetation,1,0.05,1.41
Phylum,Hofneiviricota,sub_ecosystem,Thermophilic High Temperature,26,1.3,0.13
Phylum,Hofneiviricota,sub_ecosystem,Unknown Mixed,3,0.15,0.96
Phylum,Hofneiviricota,sub_ecosystem,Wastewater Treatment,36,1.8,0.47
Phylum,Kitrinoviricota,sub_ecosystem,Animals,7,0.1,0.17
Phylum,Kitrinoviricota,sub_ecosystem,Aquatic Freshwater,2229,31.36,1.37
Phylum,Kitrinoviricota,sub_ecosystem,Aquatic Marine,1631,22.95,1.47
Phylum,Kitrinoviricota,sub_ecosystem,Aquatic Special,1,0.01,0.05
Phylum,Kitrinoviricota,sub_ecosystem,Bioreactors,273,3.84,3.02
Phylum,Kitrinoviricota,sub_ecosystem,Controlled Environment,9,0.13,0.81
Phylum,Kitrinoviricota,sub_ecosystem,Human,48,0.68,0.08
Phylum,Kitrinoviricota,sub_ecosystem,Plants,345,4.85,0.29
Phylum,Kitrinoviricota,sub_ecosystem,Psychrophilic Low Temperature,1890,26.59,3.03
Phylum,Kitrinoviricota,sub_ecosystem,Subsurface And Geologic,12,0.17,0.06
Phylum,Kitrinoviricota,sub_ecosystem,Terrestrial Soil,69,0.97,2.31
Phylum,Kitrinoviricota,sub_ecosystem,Thermophilic High Temperature,486,6.84,2.52
Phylum,Kitrinoviricota,sub_ecosystem,Wastewater Treatment,107,1.51,1.39
Phylum,Lenarviricota,sub_ecosystem,Aquatic Freshwater,2178,13.13,1.34
Phylum,Lenarviricota,sub_ecosystem,Aquatic Marine,1406,8.48,1.27
Phylum,Lenarviricota,sub_ecosystem,Bioreactors,1722,10.38,19.04
Phylum,Lenarviricota,sub_ecosystem,Human,63,0.38,0.1
Phylum,Lenarviricota,sub_ecosystem,Plants,1589,9.58,1.35
Phylum,Lenarviricota,sub_ecosystem,Psychrophilic Low Temperature,8848,53.35,14.17
Phylum,Lenarviricota,sub_ecosystem,Subsurface And Geologic,63,0.38,0.3
Phylum,Lenarviricota,sub_ecosystem,Terrestrial Soil,308,1.86,10.33
Phylum,Lenarviricota,sub_ecosystem,Thermophilic High Temperature,99,0.6,0.51
Phylum,Lenarviricota,sub_ecosystem,Wastewater Treatment,309,1.86,4.03
Phylum,Nucleocytoviricota,sub_ecosystem,Animals,6,0.02,0.14
Phylum,Nucleocytoviricota,sub_ecosystem,Aquatic Freshwater,13299,45.9,8.16
Phylum,Nucleocytoviricota,sub_ecosystem,Aquatic Marine,5762,19.89,5.21
Phylum,Nucleocytoviricota,sub_ecosystem,Aquatic Special,27,0.09,1.48
Phylum,Nucleocytoviricota,sub_ecosystem,Bioreactors,39,0.13,0.43
Phylum,Nucleocytoviricota,sub_ecosystem,Built Environment,4,0.01,0.25
Phylum,Nucleocytoviricota,sub_ecosystem,Chemical Remediation Targets,146,0.5,2.94
Phylum,Nucleocytoviricota,sub_ecosystem,Controlled Environment,5,0.02,0.45
Phylum,Nucleocytoviricota,sub_ecosystem,Fungi And Algae,27,0.09,3.99
Phylum,Nucleocytoviricota,sub_ecosystem,Human,588,2.03,0.96
Phylum,Nucleocytoviricota,sub_ecosystem,Hydrocarbon Contamination Oil,2,0.01,1.9
Phylum,Nucleocytoviricota,sub_ecosystem,Industrial Wastewater,24,0.08,1.04
Phylum,Nucleocytoviricota,sub_ecosystem,Lab Enrichment,1,0.0,0.78
Phylum,Nucleocytoviricota,sub_ecosystem,Landfill,18,0.06,0.67
Phylum,Nucleocytoviricota,sub_ecosystem,Microbial Hosts,1,0.0,1.28
Phylum,Nucleocytoviricota,sub_ecosystem,Plants,7218,24.91,6.11
Phylum,Nucleocytoviricota,sub_ecosystem,Psychrophilic Low Temperature,300,1.04,0.48
Phylum,Nucleocytoviricota,sub_ecosystem,Solid Waste Management,2,0.01,0.52
Phylum,Nucleocytoviricota,sub_ecosystem,Subsurface And Geologic,435,1.5,2.08
Phylum,Nucleocytoviricota,sub_ecosystem,Tailings Pond,1,0.0,0.83
Phylum,Nucleocytoviricota,sub_ecosystem,Terrestrial Soil,31,0.11,1.04
Phylum,Nucleocytoviricota,sub_ecosystem,Terrestrial Vegetation,3,0.01,4.23
Phylum,Nucleocytoviricota,sub_ecosystem,Thermophilic High Temperature,980,3.38,5.08
Phylum,Nucleocytoviricota,sub_ecosystem,Unknown Mixed,1,0.0,0.32
Phylum,Nucleocytoviricota,sub_ecosystem,Wastewater Treatment,55,0.19,0.72
Phylum,Peploviricota,sub_ecosystem,Animals,1,0.45,0.02
Phylum,Peploviricota,sub_ecosystem,Chemical Remediation Targets,4,1.79,0.08
Phylum,Peploviricota,sub_ecosystem,Human,23,10.31,0.04
Phylum,Peploviricota,sub_ecosystem,Plants,194,87.0,0.16
Phylum,Peploviricota,sub_ecosystem,Thermophilic High Temperature,1,0.45,0.01
Phylum,Phixviricota,sub_ecosystem,Animals,120,0.58,2.86
Phylum,Phixviricota,sub_ecosystem,Aquatic Freshwater,7016,33.76,4.3
Phylum,Phixviricota,sub_ecosystem,Aquatic Marine,4608,22.17,4.17
Phylum,Phixviricota,sub_ecosystem,Aquatic Special,198,0.95,10.86
Phylum,Phixviricota,sub_ecosystem,Atmospheric,1,0.0,2.0
Phylum,Phixviricota,sub_ecosystem,Bioreactors,200,0.96,2.21
Phylum,Phixviricota,sub_ecosystem,Built Environment,3,0.01,0.19
Phylum,Phixviricota,sub_ecosystem,Chemical Remediation Targets,5,0.02,0.1
Phylum,Phixviricota,sub_ecosystem,Cleanrooms,1,0.0,1.64
Phylum,Phixviricota,sub_ecosystem,Fungi And Algae,14,0.07,2.07
Phylum,Phixviricota,sub_ecosystem,Human,7029,33.82,11.49
Phylum,Phixviricota,sub_ecosystem,Hydrocarbon Contamination Oil,1,0.0,0.95
Phylum,Phixviricota,sub_ecosystem,Industrial Hydrocarbon Processing,1,0.0,1.25
Phylum,Phixviricota,sub_ecosystem,Industrial Processing,2,0.01,1.03
Phylum,Phixviricota,sub_ecosystem,Industrial Wastewater,17,0.08,0.73
Phylum,Phixviricota,sub_ecosystem,Landfill,2,0.01,0.07
Phylum,Phixviricota,sub_ecosystem,Modeled,2,0.01,1.72
Phylum,Phixviricota,sub_ecosystem,Plants,1068,5.14,0.9
Phylum,Phixviricota,sub_ecosystem,Psychrophilic Low Temperature,139,0.67,0.22
Phylum,Phixviricota,sub_ecosystem,Subsurface And Geologic,80,0.38,0.38
Phylum,Phixviricota,sub_ecosystem,Terrestrial Soil,14,0.07,0.47
Phylum,Phixviricota,sub_ecosystem,Thermophilic High Temperature,81,0.39,0.42
Phylum,Phixviricota,sub_ecosystem,Unknown Mixed,4,0.02,1.28
Phylum,Phixviricota,sub_ecosystem,Wastewater Treatment,176,0.85,2.29
Phylum,Pisuviricota,sub_ecosystem,Animals,3,0.05,0.07
Phylum,Pisuviricota,sub_ecosystem,Aquatic Freshwater,1565,27.45,0.96
Phylum,Pisuviricota,sub_ecosystem,Aquatic Marine,1340,23.5,1.21
Phylum,Pisuviricota,sub_ecosystem,Aquatic Special,2,0.04,0.11
Phylum,Pisuviricota,sub_ecosystem,Bioreactors,513,9.0,5.67
Phylum,Pisuviricota,sub_ecosystem,Controlled Environment,4,0.07,0.36
Phylum,Pisuviricota,sub_ecosystem,Human,59,1.03,0.1
Phylum,Pisuviricota,sub_ecosystem,Industrial Wastewater,1,0.02,0.04
Phylum,Pisuviricota,sub_ecosystem,Plants,284,4.98,0.24
Phylum,Pisuviricota,sub_ecosystem,Psychrophilic Low Temperature,1166,20.45,1.87
Phylum,Pisuviricota,sub_ecosystem,Solid Waste Management,2,0.04,0.52
Phylum,Pisuviricota,sub_ecosystem,Subsurface And Geologic,12,0.21,0.06
Phylum,Pisuviricota,sub_ecosystem,Terrestrial Soil,40,0.7,1.34
Phylum,Pisuviricota,sub_ecosystem,Thermophilic High Temperature,643,11.28,3.33
Phylum,Pisuviricota,sub_ecosystem,Wastewater Treatment,68,1.19,0.89
Phylum,Preplasmiviricota,sub_ecosystem,Animals,7,0.05,0.17
Phylum,Preplasmiviricota,sub_ecosystem,Aquatic Freshwater,2973,20.13,1.82
Phylum,Preplasmiviricota,sub_ecosystem,Aquatic Marine,2921,19.78,2.64
Phylum,Preplasmiviricota,sub_ecosystem,Aquatic Special,6,0.04,0.33
Phylum,Preplasmiviricota,sub_ecosystem,Bioreactors,2,0.01,0.02
Phylum,Preplasmiviricota,sub_ecosystem,Built Environment,2,0.01,0.12
Phylum,Preplasmiviricota,sub_ecosystem,Chemical Remediation Targets,45,0.3,0.91
Phylum,Preplasmiviricota,sub_ecosystem,Controlled Environment,6,0.04,0.54
Phylum,Preplasmiviricota,sub_ecosystem,Fungi And Algae,4,0.03,0.59
Phylum,Preplasmiviricota,sub_ecosystem,Human,77,0.52,0.13
Phylum,Preplasmiviricota,sub_ecosystem,Hydrocarbon Contamination Oil,3,0.02,2.86
Phylum,Preplasmiviricota,sub_ecosystem,Industrial Processing,7,0.05,3.59
Phylum,Preplasmiviricota,sub_ecosystem,Industrial Wastewater,3,0.02,0.13
Phylum,Preplasmiviricota,sub_ecosystem,Landfill,3,0.02,0.11
Phylum,Preplasmiviricota,sub_ecosystem,Plants,8028,54.36,6.8
Phylum,Preplasmiviricota,sub_ecosystem,Psychrophilic Low Temperature,302,2.04,0.48
Phylum,Preplasmiviricota,sub_ecosystem,Solid Waste Management,1,0.01,0.26
Phylum,Preplasmiviricota,sub_ecosystem,Subsurface And Geologic,77,0.52,0.37
Phylum,Preplasmiviricota,sub_ecosystem,Terrestrial Soil,33,0.22,1.11
Phylum,Preplasmiviricota,sub_ecosystem,Terrestrial Vegetation,3,0.02,4.23
Phylum,Preplasmiviricota,sub_ecosystem,Thermophilic High Temperature,245,1.66,1.27
Phylum,Preplasmiviricota,sub_ecosystem,Unknown Mixed,1,0.01,0.32
Phylum,Preplasmiviricota,sub_ecosystem,Wastewater Treatment,19,0.13,0.25
Phylum,Taleaviricota,sub_ecosystem,Thermophilic High Temperature,2,100.0,0.01
Phylum,Unclassified_Unknown,sub_ecosystem,Animals,6,1.99,0.14
Phylum,Unclassified_Unknown,sub_ecosystem,Aquatic Freshwater,84,27.91,0.05
Phylum,Unclassified_Unknown,sub_ecosystem,Aquatic Marine,46,15.28,0.04
Phylum,Unclassified_Unknown,sub_ecosystem,Bioreactors,1,0.33,0.01
Phylum,Unclassified_Unknown,sub_ecosystem,Chemical Remediation Targets,3,1.0,0.06
Phylum,Unclassified_Unknown,sub_ecosystem,Human,47,15.61,0.08
Phylum,Unclassified_Unknown,sub_ecosystem,Plants,102,33.89,0.09
Phylum,Unclassified_Unknown,sub_ecosystem,Psychrophilic Low Temperature,9,2.99,0.01
Phylum,Unclassified_Unknown,sub_ecosystem,Subsurface And Geologic,2,0.66,0.01
Phylum,Unclassified_Unknown,sub_ecosystem,Wastewater Treatment,1,0.33,0.01
Phylum,Uroviricota,sub_ecosystem,Animals,3419,0.86,81.56
Phylum,Uroviricota,sub_ecosystem,Aquatic Freshwater,82042,20.63,50.33
Phylum,Uroviricota,sub_ecosystem,Aquatic Marine,63646,16.0,57.54
Phylum,Uroviricota,sub_ecosystem,Aquatic Special,1487,0.37,81.57
Phylum,Uroviricota,sub_ecosystem,Atmospheric,42,0.01,84.0
Phylum,Uroviricota,sub_ecosystem,Bioreactors,5733,1.44,63.4
Phylum,Uroviricota,sub_ecosystem,Built Environment,1197,0.3,73.84
Phylum,Uroviricota,sub_ecosystem,Chemical Remediation Targets,4678,1.18,94.18
Phylum,Uroviricota,sub_ecosystem,Cleanrooms,14,0.0,22.95
Phylum,Uroviricota,sub_ecosystem,Controlled Environment,998,0.25,89.83
Phylum,Uroviricota,sub_ecosystem,Food Production,223,0.06,95.3
Phylum,Uroviricota,sub_ecosystem,Fungi And Algae,576,0.14,85.21
Phylum,Uroviricota,sub_ecosystem,Halophilic And Alkaliphilic,69,0.02,82.14
Phylum,Uroviricota,sub_ecosystem,Human,47681,11.99,77.97
Phylum,Uroviricota,sub_ecosystem,Hydrocarbon Contamination Oil,96,0.02,91.43
Phylum,Uroviricota,sub_ecosystem,Industrial Hydrocarbon Processing,73,0.02,91.25
Phylum,Uroviricota,sub_ecosystem,Industrial Processing,124,0.03,63.59
Phylum,Uroviricota,sub_ecosystem,Industrial Wastewater,2184,0.55,94.3
Phylum,Uroviricota,sub_ecosystem,Lab Enrichment,110,0.03,85.94
Phylum,Uroviricota,sub_ecosystem,Landfill,2618,0.66,96.78
Phylum,Uroviricota,sub_ecosystem,Microbial Hosts,66,0.02,84.62
Phylum,Uroviricota,sub_ecosystem,Modeled,105,0.03,90.52
Phylum,Uroviricota,sub_ecosystem,Plants,92906,23.36,78.64
Phylum,Uroviricota,sub_ecosystem,Psychrophilic Low Temperature,44239,11.12,70.86
Phylum,Uroviricota,sub_ecosystem,Solid Waste Management,362,0.09,94.27
Phylum,Uroviricota,sub_ecosystem,Subsurface And Geologic,18944,4.76,90.55
Phylum,Uroviricota,sub_ecosystem,Tailings Pond,112,0.03,92.56
Phylum,Uroviricota,sub_ecosystem,Terrestrial Soil,1790,0.45,60.05
Phylum,Uroviricota,sub_ecosystem,Terrestrial Vegetation,64,0.02,90.14
Phylum,Uroviricota,sub_ecosystem,Thermophilic High Temperature,15262,3.84,79.14
Phylum,Uroviricota,sub_ecosystem,Unknown Mixed,287,0.07,91.99
Phylum,Uroviricota,sub_ecosystem,Wastewater Treatment,6533,1.64,85.11
Class,Alsuviricetes,main_ecosystem,Engineered Systems,5,2.08,0.03
Class,Alsuviricetes,main_ecosystem,Extreme Environments,124,51.67,0.12
Class,Alsuviricetes,main_ecosystem,General Environmental,35,14.58,0.01
Class,Alsuviricetes,main_ecosystem,Host Associated,75,31.25,0.04
Class,Alsuviricetes,main_ecosystem,Contaminated and Industrial Environments,1,0.42,0.01
Class,Arfiviricetes,main_ecosystem,Engineered Systems,83,0.91,0.42
Class,Arfiviricetes,main_ecosystem,Extreme Environments,672,7.41,0.66
Class,Arfiviricetes,main_ecosystem,General Environmental,5997,66.1,2.24
Class,Arfiviricetes,main_ecosystem,Host Associated,2300,25.35,1.35
Class,Arfiviricetes,main_ecosystem,Contaminated and Industrial Environments,21,0.23,0.21
Class,Cardeaviricetes,main_ecosystem,Engineered Systems,2,1.59,0.01
Class,Cardeaviricetes,main_ecosystem,Extreme Environments,7,5.56,0.01
Class,Cardeaviricetes,main_ecosystem,General Environmental,28,22.22,0.01
Class,Cardeaviricetes,main_ecosystem,Host Associated,88,69.84,0.05
Class,Cardeaviricetes,main_ecosystem,Contaminated and Industrial Environments,1,0.79,0.01
Class,Caudoviricetes,main_ecosystem,Engineered Systems,14997,3.85,75.27
Class,Caudoviricetes,main_ecosystem,Extreme Environments,77647,19.92,76.59
Class,Caudoviricetes,main_ecosystem,General Environmental,146519,37.59,54.65
Class,Caudoviricetes,main_ecosystem,Host Associated,140526,36.06,82.44
Class,Caudoviricetes,main_ecosystem,Mixed And Lab,495,0.13,90.0
Class,Caudoviricetes,main_ecosystem,Contaminated and Industrial Environments,9563,2.45,94.97
Class,Chrymotiviricetes,main_ecosystem,Engineered Systems,7,3.32,0.04
Class,Chrymotiviricetes,main_ecosystem,Extreme Environments,45,21.33,0.04
Class,Chrymotiviricetes,main_ecosystem,General Environmental,115,54.5,0.04
Class,Chrymotiviricetes,main_ecosystem,Host Associated,41,19.43,0.02
Class,Chrymotiviricetes,main_ecosystem,Contaminated and Industrial Environments,3,1.42,0.03
Class,Duplopiviricetes,main_ecosystem,Host Associated,2,100.0,0.0
Class,Faserviricetes,main_ecosystem,Engineered Systems,234,11.71,1.17
Class,Faserviricetes,main_ecosystem,Extreme Environments,304,15.22,0.3
Class,Faserviricetes,main_ecosystem,General Environmental,726,36.34,0.27
Class,Faserviricetes,main_ecosystem,Host Associated,680,34.03,0.4
Class,Faserviricetes,main_ecosystem,Mixed And Lab,7,0.35,1.27
Class,Faserviricetes,main_ecosystem,Contaminated and Industrial Environments,47,2.35,0.47
Class,Herviviricetes,main_ecosystem,Extreme Environments,1,1.32,0.0
Class,Herviviricetes,main_ecosystem,General Environmental,4,5.26,0.0
Class,Herviviricetes,main_ecosystem,Host Associated,71,93.42,0.04
Class,Leviviricetes,main_ecosystem,Engineered Systems,2032,12.3,10.2
Class,Leviviricetes,main_ecosystem,Extreme Environments,8946,54.15,8.82
Class,Leviviricetes,main_ecosystem,General Environmental,3893,23.56,1.45
Class,Leviviricetes,main_ecosystem,Host Associated,1650,9.99,0.97
Class,Magsaviricetes,main_ecosystem,Engineered Systems,17,6.03,0.09
Class,Magsaviricetes,main_ecosystem,Extreme Environments,50,17.73,0.05
Class,Magsaviricetes,main_ecosystem,General Environmental,173,61.35,0.06
Class,Magsaviricetes,main_ecosystem,Host Associated,42,14.89,0.02
Class,Malgrandaviricetes,main_ecosystem,Engineered Systems,380,1.82,1.91
Class,Malgrandaviricetes,main_ecosystem,Extreme Environments,309,1.48,0.3
Class,Malgrandaviricetes,main_ecosystem,General Environmental,11897,57.01,4.44
Class,Malgrandaviricetes,main_ecosystem,Host Associated,8244,39.51,4.84
Class,Malgrandaviricetes,main_ecosystem,Mixed And Lab,6,0.03,1.09
Class,Malgrandaviricetes,main_ecosystem,Contaminated and Industrial Environments,32,0.15,0.32
Class,Megaviricetes,main_ecosystem,Engineered Systems,114,0.4,0.57
Class,Megaviricetes,main_ecosystem,Extreme Environments,1671,5.87,1.65
Class,Megaviricetes,main_ecosystem,General Environmental,19576,68.73,7.3
Class,Megaviricetes,main_ecosystem,Host Associated,6956,24.42,4.08
Class,Megaviricetes,main_ecosystem,Mixed And Lab,2,0.01,0.36
Class,Megaviricetes,main_ecosystem,Contaminated and Industrial Environments,165,0.58,1.64
Class,Naldaviricetes,main_ecosystem,Engineered Systems,2,0.47,0.01
Class,Naldaviricetes,main_ecosystem,Extreme Environments,17,3.96,0.02
Class,Naldaviricetes,main_ecosystem,General Environmental,143,33.33,0.05
Class,Naldaviricetes,main_ecosystem,Host Associated,264,61.54,0.15
Class,Naldaviricetes,main_ecosystem,Contaminated and Industrial Environments,3,0.7,0.03
Class,Papovaviricetes,main_ecosystem,Engineered Systems,23,5.44,0.12
Class,Papovaviricetes,main_ecosystem,Extreme Environments,24,5.67,0.02
Class,Papovaviricetes,main_ecosystem,General Environmental,130,30.73,0.05
Class,Papovaviricetes,main_ecosystem,Host Associated,239,56.5,0.14
Class,Papovaviricetes,main_ecosystem,Mixed And Lab,1,0.24,0.18
Class,Papovaviricetes,main_ecosystem,Contaminated and Industrial Environments,6,1.42,0.06
Class,Pharingeaviricetes,main_ecosystem,Host Associated,66,100.0,0.04
Class,Pisoniviricetes,main_ecosystem,Engineered Systems,576,8.68,2.89
Class,Pisoniviricetes,main_ecosystem,Extreme Environments,2114,31.86,2.09
Class,Pisoniviricetes,main_ecosystem,General Environmental,3611,54.42,1.35
Class,Pisoniviricetes,main_ecosystem,Host Associated,323,4.87,0.19
Class,Pisoniviricetes,main_ecosystem,Contaminated and Industrial Environments,11,0.17,0.11
Class,Pokkesviricetes,main_ecosystem,Extreme Environments,3,27.27,0.0
Class,Pokkesviricetes,main_ecosystem,General Environmental,1,9.09,0.0
Class,Pokkesviricetes,main_ecosystem,Host Associated,5,45.45,0.0
Class,Pokkesviricetes,main_ecosystem,Contaminated and Industrial Environments,2,18.18,0.02
Class,Quintoviricetes,main_ecosystem,Engineered Systems,3,0.9,0.02
Class,Quintoviricetes,main_ecosystem,Extreme Environments,9,2.69,0.01
Class,Quintoviricetes,main_ecosystem,Host Associated,322,96.12,0.19
Class,Quintoviricetes,main_ecosystem,Contaminated and Industrial Environments,1,0.3,0.01
Class,Repensiviricetes,main_ecosystem,Engineered Systems,4,0.29,0.02
Class,Repensiviricetes,main_ecosystem,Extreme Environments,32,2.35,0.03
Class,Repensiviricetes,main_ecosystem,General Environmental,1175,86.14,0.44
Class,Repensiviricetes,main_ecosystem,Host Associated,118,8.65,0.07
Class,Repensiviricetes,main_ecosystem,Contaminated and Industrial Environments,35,2.57,0.35
Class,Resentoviricetes,main_ecosystem,Engineered Systems,38,1.43,0.19
Class,Resentoviricetes,main_ecosystem,Extreme Environments,223,8.38,0.22
Class,Resentoviricetes,main_ecosystem,General Environmental,462,17.36,0.17
Class,Resentoviricetes,main_ecosystem,Host Associated,1903,71.51,1.12
Class,Resentoviricetes,main_ecosystem,Mixed And Lab,1,0.04,0.18
Class,Resentoviricetes,main_ecosystem,Contaminated and Industrial Environments,34,1.28,0.34
Class,Stelpaviricetes,main_ecosystem,Engineered Systems,8,34.78,0.04
Class,Stelpaviricetes,main_ecosystem,General Environmental,4,17.39,0.0
Class,Stelpaviricetes,main_ecosystem,Host Associated,11,47.83,0.01
Class,Tectiliviricetes,main_ecosystem,Engineered Systems,9,3.98,0.05
Class,Tectiliviricetes,main_ecosystem,Extreme Environments,62,27.43,0.06
Class,Tectiliviricetes,main_ecosystem,General Environmental,29,12.83,0.01
Class,Tectiliviricetes,main_ecosystem,Host Associated,121,53.54,0.07
Class,Tectiliviricetes,main_ecosystem,Mixed And Lab,1,0.44,0.18
Class,Tectiliviricetes,main_ecosystem,Contaminated and Industrial Environments,4,1.77,0.04
Class,Tokiviricetes,main_ecosystem,Extreme Environments,64,100.0,0.06
Class,Tolucaviricetes,main_ecosystem,Engineered Systems,309,5.98,1.55
Class,Tolucaviricetes,main_ecosystem,Extreme Environments,2122,41.09,2.09
Class,Tolucaviricetes,main_ecosystem,General Environmental,2474,47.91,0.92
Class,Tolucaviricetes,main_ecosystem,Host Associated,259,5.02,0.15
Class,Unclassified_Riboviria,main_ecosystem,Host Associated,1,100.0,0.0
Class,Virophaviricetes,main_ecosystem,Engineered Systems,8,0.4,0.04
Class,Virophaviricetes,main_ecosystem,Extreme Environments,143,7.23,0.14
Class,Virophaviricetes,main_ecosystem,General Environmental,1674,84.59,0.62
Class,Virophaviricetes,main_ecosystem,Host Associated,153,7.73,0.09
Class,Virophaviricetes,main_ecosystem,Contaminated and Industrial Environments,1,0.05,0.01
Class,Alsuviricetes,sub_ecosystem,Animals,1,0.42,0.02
Class,Alsuviricetes,sub_ecosystem,Aquatic Freshwater,9,3.75,0.01
Class,Alsuviricetes,sub_ecosystem,Aquatic Marine,19,7.92,0.02
Class,Alsuviricetes,sub_ecosystem,Bioreactors,5,2.08,0.06
Class,Alsuviricetes,sub_ecosystem,Human,24,10.0,0.04
Class,Alsuviricetes,sub_ecosystem,Landfill,1,0.42,0.04
Class,Alsuviricetes,sub_ecosystem,Plants,50,20.83,0.05
Class,Alsuviricetes,sub_ecosystem,Psychrophilic Low Temperature,114,47.5,0.18
Class,Alsuviricetes,sub_ecosystem,Terrestrial Soil,7,2.92,0.24
Class,Alsuviricetes,sub_ecosystem,Thermophilic High Temperature,10,4.17,0.05
Class,Arfiviricetes,sub_ecosystem,Animals,25,0.28,0.6
Class,Arfiviricetes,sub_ecosystem,Aquatic Freshwater,4625,50.98,2.95
Class,Arfiviricetes,sub_ecosystem,Aquatic Marine,1335,14.71,1.25
Class,Arfiviricetes,sub_ecosystem,Aquatic Special,9,0.1,0.5
Class,Arfiviricetes,sub_ecosystem,Bioreactors,58,0.64,0.65
Class,Arfiviricetes,sub_ecosystem,Chemical Remediation Targets,19,0.21,0.4
Class,Arfiviricetes,sub_ecosystem,Cleanrooms,1,0.01,1.67
Class,Arfiviricetes,sub_ecosystem,Fungi And Algae,2,0.02,0.3
Class,Arfiviricetes,sub_ecosystem,Human,640,7.05,1.08
Class,Arfiviricetes,sub_ecosystem,Landfill,1,0.01,0.04
Class,Arfiviricetes,sub_ecosystem,Plants,1633,18.0,1.53
Class,Arfiviricetes,sub_ecosystem,Psychrophilic Low Temperature,276,3.04,0.45
Class,Arfiviricetes,sub_ecosystem,Subsurface And Geologic,60,0.66,0.29
Class,Arfiviricetes,sub_ecosystem,Terrestrial Soil,28,0.31,0.97
Class,Arfiviricetes,sub_ecosystem,Thermophilic High Temperature,336,3.7,1.78
Class,Arfiviricetes,sub_ecosystem,Wastewater Treatment,25,0.28,0.33
Class,Cardeaviricetes,sub_ecosystem,Aquatic Freshwater,11,8.73,0.01
Class,Cardeaviricetes,sub_ecosystem,Aquatic Marine,17,13.49,0.02
Class,Cardeaviricetes,sub_ecosystem,Bioreactors,1,0.79,0.01
Class,Cardeaviricetes,sub_ecosystem,Human,77,61.11,0.13
Class,Cardeaviricetes,sub_ecosystem,Industrial Wastewater,1,0.79,0.04
Class,Cardeaviricetes,sub_ecosystem,Plants,11,8.73,0.01
Class,Cardeaviricetes,sub_ecosystem,Psychrophilic Low Temperature,4,3.17,0.01
Class,Cardeaviricetes,sub_ecosystem,Thermophilic High Temperature,3,2.38,0.02
Class,Cardeaviricetes,sub_ecosystem,Wastewater Treatment,1,0.79,0.01
Class,Caudoviricetes,sub_ecosystem,Animals,3401,0.87,81.6
Class,Caudoviricetes,sub_ecosystem,Aquatic Freshwater,80282,20.6,51.29
Class,Caudoviricetes,sub_ecosystem,Aquatic Marine,62890,16.14,58.91
Class,Caudoviricetes,sub_ecosystem,Aquatic Special,1482,0.38,81.97
Class,Caudoviricetes,sub_ecosystem,Atmospheric,42,0.01,85.71
Class,Caudoviricetes,sub_ecosystem,Bioreactors,5664,1.45,63.64
Class,Caudoviricetes,sub_ecosystem,Built Environment,1189,0.31,73.67
Class,Caudoviricetes,sub_ecosystem,Chemical Remediation Targets,4526,1.16,95.38
Class,Caudoviricetes,sub_ecosystem,Cleanrooms,14,0.0,23.33
Class,Caudoviricetes,sub_ecosystem,Controlled Environment,993,0.25,90.68
Class,Caudoviricetes,sub_ecosystem,Food Production,219,0.06,97.33
Class,Caudoviricetes,sub_ecosystem,Fungi And Algae,575,0.15,85.82
Class,Caudoviricetes,sub_ecosystem,Halophilic And Alkaliphilic,65,0.02,81.25
Class,Caudoviricetes,sub_ecosystem,Human,46096,11.83,78.03
Class,Caudoviricetes,sub_ecosystem,Hydrocarbon Contamination Oil,93,0.02,89.42
Class,Caudoviricetes,sub_ecosystem,Industrial Hydrocarbon Processing,73,0.02,91.25
Class,Caudoviricetes,sub_ecosystem,Industrial Processing,125,0.03,66.14
Class,Caudoviricetes,sub_ecosystem,Industrial Wastewater,2157,0.55,94.4
Class,Caudoviricetes,sub_ecosystem,Lab Enrichment,103,0.03,84.43
Class,Caudoviricetes,sub_ecosystem,Landfill,2587,0.66,96.75
Class,Caudoviricetes,sub_ecosystem,Microbial Hosts,66,0.02,84.62
Class,Caudoviricetes,sub_ecosystem,Modeled,105,0.03,90.52
Class,Caudoviricetes,sub_ecosystem,Plants,90388,23.19,84.89
Class,Caudoviricetes,sub_ecosystem,Psychrophilic Low Temperature,43565,11.18,70.63
Class,Caudoviricetes,sub_ecosystem,Solid Waste Management,361,0.09,94.5
Class,Caudoviricetes,sub_ecosystem,Subsurface And Geologic,18891,4.85,91.09
Class,Caudoviricetes,sub_ecosystem,Tailings Pond,113,0.03,92.62
Class,Caudoviricetes,sub_ecosystem,Terrestrial Soil,1759,0.45,60.89
Class,Caudoviricetes,sub_ecosystem,Terrestrial Vegetation,64,0.02,94.12
Class,Caudoviricetes,sub_ecosystem,Thermophilic High Temperature,15126,3.88,80.12
Class,Caudoviricetes,sub_ecosystem,Unknown Mixed,287,0.07,91.99
Class,Caudoviricetes,sub_ecosystem,Wastewater Treatment,6446,1.65,85.72
Class,Chrymotiviricetes,sub_ecosystem,Aquatic Freshwater,59,27.96,0.04
Class,Chrymotiviricetes,sub_ecosystem,Aquatic Marine,50,23.7,0.05
Class,Chrymotiviricetes,sub_ecosystem,Chemical Remediation Targets,3,1.42,0.06
Class,Chrymotiviricetes,sub_ecosystem,Plants,41,19.43,0.04
Class,Chrymotiviricetes,sub_ecosystem,Psychrophilic Low Temperature,38,18.01,0.06
Class,Chrymotiviricetes,sub_ecosystem,Solid Waste Management,2,0.95,0.52
Class,Chrymotiviricetes,sub_ecosystem,Subsurface And Geologic,6,2.84,0.03
Class,Chrymotiviricetes,sub_ecosystem,Terrestrial Soil,6,2.84,0.21
Class,Chrymotiviricetes,sub_ecosystem,Thermophilic High Temperature,1,0.47,0.01
Class,Chrymotiviricetes,sub_ecosystem,Wastewater Treatment,5,2.37,0.07
Class,Duplopiviricetes,sub_ecosystem,Human,2,100.0,0.0
Class,Faserviricetes,sub_ecosystem,Animals,75,3.75,1.8
Class,Faserviricetes,sub_ecosystem,Aquatic Freshwater,398,19.92,0.25
Class,Faserviricetes,sub_ecosystem,Aquatic Marine,293,14.66,0.27
Class,Faserviricetes,sub_ecosystem,Aquatic Special,14,0.7,0.77
Class,Faserviricetes,sub_ecosystem,Bioreactors,43,2.15,0.48
Class,Faserviricetes,sub_ecosystem,Built Environment,146,7.31,9.05
Class,Faserviricetes,sub_ecosystem,Chemical Remediation Targets,10,0.5,0.21
Class,Faserviricetes,sub_ecosystem,Cleanrooms,3,0.15,5.0
Class,Faserviricetes,sub_ecosystem,Fungi And Algae,16,0.8,2.39
Class,Faserviricetes,sub_ecosystem,Halophilic And Alkaliphilic,13,0.65,16.25
Class,Faserviricetes,sub_ecosystem,Human,437,21.87,0.74
Class,Faserviricetes,sub_ecosystem,Industrial Hydrocarbon Processing,2,0.1,2.5
Class,Faserviricetes,sub_ecosystem,Industrial Processing,4,0.2,2.12
Class,Faserviricetes,sub_ecosystem,Industrial Wastewater,24,1.2,1.05
Class,Faserviricetes,sub_ecosystem,Lab Enrichment,2,0.1,1.64
Class,Faserviricetes,sub_ecosystem,Landfill,6,0.3,0.22
Class,Faserviricetes,sub_ecosystem,Microbial Hosts,2,0.1,2.56
Class,Faserviricetes,sub_ecosystem,Modeled,2,0.1,1.72
Class,Faserviricetes,sub_ecosystem,Plants,150,7.51,0.14
Class,Faserviricetes,sub_ecosystem,Psychrophilic Low Temperature,136,6.81,0.22
Class,Faserviricetes,sub_ecosystem,Solid Waste Management,5,0.25,1.31
Class,Faserviricetes,sub_ecosystem,Subsurface And Geologic,129,6.46,0.62
Class,Faserviricetes,sub_ecosystem,Tailings Pond,2,0.1,1.64
Class,Faserviricetes,sub_ecosystem,Terrestrial Soil,20,1.0,0.69
Class,Faserviricetes,sub_ecosystem,Terrestrial Vegetation,1,0.05,1.47
Class,Faserviricetes,sub_ecosystem,Thermophilic High Temperature,26,1.3,0.14
Class,Faserviricetes,sub_ecosystem,Unknown Mixed,3,0.15,0.96
Class,Faserviricetes,sub_ecosystem,Wastewater Treatment,36,1.8,0.48
Class,Herviviricetes,sub_ecosystem,Animals,1,1.32,0.02
Class,Herviviricetes,sub_ecosystem,Aquatic Freshwater,4,5.26,0.0
Class,Herviviricetes,sub_ecosystem,Human,6,7.89,0.01
Class,Herviviricetes,sub_ecosystem,Plants,64,84.21,0.06
Class,Herviviricetes,sub_ecosystem,Psychrophilic Low Temperature,1,1.32,0.0
Class,Leviviricetes,sub_ecosystem,Aquatic Freshwater,2176,13.17,1.39
Class,Leviviricetes,sub_ecosystem,Aquatic Marine,1409,8.53,1.32
Class,Leviviricetes,sub_ecosystem,Bioreactors,1723,10.43,19.36
Class,Leviviricetes,sub_ecosystem,Human,66,0.4,0.11
Class,Leviviricetes,sub_ecosystem,Plants,1584,9.59,1.49
Class,Leviviricetes,sub_ecosystem,Psychrophilic Low Temperature,8792,53.22,14.25
Class,Leviviricetes,sub_ecosystem,Subsurface And Geologic,63,0.38,0.3
Class,Leviviricetes,sub_ecosystem,Terrestrial Soil,308,1.86,10.66
Class,Leviviricetes,sub_ecosystem,Thermophilic High Temperature,91,0.55,0.48
Class,Leviviricetes,sub_ecosystem,Wastewater Treatment,309,1.87,4.11
Class,Magsaviricetes,sub_ecosystem,Animals,3,1.06,0.07
Class,Magsaviricetes,sub_ecosystem,Aquatic Freshwater,51,18.09,0.03
Class,Magsaviricetes,sub_ecosystem,Aquatic Marine,122,43.26,0.11
Class,Magsaviricetes,sub_ecosystem,Bioreactors,9,3.19,0.1
Class,Magsaviricetes,sub_ecosystem,Human,5,1.77,0.01
Class,Magsaviricetes,sub_ecosystem,Plants,34,12.06,0.03
Class,Magsaviricetes,sub_ecosystem,Psychrophilic Low Temperature,49,17.38,0.08
Class,Magsaviricetes,sub_ecosystem,Thermophilic High Temperature,1,0.35,0.01
Class,Magsaviricetes,sub_ecosystem,Wastewater Treatment,8,2.84,0.11
Class,Malgrandaviricetes,sub_ecosystem,Animals,121,0.58,2.9
Class,Malgrandaviricetes,sub_ecosystem,Aquatic Freshwater,7020,33.64,4.49
Class,Malgrandaviricetes,sub_ecosystem,Aquatic Marine,4665,22.35,4.37
Class,Malgrandaviricetes,sub_ecosystem,Aquatic Special,198,0.95,10.95
Class,Malgrandaviricetes,sub_ecosystem,Atmospheric,1,0.0,2.04
Class,Malgrandaviricetes,sub_ecosystem,Bioreactors,200,0.96,2.25
Class,Malgrandaviricetes,sub_ecosystem,Built Environment,3,0.01,0.19
Class,Malgrandaviricetes,sub_ecosystem,Chemical Remediation Targets,5,0.02,0.11
Class,Malgrandaviricetes,sub_ecosystem,Cleanrooms,6,0.03,10.0
Class,Malgrandaviricetes,sub_ecosystem,Fungi And Algae,14,0.07,2.09
Class,Malgrandaviricetes,sub_ecosystem,Human,7032,33.7,11.9
Class,Malgrandaviricetes,sub_ecosystem,Hydrocarbon Contamination Oil,1,0.0,0.96
Class,Malgrandaviricetes,sub_ecosystem,Industrial Hydrocarbon Processing,1,0.0,1.25
Class,Malgrandaviricetes,sub_ecosystem,Industrial Processing,2,0.01,1.06
Class,Malgrandaviricetes,sub_ecosystem,Industrial Wastewater,17,0.08,0.74
Class,Malgrandaviricetes,sub_ecosystem,Landfill,2,0.01,0.07
Class,Malgrandaviricetes,sub_ecosystem,Modeled,2,0.01,1.72
Class,Malgrandaviricetes,sub_ecosystem,Plants,1077,5.16,1.01
Class,Malgrandaviricetes,sub_ecosystem,Psychrophilic Low Temperature,141,0.68,0.23
Class,Malgrandaviricetes,sub_ecosystem,Subsurface And Geologic,80,0.38,0.39
Class,Malgrandaviricetes,sub_ecosystem,Terrestrial Soil,13,0.06,0.45
Class,Malgrandaviricetes,sub_ecosystem,Thermophilic High Temperature,88,0.42,0.47
Class,Malgrandaviricetes,sub_ecosystem,Unknown Mixed,4,0.02,1.28
Class,Malgrandaviricetes,sub_ecosystem,Wastewater Treatment,175,0.84,2.33
Class,Megaviricetes,sub_ecosystem,Animals,3,0.01,0.07
Class,Megaviricetes,sub_ecosystem,Aquatic Freshwater,13901,48.8,8.88
Class,Megaviricetes,sub_ecosystem,Aquatic Marine,5619,19.73,5.26
Class,Megaviricetes,sub_ecosystem,Aquatic Special,25,0.09,1.38
Class,Megaviricetes,sub_ecosystem,Bioreactors,42,0.15,0.47
Class,Megaviricetes,sub_ecosystem,Built Environment,4,0.01,0.25
Class,Megaviricetes,sub_ecosystem,Chemical Remediation Targets,116,0.41,2.44
Class,Megaviricetes,sub_ecosystem,Controlled Environment,4,0.01,0.37
Class,Megaviricetes,sub_ecosystem,Fungi And Algae,24,0.08,3.58
Class,Megaviricetes,sub_ecosystem,Human,506,1.78,0.86
Class,Megaviricetes,sub_ecosystem,Hydrocarbon Contamination Oil,5,0.02,4.81
Class,Megaviricetes,sub_ecosystem,Industrial Wastewater,24,0.08,1.05
Class,Megaviricetes,sub_ecosystem,Lab Enrichment,1,0.0,0.82
Class,Megaviricetes,sub_ecosystem,Landfill,19,0.07,0.71
Class,Megaviricetes,sub_ecosystem,Microbial Hosts,1,0.0,1.28
Class,Megaviricetes,sub_ecosystem,Plants,6422,22.55,6.03
Class,Megaviricetes,sub_ecosystem,Psychrophilic Low Temperature,305,1.07,0.49
Class,Megaviricetes,sub_ecosystem,Solid Waste Management,2,0.01,0.52
Class,Megaviricetes,sub_ecosystem,Subsurface And Geologic,383,1.34,1.85
Class,Megaviricetes,sub_ecosystem,Tailings Pond,1,0.0,0.82
Class,Megaviricetes,sub_ecosystem,Terrestrial Soil,28,0.1,0.97
Class,Megaviricetes,sub_ecosystem,Terrestrial Vegetation,3,0.01,4.41
Class,Megaviricetes,sub_ecosystem,Thermophilic High Temperature,983,3.45,5.21
Class,Megaviricetes,sub_ecosystem,Unknown Mixed,1,0.0,0.32
Class,Megaviricetes,sub_ecosystem,Wastewater Treatment,62,0.22,0.82
Class,Naldaviricetes,sub_ecosystem,Animals,6,1.4,0.14
Class,Naldaviricetes,sub_ecosystem,Aquatic Freshwater,73,17.02,0.05
Class,Naldaviricetes,sub_ecosystem,Aquatic Marine,70,16.32,0.07
Class,Naldaviricetes,sub_ecosystem,Bioreactors,1,0.23,0.01
Class,Naldaviricetes,sub_ecosystem,Chemical Remediation Targets,3,0.7,0.06
Class,Naldaviricetes,sub_ecosystem,Human,26,6.06,0.04
Class,Naldaviricetes,sub_ecosystem,Plants,232,54.08,0.22
Class,Naldaviricetes,sub_ecosystem,Psychrophilic Low Temperature,7,1.63,0.01
Class,Naldaviricetes,sub_ecosystem,Subsurface And Geologic,8,1.86,0.04
Class,Naldaviricetes,sub_ecosystem,Thermophilic High Temperature,2,0.47,0.01
Class,Naldaviricetes,sub_ecosystem,Wastewater Treatment,1,0.23,0.01
Class,Papovaviricetes,sub_ecosystem,Animals,8,1.89,0.19
Class,Papovaviricetes,sub_ecosystem,Aquatic Freshwater,46,10.87,0.03
Class,Papovaviricetes,sub_ecosystem,Aquatic Marine,82,19.39,0.08
Class,Papovaviricetes,sub_ecosystem,Bioreactors,13,3.07,0.15
Class,Papovaviricetes,sub_ecosystem,Fungi And Algae,2,0.47,0.3
Class,Papovaviricetes,sub_ecosystem,Human,214,50.59,0.36
Class,Papovaviricetes,sub_ecosystem,Industrial Hydrocarbon Processing,1,0.24,1.25
Class,Papovaviricetes,sub_ecosystem,Industrial Processing,1,0.24,0.53
Class,Papovaviricetes,sub_ecosystem,Industrial Wastewater,3,0.71,0.13
Class,Papovaviricetes,sub_ecosystem,Lab Enrichment,1,0.24,0.82
Class,Papovaviricetes,sub_ecosystem,Landfill,2,0.47,0.07
Class,Papovaviricetes,sub_ecosystem,Plants,15,3.55,0.01
Class,Papovaviricetes,sub_ecosystem,Psychrophilic Low Temperature,15,3.55,0.02
Class,Papovaviricetes,sub_ecosystem,Subsurface And Geologic,3,0.71,0.01
Class,Papovaviricetes,sub_ecosystem,Terrestrial Soil,2,0.47,0.07
Class,Papovaviricetes,sub_ecosystem,Thermophilic High Temperature,6,1.42,0.03
Class,Papovaviricetes,sub_ecosystem,Wastewater Treatment,9,2.13,0.12
Class,Pharingeaviricetes,sub_ecosystem,Animals,5,7.58,0.12
Class,Pharingeaviricetes,sub_ecosystem,Human,47,71.21,0.08
Class,Pharingeaviricetes,sub_ecosystem,Plants,14,21.21,0.01
Class,Pisoniviricetes,sub_ecosystem,Animals,8,0.12,0.19
Class,Pisoniviricetes,sub_ecosystem,Aquatic Freshwater,1656,24.96,1.06
Class,Pisoniviricetes,sub_ecosystem,Aquatic Marine,1918,28.91,1.8
Class,Pisoniviricetes,sub_ecosystem,Aquatic Special,2,0.03,0.11
Class,Pisoniviricetes,sub_ecosystem,Bioreactors,498,7.51,5.6
Class,Pisoniviricetes,sub_ecosystem,Chemical Remediation Targets,10,0.15,0.21
Class,Pisoniviricetes,sub_ecosystem,Controlled Environment,3,0.05,0.27
Class,Pisoniviricetes,sub_ecosystem,Human,49,0.74,0.08
Class,Pisoniviricetes,sub_ecosystem,Landfill,1,0.02,0.04
Class,Pisoniviricetes,sub_ecosystem,Plants,266,4.01,0.25
Class,Pisoniviricetes,sub_ecosystem,Psychrophilic Low Temperature,1276,19.23,2.07
Class,Pisoniviricetes,sub_ecosystem,Solid Waste Management,2,0.03,0.52
Class,Pisoniviricetes,sub_ecosystem,Subsurface And Geologic,11,0.17,0.05
Class,Pisoniviricetes,sub_ecosystem,Terrestrial Soil,35,0.53,1.21
Class,Pisoniviricetes,sub_ecosystem,Thermophilic High Temperature,827,12.46,4.38
Class,Pisoniviricetes,sub_ecosystem,Wastewater Treatment,73,1.1,0.97
Class,Pokkesviricetes,sub_ecosystem,Aquatic Marine,1,9.09,0.0
Class,Pokkesviricetes,sub_ecosystem,Chemical Remediation Targets,2,18.18,0.04
Class,Pokkesviricetes,sub_ecosystem,Plants,5,45.45,0.0
Class,Pokkesviricetes,sub_ecosystem,Subsurface And Geologic,3,27.27,0.01
Class,Quintoviricetes,sub_ecosystem,Animals,4,1.19,0.1
Class,Quintoviricetes,sub_ecosystem,Chemical Remediation Targets,1,0.3,0.02
Class,Quintoviricetes,sub_ecosystem,Human,105,31.34,0.18
Class,Quintoviricetes,sub_ecosystem,Plants,213,63.58,0.2
Class,Quintoviricetes,sub_ecosystem,Thermophilic High Temperature,9,2.69,0.05
Class,Quintoviricetes,sub_ecosystem,Wastewater Treatment,3,0.9,0.04
Class,Repensiviricetes,sub_ecosystem,Animals,1,0.07,0.02
Class,Repensiviricetes,sub_ecosystem,Aquatic Freshwater,1102,80.79,0.7
Class,Repensiviricetes,sub_ecosystem,Aquatic Marine,66,4.84,0.06
Class,Repensiviricetes,sub_ecosystem,Aquatic Special,5,0.37,0.28
Class,Repensiviricetes,sub_ecosystem,Bioreactors,3,0.22,0.03
Class,Repensiviricetes,sub_ecosystem,Cleanrooms,35,2.57,58.33
Class,Repensiviricetes,sub_ecosystem,Food Production,1,0.07,0.44
Class,Repensiviricetes,sub_ecosystem,Human,90,6.6,0.15
Class,Repensiviricetes,sub_ecosystem,Plants,27,1.98,0.03
Class,Repensiviricetes,sub_ecosystem,Psychrophilic Low Temperature,20,1.47,0.03
Class,Repensiviricetes,sub_ecosystem,Subsurface And Geologic,12,0.88,0.06
Class,Repensiviricetes,sub_ecosystem,Terrestrial Soil,2,0.15,0.07
Class,Resentoviricetes,sub_ecosystem,Animals,2,0.08,0.05
Class,Resentoviricetes,sub_ecosystem,Aquatic Freshwater,200,7.52,0.13
Class,Resentoviricetes,sub_ecosystem,Aquatic Marine,258,9.7,0.24
Class,Resentoviricetes,sub_ecosystem,Bioreactors,22,0.83,0.25
Class,Resentoviricetes,sub_ecosystem,Built Environment,2,0.08,0.12
Class,Resentoviricetes,sub_ecosystem,Chemical Remediation Targets,15,0.56,0.32
Class,Resentoviricetes,sub_ecosystem,Fungi And Algae,2,0.08,0.3
Class,Resentoviricetes,sub_ecosystem,Human,353,13.27,0.6
Class,Resentoviricetes,sub_ecosystem,Hydrocarbon Contamination Oil,5,0.19,4.81
Class,Resentoviricetes,sub_ecosystem,Industrial Wastewater,1,0.04,0.04
Class,Resentoviricetes,sub_ecosystem,Landfill,13,0.49,0.49
Class,Resentoviricetes,sub_ecosystem,Plants,1546,58.1,1.45
Class,Resentoviricetes,sub_ecosystem,Psychrophilic Low Temperature,64,2.41,0.1
Class,Resentoviricetes,sub_ecosystem,Subsurface And Geologic,62,2.33,0.3
Class,Resentoviricetes,sub_ecosystem,Terrestrial Soil,4,0.15,0.14
Class,Resentoviricetes,sub_ecosystem,Thermophilic High Temperature,97,3.65,0.51
Class,Resentoviricetes,sub_ecosystem,Unknown Mixed,1,0.04,0.32
Class,Resentoviricetes,sub_ecosystem,Wastewater Treatment,14,0.53,0.19
Class,Stelpaviricetes,sub_ecosystem,Aquatic Freshwater,4,17.39,0.0
Class,Stelpaviricetes,sub_ecosystem,Bioreactors,8,34.78,0.09
Class,Stelpaviricetes,sub_ecosystem,Human,7,30.43,0.01
Class,Stelpaviricetes,sub_ecosystem,Plants,4,17.39,0.0
Class,Tectiliviricetes,sub_ecosystem,Aquatic Freshwater,10,4.42,0.01
Class,Tectiliviricetes,sub_ecosystem,Aquatic Marine,16,7.08,0.01
Class,Tectiliviricetes,sub_ecosystem,Aquatic Special,2,0.88,0.11
Class,Tectiliviricetes,sub_ecosystem,Built Environment,2,0.88,0.12
Class,Tectiliviricetes,sub_ecosystem,Chemical Remediation Targets,2,0.88,0.04
Class,Tectiliviricetes,sub_ecosystem,Controlled Environment,5,2.21,0.46
Class,Tectiliviricetes,sub_ecosystem,Human,2,0.88,0.0
Class,Tectiliviricetes,sub_ecosystem,Industrial Wastewater,1,0.44,0.04
Class,Tectiliviricetes,sub_ecosystem,Landfill,1,0.44,0.04
Class,Tectiliviricetes,sub_ecosystem,Plants,119,52.65,0.11
Class,Tectiliviricetes,sub_ecosystem,Psychrophilic Low Temperature,48,21.24,0.08
Class,Tectiliviricetes,sub_ecosystem,Subsurface And Geologic,7,3.1,0.03
Class,Tectiliviricetes,sub_ecosystem,Terrestrial Soil,1,0.44,0.03
Class,Tectiliviricetes,sub_ecosystem,Thermophilic High Temperature,7,3.1,0.04
Class,Tectiliviricetes,sub_ecosystem,Unknown Mixed,1,0.44,0.32
Class,Tectiliviricetes,sub_ecosystem,Wastewater Treatment,2,0.88,0.03
Class,Tokiviricetes,sub_ecosystem,Thermophilic High Temperature,64,100.0,0.34
Class,Tolucaviricetes,sub_ecosystem,Aquatic Freshwater,1347,26.08,0.86
Class,Tolucaviricetes,sub_ecosystem,Aquatic Marine,1072,20.76,1.0
Class,Tolucaviricetes,sub_ecosystem,Bioreactors,244,4.73,2.74
Class,Tolucaviricetes,sub_ecosystem,Human,33,0.64,0.06
Class,Tolucaviricetes,sub_ecosystem,Plants,226,4.38,0.21
Class,Tolucaviricetes,sub_ecosystem,Psychrophilic Low Temperature,1929,37.35,3.13
Class,Tolucaviricetes,sub_ecosystem,Subsurface And Geologic,11,0.21,0.05
Class,Tolucaviricetes,sub_ecosystem,Terrestrial Soil,55,1.07,1.9
Class,Tolucaviricetes,sub_ecosystem,Thermophilic High Temperature,182,3.52,0.96
Class,Tolucaviricetes,sub_ecosystem,Wastewater Treatment,65,1.26,0.86
Class,Unclassified_Riboviria,sub_ecosystem,Plants,1,100.0,0.0
Class,Virophaviricetes,sub_ecosystem,Animals,2,0.1,0.05
Class,Virophaviricetes,sub_ecosystem,Aquatic Freshwater,1547,78.17,0.99
Class,Virophaviricetes,sub_ecosystem,Aquatic Marine,125,6.32,0.12
Class,Virophaviricetes,sub_ecosystem,Aquatic Special,2,0.1,0.11
Class,Virophaviricetes,sub_ecosystem,Controlled Environment,1,0.05,0.09
Class,Virophaviricetes,sub_ecosystem,Industrial Wastewater,1,0.05,0.04
Class,Virophaviricetes,sub_ecosystem,Plants,151,7.63,0.14
Class,Virophaviricetes,sub_ecosystem,Psychrophilic Low Temperature,58,2.93,0.09
Class,Virophaviricetes,sub_ecosystem,Solid Waste Management,1,0.05,0.26
Class,Virophaviricetes,sub_ecosystem,Subsurface And Geologic,20,1.01,0.1
Class,Virophaviricetes,sub_ecosystem,Thermophilic High Temperature,65,3.28,0.34
Class,Virophaviricetes,sub_ecosystem,Wastewater Treatment,6,0.3,0.08
Order,Algavirales,main_ecosystem,Engineered Systems,7,0.06,0.04
Order,Algavirales,main_ecosystem,Extreme Environments,587,5.37,0.7
Order,Algavirales,main_ecosystem,General Environmental,8418,76.96,3.87
Order,Algavirales,main_ecosystem,Host Associated,1888,17.26,1.39
Order,Algavirales,main_ecosystem,Contaminated and Industrial Environments,38,0.35,0.47
Order,Asfuvirales,main_ecosystem,Extreme Environments,4,10.26,0.0
Order,Asfuvirales,main_ecosystem,General Environmental,13,33.33,0.01
Order,Asfuvirales,main_ecosystem,Host Associated,17,43.59,0.01
Order,Asfuvirales,main_ecosystem,Contaminated and Industrial Environments,5,12.82,0.06
Order,Autographivirales,main_ecosystem,Engineered Systems,66,1.88,0.39
Order,Autographivirales,main_ecosystem,Extreme Environments,257,7.33,0.31
Order,Autographivirales,main_ecosystem,General Environmental,2233,63.65,1.03
Order,Autographivirales,main_ecosystem,Host Associated,869,24.77,0.64
Order,Autographivirales,main_ecosystem,Mixed And Lab,6,0.17,1.2
Order,Autographivirales,main_ecosystem,Contaminated and Industrial Environments,77,2.19,0.95
Order,Baphyvirales,main_ecosystem,Host Associated,33,100.0,0.02
Order,Cirlivirales,main_ecosystem,General Environmental,26,37.14,0.01
Order,Cirlivirales,main_ecosystem,Host Associated,43,61.43,0.03
Order,Cirlivirales,main_ecosystem,Contaminated and Industrial Environments,1,1.43,0.01
Order,Crassvirales,main_ecosystem,Engineered Systems,318,5.12,1.87
Order,Crassvirales,main_ecosystem,Extreme Environments,674,10.85,0.8
Order,Crassvirales,main_ecosystem,General Environmental,2707,43.57,1.24
Order,Crassvirales,main_ecosystem,Host Associated,2383,38.36,1.75
Order,Crassvirales,main_ecosystem,Mixed And Lab,5,0.08,1.0
Order,Crassvirales,main_ecosystem,Contaminated and Industrial Environments,126,2.03,1.55
Order,Cremevirales,main_ecosystem,Engineered Systems,2,4.44,0.01
Order,Cremevirales,main_ecosystem,General Environmental,22,48.89,0.01
Order,Cremevirales,main_ecosystem,Host Associated,20,44.44,0.01
Order,Cremevirales,main_ecosystem,Contaminated and Industrial Environments,1,2.22,0.01
Order,Geplafuvirales,main_ecosystem,Engineered Systems,5,0.34,0.03
Order,Geplafuvirales,main_ecosystem,Extreme Environments,31,2.11,0.04
Order,Geplafuvirales,main_ecosystem,General Environmental,1280,86.96,0.59
Order,Geplafuvirales,main_ecosystem,Host Associated,121,8.22,0.09
Order,Geplafuvirales,main_ecosystem,Contaminated and Industrial Environments,35,2.38,0.43
Order,Ghabrivirales,main_ecosystem,Engineered Systems,9,4.09,0.05
Order,Ghabrivirales,main_ecosystem,Extreme Environments,42,19.09,0.05
Order,Ghabrivirales,main_ecosystem,General Environmental,126,57.27,0.06
Order,Ghabrivirales,main_ecosystem,Host Associated,40,18.18,0.03
Order,Ghabrivirales,main_ecosystem,Contaminated and Industrial Environments,3,1.36,0.04
Order,Gredzevirales,main_ecosystem,General Environmental,7,100.0,0.0
Order,Herpesvirales,main_ecosystem,Extreme Environments,1,4.55,0.0
Order,Herpesvirales,main_ecosystem,Host Associated,21,95.45,0.02
Order,Imitervirales,main_ecosystem,Engineered Systems,28,0.55,0.16
Order,Imitervirales,main_ecosystem,Extreme Environments,245,4.85,0.29
Order,Imitervirales,main_ecosystem,General Environmental,2776,54.99,1.28
Order,Imitervirales,main_ecosystem,Host Associated,1959,38.81,1.44
Order,Imitervirales,main_ecosystem,Contaminated and Industrial Environments,40,0.79,0.49
Order,Kalamavirales,main_ecosystem,Engineered Systems,2,0.83,0.01
Order,Kalamavirales,main_ecosystem,Extreme Environments,36,14.94,0.04
Order,Kalamavirales,main_ecosystem,General Environmental,19,7.88,0.01
Order,Kalamavirales,main_ecosystem,Host Associated,163,67.63,0.12
Order,Kalamavirales,main_ecosystem,Contaminated and Industrial Environments,21,8.71,0.26
Order,Lefavirales,main_ecosystem,Engineered Systems,3,2.03,0.02
Order,Lefavirales,main_ecosystem,Extreme Environments,3,2.03,0.0
Order,Lefavirales,main_ecosystem,General Environmental,85,57.43,0.04
Order,Lefavirales,main_ecosystem,Host Associated,57,38.51,0.04
Order,Martellivirales,main_ecosystem,Engineered Systems,2,1.28,0.01
Order,Martellivirales,main_ecosystem,Extreme Environments,50,32.05,0.06
Order,Martellivirales,main_ecosystem,General Environmental,23,14.74,0.01
Order,Martellivirales,main_ecosystem,Host Associated,81,51.92,0.06
Order,Nodamuvirales,main_ecosystem,Extreme Environments,6,37.5,0.01
Order,Nodamuvirales,main_ecosystem,General Environmental,2,12.5,0.0
Order,Nodamuvirales,main_ecosystem,Host Associated,8,50.0,0.01
Order,Norzivirales,main_ecosystem,Engineered Systems,1651,16.04,9.72
Order,Norzivirales,main_ecosystem,Extreme Environments,4578,44.46,5.44
Order,Norzivirales,main_ecosystem,General Environmental,3181,30.9,1.46
Order,Norzivirales,main_ecosystem,Host Associated,886,8.61,0.65
Order,Pantevenvirales,main_ecosystem,Engineered Systems,5,0.21,0.03
Order,Pantevenvirales,main_ecosystem,Extreme Environments,58,2.44,0.07
Order,Pantevenvirales,main_ecosystem,General Environmental,1511,63.57,0.69
Order,Pantevenvirales,main_ecosystem,Host Associated,790,33.24,0.58
Order,Pantevenvirales,main_ecosystem,Mixed And Lab,1,0.04,0.2
Order,Pantevenvirales,main_ecosystem,Contaminated and Industrial Environments,12,0.5,0.15
Order,Petitvirales,main_ecosystem,Engineered Systems,380,1.86,2.24
Order,Petitvirales,main_ecosystem,Extreme Environments,309,1.51,0.37
Order,Petitvirales,main_ecosystem,General Environmental,11887,58.07,5.46
Order,Petitvirales,main_ecosystem,Host Associated,7856,38.38,5.78
Order,Petitvirales,main_ecosystem,Mixed And Lab,6,0.03,1.2
Order,Petitvirales,main_ecosystem,Contaminated and Industrial Environments,32,0.16,0.39
Order,Piccovirales,main_ecosystem,Engineered Systems,3,0.89,0.02
Order,Piccovirales,main_ecosystem,Extreme Environments,9,2.66,0.01
Order,Piccovirales,main_ecosystem,Host Associated,325,96.15,0.24
Order,Piccovirales,main_ecosystem,Contaminated and Industrial Environments,1,0.3,0.01
Order,Picornavirales,main_ecosystem,Engineered Systems,415,9.94,2.44
Order,Picornavirales,main_ecosystem,Extreme Environments,1381,33.07,1.64
Order,Picornavirales,main_ecosystem,General Environmental,2169,51.94,1.0
Order,Picornavirales,main_ecosystem,Host Associated,211,5.05,0.16
Order,Pimascovirales,main_ecosystem,Engineered Systems,3,0.25,0.02
Order,Pimascovirales,main_ecosystem,Extreme Environments,76,6.39,0.09
Order,Pimascovirales,main_ecosystem,General Environmental,887,74.54,0.41
Order,Pimascovirales,main_ecosystem,Host Associated,215,18.07,0.16
Order,Pimascovirales,main_ecosystem,Contaminated and Industrial Environments,9,0.76,0.11
Order,Reovirales,main_ecosystem,Engineered Systems,42,1.66,0.25
Order,Reovirales,main_ecosystem,Extreme Environments,230,9.07,0.27
Order,Reovirales,main_ecosystem,General Environmental,331,13.05,0.15
Order,Reovirales,main_ecosystem,Host Associated,1906,75.16,1.4
Order,Reovirales,main_ecosystem,Mixed And Lab,1,0.04,0.2
Order,Reovirales,main_ecosystem,Contaminated and Industrial Environments,26,1.03,0.32
Order,Rohanvirales,main_ecosystem,Host Associated,15,100.0,0.01
Order,Rowavirales,main_ecosystem,Host Associated,66,100.0,0.05
Order,Sanitavirales,main_ecosystem,Engineered Systems,3,1.56,0.02
Order,Sanitavirales,main_ecosystem,Extreme Environments,17,8.85,0.02
Order,Sanitavirales,main_ecosystem,General Environmental,85,44.27,0.04
Order,Sanitavirales,main_ecosystem,Host Associated,85,44.27,0.06
Order,Sanitavirales,main_ecosystem,Contaminated and Industrial Environments,2,1.04,0.02
Order,Saturnivirales,main_ecosystem,Extreme Environments,4,2.9,0.0
Order,Saturnivirales,main_ecosystem,General Environmental,134,97.1,0.06
Order,Sepolyvirales,main_ecosystem,Engineered Systems,1,0.69,0.01
Order,Sepolyvirales,main_ecosystem,General Environmental,2,1.38,0.0
Order,Sepolyvirales,main_ecosystem,Host Associated,142,97.93,0.1
Order,Sobelivirales,main_ecosystem,Engineered Systems,51,11.11,0.3
Order,Sobelivirales,main_ecosystem,Extreme Environments,56,12.2,0.07
Order,Sobelivirales,main_ecosystem,General Environmental,315,68.63,0.14
Order,Sobelivirales,main_ecosystem,Host Associated,37,8.06,0.03
Order,Stellavirales,main_ecosystem,Engineered Systems,8,34.78,0.05
Order,Stellavirales,main_ecosystem,General Environmental,4,17.39,0.0
Order,Stellavirales,main_ecosystem,Host Associated,11,47.83,0.01
Order,Timlovirales,main_ecosystem,Engineered Systems,81,2.3,0.48
Order,Timlovirales,main_ecosystem,Extreme Environments,2652,75.32,3.15
Order,Timlovirales,main_ecosystem,General Environmental,281,7.98,0.13
Order,Timlovirales,main_ecosystem,Host Associated,507,14.4,0.37
Order,Tolivirales,main_ecosystem,Engineered Systems,301,5.78,1.77
Order,Tolivirales,main_ecosystem,Extreme Environments,2242,43.06,2.66
Order,Tolivirales,main_ecosystem,General Environmental,2411,46.3,1.11
Order,Tolivirales,main_ecosystem,Host Associated,253,4.86,0.19
Order,Tubulavirales,main_ecosystem,Engineered Systems,234,11.7,1.38
Order,Tubulavirales,main_ecosystem,Extreme Environments,304,15.2,0.36
Order,Tubulavirales,main_ecosystem,General Environmental,727,36.35,0.33
Order,Tubulavirales,main_ecosystem,Host Associated,681,34.05,0.5
Order,Tubulavirales,main_ecosystem,Mixed And Lab,7,0.35,1.4
Order,Tubulavirales,main_ecosystem,Contaminated and Industrial Environments,47,2.35,0.58
Order,Tymovirales,main_ecosystem,Engineered Systems,3,15.79,0.02
Order,Tymovirales,main_ecosystem,Extreme Environments,4,21.05,0.0
Order,Tymovirales,main_ecosystem,General Environmental,6,31.58,0.0
Order,Tymovirales,main_ecosystem,Host Associated,6,31.58,0.0
Order,Unclassified_Caudoviricetes,main_ecosystem,Engineered Systems,12274,4.12,72.26
Order,Unclassified_Caudoviricetes,main_ecosystem,Extreme Environments,63572,21.31,75.48
Order,Unclassified_Caudoviricetes,main_ecosystem,General Environmental,106345,35.66,48.89
Order,Unclassified_Caudoviricetes,main_ecosystem,Host Associated,108135,36.26,79.57
Order,Unclassified_Caudoviricetes,main_ecosystem,Mixed And Lab,438,0.15,87.43
Order,Unclassified_Caudoviricetes,main_ecosystem,Contaminated and Industrial Environments,7487,2.51,92.34
Order,Zurhausenvirales,main_ecosystem,Engineered Systems,14,8.19,0.08
Order,Zurhausenvirales,main_ecosystem,Extreme Environments,11,6.43,0.01
Order,Zurhausenvirales,main_ecosystem,General Environmental,70,40.94,0.03
Order,Zurhausenvirales,main_ecosystem,Host Associated,71,41.52,0.05
Order,Zurhausenvirales,main_ecosystem,Contaminated and Industrial Environments,5,2.92,0.06
Order,Algavirales,sub_ecosystem,Aquatic Freshwater,6255,57.19,4.76
Order,Algavirales,sub_ecosystem,Aquatic Marine,2162,19.77,2.65
Order,Algavirales,sub_ecosystem,Chemical Remediation Targets,30,0.27,0.79
Order,Algavirales,sub_ecosystem,Controlled Environment,3,0.03,0.31
Order,Algavirales,sub_ecosystem,Fungi And Algae,6,0.05,1.03
Order,Algavirales,sub_ecosystem,Human,1,0.01,0.0
Order,Algavirales,sub_ecosystem,Hydrocarbon Contamination Oil,1,0.01,1.61
Order,Algavirales,sub_ecosystem,Industrial Wastewater,5,0.05,0.26
Order,Algavirales,sub_ecosystem,Landfill,2,0.02,0.09
Order,Algavirales,sub_ecosystem,Plants,1881,17.2,2.36
Order,Algavirales,sub_ecosystem,Psychrophilic Low Temperature,11,0.1,0.02
Order,Algavirales,sub_ecosystem,Subsurface And Geologic,142,1.3,0.88
Order,Algavirales,sub_ecosystem,Terrestrial Soil,1,0.01,0.04
Order,Algavirales,sub_ecosystem,Thermophilic High Temperature,434,3.97,2.95
Order,Algavirales,sub_ecosystem,Wastewater Treatment,4,0.04,0.06
Order,Asfuvirales,sub_ecosystem,Aquatic Freshwater,9,23.08,0.01
Order,Asfuvirales,sub_ecosystem,Aquatic Marine,3,7.69,0.0
Order,Asfuvirales,sub_ecosystem,Chemical Remediation Targets,5,12.82,0.13
Order,Asfuvirales,sub_ecosystem,Plants,17,43.59,0.02
Order,Asfuvirales,sub_ecosystem,Psychrophilic Low Temperature,1,2.56,0.0
Order,Asfuvirales,sub_ecosystem,Subsurface And Geologic,3,7.69,0.02
Order,Asfuvirales,sub_ecosystem,Terrestrial Soil,1,2.56,0.04
Order,Autographivirales,sub_ecosystem,Animals,1,0.03,0.02
Order,Autographivirales,sub_ecosystem,Aquatic Freshwater,677,19.3,0.51
Order,Autographivirales,sub_ecosystem,Aquatic Marine,1527,43.53,1.87
Order,Autographivirales,sub_ecosystem,Aquatic Special,8,0.23,0.52
Order,Autographivirales,sub_ecosystem,Bioreactors,1,0.03,0.01
Order,Autographivirales,sub_ecosystem,Built Environment,9,0.26,0.56
Order,Autographivirales,sub_ecosystem,Chemical Remediation Targets,30,0.86,0.79
Order,Autographivirales,sub_ecosystem,Controlled Environment,23,0.66,2.34
Order,Autographivirales,sub_ecosystem,Fungi And Algae,16,0.46,2.75
Order,Autographivirales,sub_ecosystem,Halophilic And Alkaliphilic,9,0.26,11.54
Order,Autographivirales,sub_ecosystem,Human,127,3.62,0.25
Order,Autographivirales,sub_ecosystem,Hydrocarbon Contamination Oil,1,0.03,1.61
Order,Autographivirales,sub_ecosystem,Industrial Hydrocarbon Processing,2,0.06,3.03
Order,Autographivirales,sub_ecosystem,Industrial Wastewater,36,1.03,1.9
Order,Autographivirales,sub_ecosystem,Lab Enrichment,3,0.09,2.94
Order,Autographivirales,sub_ecosystem,Landfill,7,0.2,0.33
Order,Autographivirales,sub_ecosystem,Microbial Hosts,2,0.06,3.39
Order,Autographivirales,sub_ecosystem,Plants,723,20.61,0.91
Order,Autographivirales,sub_ecosystem,Psychrophilic Low Temperature,83,2.37,0.16
Order,Autographivirales,sub_ecosystem,Solid Waste Management,1,0.03,0.28
Order,Autographivirales,sub_ecosystem,Subsurface And Geologic,69,1.97,0.43
Order,Autographivirales,sub_ecosystem,Tailings Pond,1,0.03,0.93
Order,Autographivirales,sub_ecosystem,Terrestrial Soil,21,0.6,0.79
Order,Autographivirales,sub_ecosystem,Thermophilic High Temperature,96,2.74,0.65
Order,Autographivirales,sub_ecosystem,Unknown Mixed,3,0.09,1.03
Order,Autographivirales,sub_ecosystem,Wastewater Treatment,32,0.91,0.51
Order,Baphyvirales,sub_ecosystem,Plants,33,100.0,0.04
Order,Cirlivirales,sub_ecosystem,Aquatic Freshwater,21,30.0,0.02
Order,Cirlivirales,sub_ecosystem,Aquatic Marine,5,7.14,0.01
Order,Cirlivirales,sub_ecosystem,Cleanrooms,1,1.43,1.69
Order,Cirlivirales,sub_ecosystem,Human,38,54.29,0.07
Order,Cirlivirales,sub_ecosystem,Plants,5,7.14,0.01
Order,Crassvirales,sub_ecosystem,Animals,14,0.23,0.34
Order,Crassvirales,sub_ecosystem,Aquatic Freshwater,1535,24.71,1.17
Order,Crassvirales,sub_ecosystem,Aquatic Marine,1137,18.3,1.39
Order,Crassvirales,sub_ecosystem,Aquatic Special,21,0.34,1.36
Order,Crassvirales,sub_ecosystem,Bioreactors,135,2.17,1.82
Order,Crassvirales,sub_ecosystem,Built Environment,28,0.45,1.75
Order,Crassvirales,sub_ecosystem,Chemical Remediation Targets,42,0.68,1.11
Order,Crassvirales,sub_ecosystem,Fungi And Algae,11,0.18,1.89
Order,Crassvirales,sub_ecosystem,Human,1053,16.95,2.05
Order,Crassvirales,sub_ecosystem,Industrial Wastewater,42,0.68,2.22
Order,Crassvirales,sub_ecosystem,Lab Enrichment,2,0.03,1.96
Order,Crassvirales,sub_ecosystem,Landfill,41,0.66,1.91
Order,Crassvirales,sub_ecosystem,Plants,1305,21.0,1.64
Order,Crassvirales,sub_ecosystem,Psychrophilic Low Temperature,333,5.36,0.63
Order,Crassvirales,sub_ecosystem,Solid Waste Management,1,0.02,0.28
Order,Crassvirales,sub_ecosystem,Subsurface And Geologic,159,2.56,0.98
Order,Crassvirales,sub_ecosystem,Tailings Pond,1,0.02,0.93
Order,Crassvirales,sub_ecosystem,Terrestrial Soil,13,0.21,0.49
Order,Crassvirales,sub_ecosystem,Terrestrial Vegetation,1,0.02,1.69
Order,Crassvirales,sub_ecosystem,Thermophilic High Temperature,182,2.93,1.24
Order,Crassvirales,sub_ecosystem,Unknown Mixed,3,0.05,1.03
Order,Crassvirales,sub_ecosystem,Wastewater Treatment,154,2.48,2.46
Order,Cremevirales,sub_ecosystem,Aquatic Freshwater,16,35.56,0.01
Order,Cremevirales,sub_ecosystem,Aquatic Marine,6,13.33,0.01
Order,Cremevirales,sub_ecosystem,Bioreactors,2,4.44,0.03
Order,Cremevirales,sub_ecosystem,Human,15,33.33,0.03
Order,Cremevirales,sub_ecosystem,Landfill,1,2.22,0.05
Order,Cremevirales,sub_ecosystem,Plants,5,11.11,0.01
Order,Geplafuvirales,sub_ecosystem,Aquatic Freshwater,1206,81.93,0.92
Order,Geplafuvirales,sub_ecosystem,Aquatic Marine,67,4.55,0.08
Order,Geplafuvirales,sub_ecosystem,Aquatic Special,5,0.34,0.32
Order,Geplafuvirales,sub_ecosystem,Bioreactors,3,0.2,0.04
Order,Geplafuvirales,sub_ecosystem,Cleanrooms,35,2.38,59.32
Order,Geplafuvirales,sub_ecosystem,Food Production,2,0.14,1.0
Order,Geplafuvirales,sub_ecosystem,Human,94,6.39,0.18
Order,Geplafuvirales,sub_ecosystem,Plants,27,1.83,0.03
Order,Geplafuvirales,sub_ecosystem,Psychrophilic Low Temperature,17,1.15,0.03
Order,Geplafuvirales,sub_ecosystem,Subsurface And Geologic,13,0.88,0.08
Order,Geplafuvirales,sub_ecosystem,Terrestrial Soil,2,0.14,0.07
Order,Geplafuvirales,sub_ecosystem,Thermophilic High Temperature,1,0.07,0.01
Order,Ghabrivirales,sub_ecosystem,Aquatic Freshwater,59,26.82,0.04
Order,Ghabrivirales,sub_ecosystem,Aquatic Marine,61,27.73,0.07
Order,Ghabrivirales,sub_ecosystem,Bioreactors,1,0.45,0.01
Order,Ghabrivirales,sub_ecosystem,Chemical Remediation Targets,3,1.36,0.08
Order,Ghabrivirales,sub_ecosystem,Human,2,0.91,0.0
Order,Ghabrivirales,sub_ecosystem,Plants,38,17.27,0.05
Order,Ghabrivirales,sub_ecosystem,Psychrophilic Low Temperature,39,17.73,0.07
Order,Ghabrivirales,sub_ecosystem,Solid Waste Management,2,0.91,0.56
Order,Ghabrivirales,sub_ecosystem,Subsurface And Geologic,2,0.91,0.01
Order,Ghabrivirales,sub_ecosystem,Terrestrial Soil,6,2.73,0.22
Order,Ghabrivirales,sub_ecosystem,Thermophilic High Temperature,1,0.45,0.01
Order,Ghabrivirales,sub_ecosystem,Wastewater Treatment,6,2.73,0.1
Order,Gredzevirales,sub_ecosystem,Aquatic Freshwater,2,28.57,0.0
Order,Gredzevirales,sub_ecosystem,Aquatic Marine,5,71.43,0.01
Order,Herpesvirales,sub_ecosystem,Human,6,27.27,0.01
Order,Herpesvirales,sub_ecosystem,Plants,15,68.18,0.02
Order,Herpesvirales,sub_ecosystem,Thermophilic High Temperature,1,4.55,0.01
Order,Imitervirales,sub_ecosystem,Aquatic Freshwater,1840,36.45,1.4
Order,Imitervirales,sub_ecosystem,Aquatic Marine,920,18.23,1.13
Order,Imitervirales,sub_ecosystem,Bioreactors,11,0.22,0.15
Order,Imitervirales,sub_ecosystem,Chemical Remediation Targets,22,0.44,0.58
Order,Imitervirales,sub_ecosystem,Fungi And Algae,5,0.1,0.86
Order,Imitervirales,sub_ecosystem,Human,157,3.11,0.3
Order,Imitervirales,sub_ecosystem,Industrial Wastewater,6,0.12,0.32
Order,Imitervirales,sub_ecosystem,Landfill,12,0.24,0.56
Order,Imitervirales,sub_ecosystem,Plants,1797,35.6,2.25
Order,Imitervirales,sub_ecosystem,Psychrophilic Low Temperature,91,1.8,0.17
Order,Imitervirales,sub_ecosystem,Subsurface And Geologic,78,1.55,0.48
Order,Imitervirales,sub_ecosystem,Terrestrial Soil,14,0.28,0.52
Order,Imitervirales,sub_ecosystem,Terrestrial Vegetation,2,0.04,3.39
Order,Imitervirales,sub_ecosystem,Thermophilic High Temperature,76,1.51,0.52
Order,Imitervirales,sub_ecosystem,Wastewater Treatment,17,0.34,0.27
Order,Kalamavirales,sub_ecosystem,Aquatic Freshwater,6,2.49,0.0
Order,Kalamavirales,sub_ecosystem,Aquatic Marine,12,4.98,0.01
Order,Kalamavirales,sub_ecosystem,Aquatic Special,1,0.41,0.06
Order,Kalamavirales,sub_ecosystem,Built Environment,2,0.83,0.13
Order,Kalamavirales,sub_ecosystem,Chemical Remediation Targets,20,8.3,0.53
Order,Kalamavirales,sub_ecosystem,Human,29,12.03,0.06
Order,Kalamavirales,sub_ecosystem,Landfill,1,0.41,0.05
Order,Kalamavirales,sub_ecosystem,Plants,134,55.6,0.17
Order,Kalamavirales,sub_ecosystem,Psychrophilic Low Temperature,20,8.3,0.04
Order,Kalamavirales,sub_ecosystem,Subsurface And Geologic,13,5.39,0.08
Order,Kalamavirales,sub_ecosystem,Thermophilic High Temperature,3,1.24,0.02
Order,Lefavirales,sub_ecosystem,Animals,6,4.05,0.15
Order,Lefavirales,sub_ecosystem,Aquatic Freshwater,41,27.7,0.03
Order,Lefavirales,sub_ecosystem,Aquatic Marine,44,29.73,0.05
Order,Lefavirales,sub_ecosystem,Bioreactors,1,0.68,0.01
Order,Lefavirales,sub_ecosystem,Controlled Environment,1,0.68,0.1
Order,Lefavirales,sub_ecosystem,Human,7,4.73,0.01
Order,Lefavirales,sub_ecosystem,Plants,44,29.73,0.06
Order,Lefavirales,sub_ecosystem,Psychrophilic Low Temperature,2,1.35,0.0
Order,Lefavirales,sub_ecosystem,Subsurface And Geologic,1,0.68,0.01
Order,Lefavirales,sub_ecosystem,Wastewater Treatment,1,0.68,0.02
Order,Martellivirales,sub_ecosystem,Animals,1,0.64,0.02
Order,Martellivirales,sub_ecosystem,Aquatic Freshwater,6,3.85,0.0
Order,Martellivirales,sub_ecosystem,Aquatic Marine,13,8.33,0.02
Order,Martellivirales,sub_ecosystem,Human,29,18.59,0.06
Order,Martellivirales,sub_ecosystem,Plants,51,32.69,0.06
Order,Martellivirales,sub_ecosystem,Psychrophilic Low Temperature,39,25.0,0.07
Order,Martellivirales,sub_ecosystem,Terrestrial Soil,4,2.56,0.15
Order,Martellivirales,sub_ecosystem,Thermophilic High Temperature,11,7.05,0.07
Order,Martellivirales,sub_ecosystem,Wastewater Treatment,2,1.28,0.03
Order,Nodamuvirales,sub_ecosystem,Animals,3,18.75,0.07
Order,Nodamuvirales,sub_ecosystem,Aquatic Freshwater,1,6.25,0.0
Order,Nodamuvirales,sub_ecosystem,Aquatic Marine,1,6.25,0.0
Order,Nodamuvirales,sub_ecosystem,Plants,5,31.25,0.01
Order,Nodamuvirales,sub_ecosystem,Psychrophilic Low Temperature,6,37.5,0.01
Order,Norzivirales,sub_ecosystem,Aquatic Freshwater,1796,17.44,1.37
Order,Norzivirales,sub_ecosystem,Aquatic Marine,1201,11.66,1.47
Order,Norzivirales,sub_ecosystem,Bioreactors,1376,13.36,18.53
Order,Norzivirales,sub_ecosystem,Human,18,0.17,0.03
Order,Norzivirales,sub_ecosystem,Plants,868,8.43,1.09
Order,Norzivirales,sub_ecosystem,Psychrophilic Low Temperature,4450,43.22,8.36
Order,Norzivirales,sub_ecosystem,Subsurface And Geologic,42,0.41,0.26
Order,Norzivirales,sub_ecosystem,Terrestrial Soil,184,1.79,6.9
Order,Norzivirales,sub_ecosystem,Thermophilic High Temperature,86,0.84,0.58
Order,Norzivirales,sub_ecosystem,Wastewater Treatment,275,2.67,4.4
Order,Pantevenvirales,sub_ecosystem,Animals,9,0.38,0.22
Order,Pantevenvirales,sub_ecosystem,Aquatic Freshwater,543,22.84,0.41
Order,Pantevenvirales,sub_ecosystem,Aquatic Marine,966,40.64,1.18
Order,Pantevenvirales,sub_ecosystem,Aquatic Special,1,0.04,0.06
Order,Pantevenvirales,sub_ecosystem,Bioreactors,2,0.08,0.03
Order,Pantevenvirales,sub_ecosystem,Fungi And Algae,3,0.13,0.52
Order,Pantevenvirales,sub_ecosystem,Human,108,4.54,0.21
Order,Pantevenvirales,sub_ecosystem,Industrial Processing,1,0.04,0.57
Order,Pantevenvirales,sub_ecosystem,Industrial Wastewater,1,0.04,0.05
Order,Pantevenvirales,sub_ecosystem,Lab Enrichment,1,0.04,0.98
Order,Pantevenvirales,sub_ecosystem,Landfill,11,0.46,0.51
Order,Pantevenvirales,sub_ecosystem,Plants,670,28.19,0.84
Order,Pantevenvirales,sub_ecosystem,Psychrophilic Low Temperature,10,0.42,0.02
Order,Pantevenvirales,sub_ecosystem,Subsurface And Geologic,6,0.25,0.04
Order,Pantevenvirales,sub_ecosystem,Terrestrial Soil,1,0.04,0.04
Order,Pantevenvirales,sub_ecosystem,Thermophilic High Temperature,42,1.77,0.29
Order,Pantevenvirales,sub_ecosystem,Wastewater Treatment,2,0.08,0.03
Order,Petitvirales,sub_ecosystem,Animals,121,0.59,2.98
Order,Petitvirales,sub_ecosystem,Aquatic Freshwater,7021,34.3,5.34
Order,Petitvirales,sub_ecosystem,Aquatic Marine,4653,22.73,5.7
Order,Petitvirales,sub_ecosystem,Aquatic Special,198,0.97,12.83
Order,Petitvirales,sub_ecosystem,Atmospheric,1,0.0,2.04
Order,Petitvirales,sub_ecosystem,Bioreactors,200,0.98,2.69
Order,Petitvirales,sub_ecosystem,Built Environment,3,0.01,0.19
Order,Petitvirales,sub_ecosystem,Chemical Remediation Targets,5,0.02,0.13
Order,Petitvirales,sub_ecosystem,Cleanrooms,6,0.03,10.17
Order,Petitvirales,sub_ecosystem,Fungi And Algae,14,0.07,2.41
Order,Petitvirales,sub_ecosystem,Human,6645,32.46,12.91
Order,Petitvirales,sub_ecosystem,Hydrocarbon Contamination Oil,1,0.0,1.61
Order,Petitvirales,sub_ecosystem,Industrial Hydrocarbon Processing,1,0.0,1.52
Order,Petitvirales,sub_ecosystem,Industrial Processing,2,0.01,1.14
Order,Petitvirales,sub_ecosystem,Industrial Wastewater,17,0.08,0.9
Order,Petitvirales,sub_ecosystem,Landfill,2,0.01,0.09
Order,Petitvirales,sub_ecosystem,Modeled,2,0.01,1.87
Order,Petitvirales,sub_ecosystem,Plants,1076,5.26,1.35
Order,Petitvirales,sub_ecosystem,Psychrophilic Low Temperature,141,0.69,0.26
Order,Petitvirales,sub_ecosystem,Subsurface And Geologic,80,0.39,0.49
Order,Petitvirales,sub_ecosystem,Terrestrial Soil,14,0.07,0.52
Order,Petitvirales,sub_ecosystem,Thermophilic High Temperature,88,0.43,0.6
Order,Petitvirales,sub_ecosystem,Unknown Mixed,4,0.02,1.37
Order,Petitvirales,sub_ecosystem,Wastewater Treatment,175,0.85,2.8
Order,Piccovirales,sub_ecosystem,Animals,4,1.18,0.1
Order,Piccovirales,sub_ecosystem,Chemical Remediation Targets,1,0.3,0.03
Order,Piccovirales,sub_ecosystem,Human,105,31.07,0.2
Order,Piccovirales,sub_ecosystem,Plants,216,63.91,0.27
Order,Piccovirales,sub_ecosystem,Thermophilic High Temperature,9,2.66,0.06
Order,Piccovirales,sub_ecosystem,Wastewater Treatment,3,0.89,0.05
Order,Picornavirales,sub_ecosystem,Animals,4,0.1,0.1
Order,Picornavirales,sub_ecosystem,Aquatic Freshwater,1134,27.16,0.86
Order,Picornavirales,sub_ecosystem,Aquatic Marine,1011,24.21,1.24
Order,Picornavirales,sub_ecosystem,Aquatic Special,1,0.02,0.06
Order,Picornavirales,sub_ecosystem,Bioreactors,356,8.52,4.8
Order,Picornavirales,sub_ecosystem,Controlled Environment,3,0.07,0.31
Order,Picornavirales,sub_ecosystem,Human,6,0.14,0.01
Order,Picornavirales,sub_ecosystem,Plants,201,4.81,0.25
Order,Picornavirales,sub_ecosystem,Psychrophilic Low Temperature,827,19.8,1.55
Order,Picornavirales,sub_ecosystem,Solid Waste Management,2,0.05,0.56
Order,Picornavirales,sub_ecosystem,Subsurface And Geologic,8,0.19,0.05
Order,Picornavirales,sub_ecosystem,Terrestrial Soil,23,0.55,0.86
Order,Picornavirales,sub_ecosystem,Thermophilic High Temperature,546,13.07,3.71
Order,Picornavirales,sub_ecosystem,Wastewater Treatment,54,1.29,0.86
Order,Pimascovirales,sub_ecosystem,Animals,2,0.17,0.05
Order,Pimascovirales,sub_ecosystem,Aquatic Freshwater,550,46.22,0.42
Order,Pimascovirales,sub_ecosystem,Aquatic Marine,332,27.9,0.41
Order,Pimascovirales,sub_ecosystem,Aquatic Special,3,0.25,0.19
Order,Pimascovirales,sub_ecosystem,Bioreactors,2,0.17,0.03
Order,Pimascovirales,sub_ecosystem,Chemical Remediation Targets,7,0.59,0.19
Order,Pimascovirales,sub_ecosystem,Human,1,0.08,0.0
Order,Pimascovirales,sub_ecosystem,Industrial Wastewater,1,0.08,0.05
Order,Pimascovirales,sub_ecosystem,Landfill,1,0.08,0.05
Order,Pimascovirales,sub_ecosystem,Plants,212,17.82,0.27
Order,Pimascovirales,sub_ecosystem,Psychrophilic Low Temperature,23,1.93,0.04
Order,Pimascovirales,sub_ecosystem,Subsurface And Geologic,27,2.27,0.17
Order,Pimascovirales,sub_ecosystem,Terrestrial Soil,2,0.17,0.07
Order,Pimascovirales,sub_ecosystem,Thermophilic High Temperature,26,2.18,0.18
Order,Pimascovirales,sub_ecosystem,Wastewater Treatment,1,0.08,0.02
Order,Reovirales,sub_ecosystem,Animals,1,0.04,0.02
Order,Reovirales,sub_ecosystem,Aquatic Freshwater,92,3.63,0.07
Order,Reovirales,sub_ecosystem,Aquatic Marine,235,9.27,0.29
Order,Reovirales,sub_ecosystem,Bioreactors,23,0.91,0.31
Order,Reovirales,sub_ecosystem,Built Environment,2,0.08,0.13
Order,Reovirales,sub_ecosystem,Chemical Remediation Targets,14,0.55,0.37
Order,Reovirales,sub_ecosystem,Human,317,12.5,0.62
Order,Reovirales,sub_ecosystem,Hydrocarbon Contamination Oil,3,0.12,4.84
Order,Reovirales,sub_ecosystem,Industrial Wastewater,1,0.04,0.05
Order,Reovirales,sub_ecosystem,Landfill,8,0.32,0.37
Order,Reovirales,sub_ecosystem,Plants,1588,62.62,1.99
Order,Reovirales,sub_ecosystem,Psychrophilic Low Temperature,59,2.33,0.11
Order,Reovirales,sub_ecosystem,Solid Waste Management,3,0.12,0.84
Order,Reovirales,sub_ecosystem,Subsurface And Geologic,83,3.27,0.51
Order,Reovirales,sub_ecosystem,Terrestrial Soil,4,0.16,0.15
Order,Reovirales,sub_ecosystem,Thermophilic High Temperature,88,3.47,0.6
Order,Reovirales,sub_ecosystem,Unknown Mixed,1,0.04,0.34
Order,Reovirales,sub_ecosystem,Wastewater Treatment,14,0.55,0.22
Order,Rohanvirales,sub_ecosystem,Human,15,100.0,0.03
Order,Rowavirales,sub_ecosystem,Animals,5,7.58,0.12
Order,Rowavirales,sub_ecosystem,Human,47,71.21,0.09
Order,Rowavirales,sub_ecosystem,Plants,14,21.21,0.02
Order,Sanitavirales,sub_ecosystem,Aquatic Freshwater,36,18.75,0.03
Order,Sanitavirales,sub_ecosystem,Aquatic Marine,49,25.52,0.06
Order,Sanitavirales,sub_ecosystem,Bioreactors,1,0.52,0.01
Order,Sanitavirales,sub_ecosystem,Human,79,41.15,0.15
Order,Sanitavirales,sub_ecosystem,Industrial Wastewater,2,1.04,0.11
Order,Sanitavirales,sub_ecosystem,Plants,6,3.12,0.01
Order,Sanitavirales,sub_ecosystem,Psychrophilic Low Temperature,12,6.25,0.02
Order,Sanitavirales,sub_ecosystem,Thermophilic High Temperature,5,2.6,0.03
Order,Sanitavirales,sub_ecosystem,Wastewater Treatment,2,1.04,0.03
Order,Saturnivirales,sub_ecosystem,Aquatic Freshwater,120,86.96,0.09
Order,Saturnivirales,sub_ecosystem,Aquatic Marine,14,10.14,0.02
Order,Saturnivirales,sub_ecosystem,Psychrophilic Low Temperature,1,0.72,0.0
Order,Saturnivirales,sub_ecosystem,Subsurface And Geologic,3,2.17,0.02
Order,Sepolyvirales,sub_ecosystem,Animals,5,3.45,0.12
Order,Sepolyvirales,sub_ecosystem,Aquatic Freshwater,2,1.38,0.0
Order,Sepolyvirales,sub_ecosystem,Human,132,91.03,0.26
Order,Sepolyvirales,sub_ecosystem,Industrial Processing,1,0.69,0.57
Order,Sepolyvirales,sub_ecosystem,Plants,5,3.45,0.01
Order,Sobelivirales,sub_ecosystem,Aquatic Freshwater,216,47.06,0.16
Order,Sobelivirales,sub_ecosystem,Aquatic Marine,94,20.48,0.12
Order,Sobelivirales,sub_ecosystem,Bioreactors,43,9.37,0.58
Order,Sobelivirales,sub_ecosystem,Human,30,6.54,0.06
Order,Sobelivirales,sub_ecosystem,Plants,7,1.53,0.01
Order,Sobelivirales,sub_ecosystem,Psychrophilic Low Temperature,44,9.59,0.08
Order,Sobelivirales,sub_ecosystem,Terrestrial Soil,5,1.09,0.19
Order,Sobelivirales,sub_ecosystem,Thermophilic High Temperature,12,2.61,0.08
Order,Sobelivirales,sub_ecosystem,Wastewater Treatment,8,1.74,0.13
Order,Stellavirales,sub_ecosystem,Aquatic Freshwater,4,17.39,0.0
Order,Stellavirales,sub_ecosystem,Bioreactors,8,34.78,0.11
Order,Stellavirales,sub_ecosystem,Human,7,30.43,0.01
Order,Stellavirales,sub_ecosystem,Plants,4,17.39,0.01
Order,Timlovirales,sub_ecosystem,Aquatic Freshwater,73,2.07,0.06
Order,Timlovirales,sub_ecosystem,Aquatic Marine,93,2.64,0.11
Order,Timlovirales,sub_ecosystem,Bioreactors,72,2.04,0.97
Order,Timlovirales,sub_ecosystem,Human,10,0.28,0.02
Order,Timlovirales,sub_ecosystem,Plants,497,14.12,0.62
Order,Timlovirales,sub_ecosystem,Psychrophilic Low Temperature,2643,75.06,4.96
Order,Timlovirales,sub_ecosystem,Subsurface And Geologic,9,0.26,0.06
Order,Timlovirales,sub_ecosystem,Terrestrial Soil,115,3.27,4.31
Order,Timlovirales,sub_ecosystem,Wastewater Treatment,9,0.26,0.14
Order,Tolivirales,sub_ecosystem,Aquatic Freshwater,1355,26.02,1.03
Order,Tolivirales,sub_ecosystem,Aquatic Marine,992,19.05,1.21
Order,Tolivirales,sub_ecosystem,Bioreactors,230,4.42,3.1
Order,Tolivirales,sub_ecosystem,Human,16,0.31,0.03
Order,Tolivirales,sub_ecosystem,Plants,237,4.55,0.3
Order,Tolivirales,sub_ecosystem,Psychrophilic Low Temperature,2067,39.7,3.88
Order,Tolivirales,sub_ecosystem,Subsurface And Geologic,11,0.21,0.07
Order,Tolivirales,sub_ecosystem,Terrestrial Soil,64,1.23,2.4
Order,Tolivirales,sub_ecosystem,Thermophilic High Temperature,164,3.15,1.11
Order,Tolivirales,sub_ecosystem,Wastewater Treatment,71,1.36,1.14
Order,Tubulavirales,sub_ecosystem,Animals,75,3.75,1.85
Order,Tubulavirales,sub_ecosystem,Aquatic Freshwater,399,19.95,0.3
Order,Tubulavirales,sub_ecosystem,Aquatic Marine,293,14.65,0.36
Order,Tubulavirales,sub_ecosystem,Aquatic Special,14,0.7,0.91
Order,Tubulavirales,sub_ecosystem,Bioreactors,43,2.15,0.58
Order,Tubulavirales,sub_ecosystem,Built Environment,146,7.3,9.14
Order,Tubulavirales,sub_ecosystem,Chemical Remediation Targets,10,0.5,0.26
Order,Tubulavirales,sub_ecosystem,Cleanrooms,3,0.15,5.08
Order,Tubulavirales,sub_ecosystem,Fungi And Algae,16,0.8,2.75
Order,Tubulavirales,sub_ecosystem,Halophilic And Alkaliphilic,13,0.65,16.67
Order,Tubulavirales,sub_ecosystem,Human,438,21.9,0.85
Order,Tubulavirales,sub_ecosystem,Industrial Hydrocarbon Processing,2,0.1,3.03
Order,Tubulavirales,sub_ecosystem,Industrial Processing,4,0.2,2.27
Order,Tubulavirales,sub_ecosystem,Industrial Wastewater,24,1.2,1.27
Order,Tubulavirales,sub_ecosystem,Lab Enrichment,2,0.1,1.96
Order,Tubulavirales,sub_ecosystem,Landfill,6,0.3,0.28
Order,Tubulavirales,sub_ecosystem,Microbial Hosts,2,0.1,3.39
Order,Tubulavirales,sub_ecosystem,Modeled,2,0.1,1.87
Order,Tubulavirales,sub_ecosystem,Plants,150,7.5,0.19
Order,Tubulavirales,sub_ecosystem,Psychrophilic Low Temperature,136,6.8,0.26
Order,Tubulavirales,sub_ecosystem,Solid Waste Management,5,0.25,1.4
Order,Tubulavirales,sub_ecosystem,Subsurface And Geologic,129,6.45,0.8
Order,Tubulavirales,sub_ecosystem,Tailings Pond,2,0.1,1.87
Order,Tubulavirales,sub_ecosystem,Terrestrial Soil,20,1.0,0.75
Order,Tubulavirales,sub_ecosystem,Terrestrial Vegetation,1,0.05,1.69
Order,Tubulavirales,sub_ecosystem,Thermophilic High Temperature,26,1.3,0.18
Order,Tubulavirales,sub_ecosystem,Unknown Mixed,3,0.15,1.03
Order,Tubulavirales,sub_ecosystem,Wastewater Treatment,36,1.8,0.58
Order,Tymovirales,sub_ecosystem,Aquatic Freshwater,2,10.53,0.0
Order,Tymovirales,sub_ecosystem,Aquatic Marine,1,5.26,0.0
Order,Tymovirales,sub_ecosystem,Bioreactors,3,15.79,0.04
Order,Tymovirales,sub_ecosystem,Human,1,5.26,0.0
Order,Tymovirales,sub_ecosystem,Plants,5,26.32,0.01
Order,Tymovirales,sub_ecosystem,Psychrophilic Low Temperature,4,21.05,0.01
Order,Tymovirales,sub_ecosystem,Terrestrial Soil,3,15.79,0.11
Order,Unclassified_Caudoviricetes,sub_ecosystem,Animals,3310,1.11,81.47
Order,Unclassified_Caudoviricetes,sub_ecosystem,Aquatic Freshwater,64508,21.63,49.04
Order,Unclassified_Caudoviricetes,sub_ecosystem,Aquatic Marine,38969,13.07,47.73
Order,Unclassified_Caudoviricetes,sub_ecosystem,Aquatic Special,1222,0.41,79.2
Order,Unclassified_Caudoviricetes,sub_ecosystem,Atmospheric,42,0.01,85.71
Order,Unclassified_Caudoviricetes,sub_ecosystem,Bioreactors,4539,1.52,61.14
Order,Unclassified_Caudoviricetes,sub_ecosystem,Built Environment,1139,0.38,71.32
Order,Unclassified_Caudoviricetes,sub_ecosystem,Chemical Remediation Targets,3554,1.19,94.12
Order,Unclassified_Caudoviricetes,sub_ecosystem,Cleanrooms,13,0.0,22.03
Order,Unclassified_Caudoviricetes,sub_ecosystem,Controlled Environment,863,0.29,87.88
Order,Unclassified_Caudoviricetes,sub_ecosystem,Food Production,189,0.06,94.5
Order,Unclassified_Caudoviricetes,sub_ecosystem,Fungi And Algae,475,0.16,81.62
Order,Unclassified_Caudoviricetes,sub_ecosystem,Halophilic And Alkaliphilic,54,0.02,69.23
Order,Unclassified_Caudoviricetes,sub_ecosystem,Human,38638,12.95,75.04
Order,Unclassified_Caudoviricetes,sub_ecosystem,Hydrocarbon Contamination Oil,56,0.02,90.32
Order,Unclassified_Caudoviricetes,sub_ecosystem,Industrial Hydrocarbon Processing,57,0.02,86.36
Order,Unclassified_Caudoviricetes,sub_ecosystem,Industrial Processing,111,0.04,63.07
Order,Unclassified_Caudoviricetes,sub_ecosystem,Industrial Wastewater,1700,0.57,89.76
Order,Unclassified_Caudoviricetes,sub_ecosystem,Lab Enrichment,79,0.03,77.45
Order,Unclassified_Caudoviricetes,sub_ecosystem,Landfill,2010,0.67,93.75
Order,Unclassified_Caudoviricetes,sub_ecosystem,Microbial Hosts,46,0.02,77.97
Order,Unclassified_Caudoviricetes,sub_ecosystem,Modeled,96,0.03,89.72
Order,Unclassified_Caudoviricetes,sub_ecosystem,Plants,65666,22.02,82.38
Order,Unclassified_Caudoviricetes,sub_ecosystem,Psychrophilic Low Temperature,37336,12.52,70.12
Order,Unclassified_Caudoviricetes,sub_ecosystem,Solid Waste Management,334,0.11,93.56
Order,Unclassified_Caudoviricetes,sub_ecosystem,Subsurface And Geologic,14323,4.8,88.46
Order,Unclassified_Caudoviricetes,sub_ecosystem,Tailings Pond,97,0.03,90.65
Order,Unclassified_Caudoviricetes,sub_ecosystem,Terrestrial Soil,1549,0.52,58.08
Order,Unclassified_Caudoviricetes,sub_ecosystem,Terrestrial Vegetation,55,0.02,93.22
Order,Unclassified_Caudoviricetes,sub_ecosystem,Thermophilic High Temperature,11859,3.98,80.6
Order,Unclassified_Caudoviricetes,sub_ecosystem,Unknown Mixed,263,0.09,90.07
Order,Unclassified_Caudoviricetes,sub_ecosystem,Wastewater Treatment,5099,1.71,81.6
Order,Zurhausenvirales,sub_ecosystem,Aquatic Freshwater,24,14.04,0.02
Order,Zurhausenvirales,sub_ecosystem,Aquatic Marine,46,26.9,0.06
Order,Zurhausenvirales,sub_ecosystem,Bioreactors,6,3.51,0.08
Order,Zurhausenvirales,sub_ecosystem,Food Production,4,2.34,2.0
Order,Zurhausenvirales,sub_ecosystem,Fungi And Algae,1,0.58,0.17
Order,Zurhausenvirales,sub_ecosystem,Human,66,38.6,0.13
Order,Zurhausenvirales,sub_ecosystem,Industrial Hydrocarbon Processing,1,0.58,1.52
Order,Zurhausenvirales,sub_ecosystem,Industrial Wastewater,3,1.75,0.16
Order,Zurhausenvirales,sub_ecosystem,Landfill,1,0.58,0.05
Order,Zurhausenvirales,sub_ecosystem,Plants,4,2.34,0.01
Order,Zurhausenvirales,sub_ecosystem,Psychrophilic Low Temperature,7,4.09,0.01
Order,Zurhausenvirales,sub_ecosystem,Subsurface And Geologic,1,0.58,0.01
Order,Zurhausenvirales,sub_ecosystem,Thermophilic High Temperature,3,1.75,0.02
Order,Zurhausenvirales,sub_ecosystem,Wastewater Treatment,4,2.34,0.06
Family,Ackermannviridae,main_ecosystem,Extreme Environments,4,57.14,0.01
Family,Ackermannviridae,main_ecosystem,General Environmental,2,28.57,0.0
Family,Ackermannviridae,main_ecosystem,Host Associated,1,14.29,0.0
Family,Adenoviridae,main_ecosystem,Host Associated,66,100.0,0.07
Family,Alvernaviridae,main_ecosystem,Extreme Environments,52,21.94,0.08
Family,Alvernaviridae,main_ecosystem,General Environmental,181,76.37,0.1
Family,Alvernaviridae,main_ecosystem,Host Associated,4,1.69,0.0
Family,Andersonviridae,main_ecosystem,Host Associated,6,100.0,0.01
Family,Anelloviridae,main_ecosystem,Engineered Systems,1,0.37,0.01
Family,Anelloviridae,main_ecosystem,Extreme Environments,18,6.62,0.03
Family,Anelloviridae,main_ecosystem,General Environmental,162,59.56,0.09
Family,Anelloviridae,main_ecosystem,Host Associated,91,33.46,0.09
Family,Aoguangviridae,main_ecosystem,Host Associated,9,100.0,0.01
Family,Ascoviridae,main_ecosystem,Extreme Environments,9,75.0,0.01
Family,Ascoviridae,main_ecosystem,General Environmental,3,25.0,0.0
Family,Asfarviridae,main_ecosystem,Extreme Environments,9,10.98,0.01
Family,Asfarviridae,main_ecosystem,General Environmental,33,40.24,0.02
Family,Asfarviridae,main_ecosystem,Host Associated,34,41.46,0.04
Family,Asfarviridae,main_ecosystem,Contaminated and Industrial Environments,6,7.32,0.11
Family,Astroviridae,main_ecosystem,Engineered Systems,8,34.78,0.06
Family,Astroviridae,main_ecosystem,General Environmental,4,17.39,0.0
Family,Astroviridae,main_ecosystem,Host Associated,11,47.83,0.01
Family,Atkinsviridae,main_ecosystem,Engineered Systems,342,14.14,2.74
Family,Atkinsviridae,main_ecosystem,Extreme Environments,1249,51.63,1.9
Family,Atkinsviridae,main_ecosystem,General Environmental,706,29.19,0.39
Family,Atkinsviridae,main_ecosystem,Host Associated,122,5.04,0.13
Family,Autonotataviridae,main_ecosystem,Engineered Systems,7,2.02,0.06
Family,Autonotataviridae,main_ecosystem,Extreme Environments,15,4.34,0.02
Family,Autonotataviridae,main_ecosystem,General Environmental,135,39.02,0.08
Family,Autonotataviridae,main_ecosystem,Host Associated,152,43.93,0.16
Family,Autonotataviridae,main_ecosystem,Mixed And Lab,2,0.58,0.59
Family,Autonotataviridae,main_ecosystem,Contaminated and Industrial Environments,35,10.12,0.64
Family,Bacilladnaviridae,main_ecosystem,General Environmental,7,16.67,0.0
Family,Bacilladnaviridae,main_ecosystem,Host Associated,35,83.33,0.04
Family,Baculoviridae,main_ecosystem,Extreme Environments,4,2.76,0.01
Family,Baculoviridae,main_ecosystem,General Environmental,54,37.24,0.03
Family,Baculoviridae,main_ecosystem,Host Associated,84,57.93,0.09
Family,Baculoviridae,main_ecosystem,Contaminated and Industrial Environments,3,2.07,0.06
Family,Blumeviridae,main_ecosystem,Engineered Systems,15,21.74,0.12
Family,Blumeviridae,main_ecosystem,Extreme Environments,8,11.59,0.01
Family,Blumeviridae,main_ecosystem,General Environmental,11,15.94,0.01
Family,Blumeviridae,main_ecosystem,Host Associated,35,50.72,0.04
Family,Bromoviridae,main_ecosystem,Extreme Environments,71,50.0,0.11
Family,Bromoviridae,main_ecosystem,General Environmental,10,7.04,0.01
Family,Bromoviridae,main_ecosystem,Host Associated,61,42.96,0.06
Family,Burtonviroviridae,main_ecosystem,General Environmental,3,100.0,0.0
Family,Caliciviridae,main_ecosystem,Engineered Systems,13,5.75,0.1
Family,Caliciviridae,main_ecosystem,Extreme Environments,77,34.07,0.12
Family,Caliciviridae,main_ecosystem,General Environmental,120,53.1,0.07
Family,Caliciviridae,main_ecosystem,Host Associated,16,7.08,0.02
Family,Casjensviridae,main_ecosystem,Engineered Systems,32,5.18,0.26
Family,Casjensviridae,main_ecosystem,Extreme Environments,211,34.14,0.32
Family,Casjensviridae,main_ecosystem,General Environmental,108,17.48,0.06
Family,Casjensviridae,main_ecosystem,Host Associated,257,41.59,0.27
Family,Casjensviridae,main_ecosystem,Mixed And Lab,6,0.97,1.78
Family,Casjensviridae,main_ecosystem,Contaminated and Industrial Environments,4,0.65,0.07
Family,Chimalliviridae,main_ecosystem,Engineered Systems,176,2.01,1.41
Family,Chimalliviridae,main_ecosystem,Extreme Environments,672,7.68,1.02
Family,Chimalliviridae,main_ecosystem,General Environmental,1108,12.66,0.62
Family,Chimalliviridae,main_ecosystem,Host Associated,6234,71.25,6.47
Family,Chimalliviridae,main_ecosystem,Mixed And Lab,1,0.01,0.3
Family,Chimalliviridae,main_ecosystem,Contaminated and Industrial Environments,558,6.38,10.25
Family,Circoviridae,main_ecosystem,Extreme Environments,23,9.35,0.03
Family,Circoviridae,main_ecosystem,General Environmental,105,42.68,0.06
Family,Circoviridae,main_ecosystem,Host Associated,115,46.75,0.12
Family,Circoviridae,main_ecosystem,Contaminated and Industrial Environments,3,1.22,0.06
Family,Connertonviridae,main_ecosystem,Host Associated,2,100.0,0.0
Family,Demerecviridae,main_ecosystem,Extreme Environments,104,89.66,0.16
Family,Demerecviridae,main_ecosystem,General Environmental,4,3.45,0.0
Family,Demerecviridae,main_ecosystem,Host Associated,8,6.9,0.01
Family,Dicistroviridae,main_ecosystem,Extreme Environments,1,33.33,0.0
Family,Dicistroviridae,main_ecosystem,General Environmental,2,66.67,0.0
Family,Draupnirviridae,main_ecosystem,General Environmental,3,100.0,0.0
Family,Fiersviridae,main_ecosystem,Engineered Systems,1165,18.11,9.34
Family,Fiersviridae,main_ecosystem,Extreme Environments,2926,45.48,4.44
Family,Fiersviridae,main_ecosystem,General Environmental,1667,25.91,0.93
Family,Fiersviridae,main_ecosystem,Host Associated,676,10.51,0.7
Family,Geminiviridae,main_ecosystem,Engineered Systems,1,2.7,0.01
Family,Geminiviridae,main_ecosystem,Extreme Environments,6,16.22,0.01
Family,Geminiviridae,main_ecosystem,General Environmental,20,54.05,0.01
Family,Geminiviridae,main_ecosystem,Host Associated,10,27.03,0.01
Family,Genomoviridae,main_ecosystem,Engineered Systems,4,0.31,0.03
Family,Genomoviridae,main_ecosystem,Extreme Environments,23,1.79,0.03
Family,Genomoviridae,main_ecosystem,General Environmental,1135,88.19,0.63
Family,Genomoviridae,main_ecosystem,Host Associated,90,6.99,0.09
Family,Genomoviridae,main_ecosystem,Contaminated and Industrial Environments,35,2.72,0.64
Family,Grimontviridae,main_ecosystem,General Environmental,1,100.0,0.0
Family,Guelinviridae,main_ecosystem,Host Associated,6,100.0,0.01
Family,Herelleviridae,main_ecosystem,Engineered Systems,52,8.6,0.42
Family,Herelleviridae,main_ecosystem,Extreme Environments,145,23.97,0.22
Family,Herelleviridae,main_ecosystem,General Environmental,53,8.76,0.03
Family,Herelleviridae,main_ecosystem,Host Associated,347,57.36,0.36
Family,Herelleviridae,main_ecosystem,Mixed And Lab,2,0.33,0.59
Family,Herelleviridae,main_ecosystem,Contaminated and Industrial Environments,6,0.99,0.11
Family,Inoviridae,main_ecosystem,Engineered Systems,205,10.59,1.64
Family,Inoviridae,main_ecosystem,Extreme Environments,293,15.14,0.45
Family,Inoviridae,main_ecosystem,General Environmental,723,37.36,0.4
Family,Inoviridae,main_ecosystem,Host Associated,660,34.11,0.69
Family,Inoviridae,main_ecosystem,Mixed And Lab,7,0.36,2.08
Family,Inoviridae,main_ecosystem,Contaminated and Industrial Environments,47,2.43,0.86
Family,Iridoviridae,main_ecosystem,Extreme Environments,14,2.31,0.02
Family,Iridoviridae,main_ecosystem,General Environmental,458,75.45,0.26
Family,Iridoviridae,main_ecosystem,Host Associated,131,21.58,0.14
Family,Iridoviridae,main_ecosystem,Contaminated and Industrial Environments,4,0.66,0.07
Family,Kanorauviridae,main_ecosystem,Extreme Environments,3,9.38,0.0
Family,Kanorauviridae,main_ecosystem,General Environmental,21,65.62,0.01
Family,Kanorauviridae,main_ecosystem,Host Associated,8,25.0,0.01
Family,Kirkoviridae,main_ecosystem,Host Associated,9,100.0,0.01
Family,Kyanoviridae,main_ecosystem,Engineered Systems,1,0.07,0.01
Family,Kyanoviridae,main_ecosystem,Extreme Environments,39,2.63,0.06
Family,Kyanoviridae,main_ecosystem,General Environmental,972,65.54,0.54
Family,Kyanoviridae,main_ecosystem,Host Associated,469,31.63,0.49
Family,Kyanoviridae,main_ecosystem,Mixed And Lab,1,0.07,0.3
Family,Kyanoviridae,main_ecosystem,Contaminated and Industrial Environments,1,0.07,0.02
Family,Lindbergviridae,main_ecosystem,Extreme Environments,8,34.78,0.01
Family,Lindbergviridae,main_ecosystem,General Environmental,8,34.78,0.0
Family,Lindbergviridae,main_ecosystem,Host Associated,6,26.09,0.01
Family,Lindbergviridae,main_ecosystem,Contaminated and Industrial Environments,1,4.35,0.02
Family,Mahapunaviridae,main_ecosystem,Extreme Environments,7,2.1,0.01
Family,Mahapunaviridae,main_ecosystem,General Environmental,312,93.69,0.17
Family,Mahapunaviridae,main_ecosystem,Host Associated,14,4.2,0.01
Family,Marseilleviridae,main_ecosystem,Extreme Environments,15,16.3,0.02
Family,Marseilleviridae,main_ecosystem,General Environmental,58,63.04,0.03
Family,Marseilleviridae,main_ecosystem,Host Associated,14,15.22,0.01
Family,Marseilleviridae,main_ecosystem,Contaminated and Industrial Environments,5,5.43,0.09
Family,Mesomimiviridae,main_ecosystem,Extreme Environments,141,8.45,0.21
Family,Mesomimiviridae,main_ecosystem,General Environmental,939,56.29,0.52
Family,Mesomimiviridae,main_ecosystem,Host Associated,578,34.65,0.6
Family,Mesomimiviridae,main_ecosystem,Contaminated and Industrial Environments,10,0.6,0.18
Family,Mesyanzhinovviridae,main_ecosystem,Host Associated,45,100.0,0.05
Family,Microviridae,main_ecosystem,Engineered Systems,377,1.86,3.02
Family,Microviridae,main_ecosystem,Extreme Environments,287,1.42,0.44
Family,Microviridae,main_ecosystem,General Environmental,11411,56.28,6.37
Family,Microviridae,main_ecosystem,Host Associated,8174,40.32,8.49
Family,Microviridae,main_ecosystem,Mixed And Lab,4,0.02,1.19
Family,Microviridae,main_ecosystem,Contaminated and Industrial Environments,22,0.11,0.4
Family,Mimiviridae,main_ecosystem,Engineered Systems,20,1.15,0.16
Family,Mimiviridae,main_ecosystem,Extreme Environments,153,8.76,0.23
Family,Mimiviridae,main_ecosystem,General Environmental,929,53.21,0.52
Family,Mimiviridae,main_ecosystem,Host Associated,611,34.99,0.63
Family,Mimiviridae,main_ecosystem,Contaminated and Industrial Environments,33,1.89,0.61
Family,Mtkvariviridae,main_ecosystem,Host Associated,14,100.0,0.01
Family,Ouroboviridae,main_ecosystem,Extreme Environments,4,4.71,0.01
Family,Ouroboviridae,main_ecosystem,General Environmental,63,74.12,0.04
Family,Ouroboviridae,main_ecosystem,Host Associated,18,21.18,0.02
Family,Papillomaviridae,main_ecosystem,Engineered Systems,10,5.32,0.08
Family,Papillomaviridae,main_ecosystem,Extreme Environments,18,9.57,0.03
Family,Papillomaviridae,main_ecosystem,General Environmental,81,43.09,0.05
Family,Papillomaviridae,main_ecosystem,Host Associated,72,38.3,0.07
Family,Papillomaviridae,main_ecosystem,Mixed And Lab,1,0.53,0.3
Family,Papillomaviridae,main_ecosystem,Contaminated and Industrial Environments,6,3.19,0.11
Family,Partitiviridae,main_ecosystem,Host Associated,1,100.0,0.0
Family,Parvoviridae,main_ecosystem,Engineered Systems,3,0.81,0.02
Family,Parvoviridae,main_ecosystem,Extreme Environments,9,2.43,0.01
Family,Parvoviridae,main_ecosystem,General Environmental,21,5.66,0.01
Family,Parvoviridae,main_ecosystem,Host Associated,338,91.11,0.35
Family,Peduoviridae,main_ecosystem,Engineered Systems,5799,3.76,46.51
Family,Peduoviridae,main_ecosystem,Extreme Environments,40451,26.2,61.44
Family,Peduoviridae,main_ecosystem,General Environmental,68253,44.21,38.1
Family,Peduoviridae,main_ecosystem,Host Associated,36030,23.34,37.42
Family,Peduoviridae,main_ecosystem,Mixed And Lab,157,0.1,46.59
Family,Peduoviridae,main_ecosystem,Contaminated and Industrial Environments,3683,2.39,67.64
Family,Phycodnaviridae,main_ecosystem,Engineered Systems,7,0.07,0.06
Family,Phycodnaviridae,main_ecosystem,Extreme Environments,497,5.26,0.75
Family,Phycodnaviridae,main_ecosystem,General Environmental,7019,74.27,3.92
Family,Phycodnaviridae,main_ecosystem,Host Associated,1902,20.12,1.98
Family,Phycodnaviridae,main_ecosystem,Contaminated and Industrial Environments,26,0.28,0.48
Family,Picornaviridae,main_ecosystem,Engineered Systems,41,7.19,0.33
Family,Picornaviridae,main_ecosystem,Extreme Environments,119,20.88,0.18
Family,Picornaviridae,main_ecosystem,General Environmental,362,63.51,0.2
Family,Picornaviridae,main_ecosystem,Host Associated,48,8.42,0.05
Family,Polycipiviridae,main_ecosystem,Extreme Environments,1,16.67,0.0
Family,Polycipiviridae,main_ecosystem,Host Associated,5,83.33,0.01
Family,Polyomaviridae,main_ecosystem,Engineered Systems,1,0.69,0.01
Family,Polyomaviridae,main_ecosystem,General Environmental,2,1.38,0.0
Family,Polyomaviridae,main_ecosystem,Host Associated,142,97.93,0.15
Family,Pootjesviridae,main_ecosystem,Engineered Systems,3,27.27,0.02
Family,Pootjesviridae,main_ecosystem,General Environmental,1,9.09,0.0
Family,Pootjesviridae,main_ecosystem,Host Associated,7,63.64,0.01
Family,Portogloboviridae,main_ecosystem,Extreme Environments,8,20.51,0.01
Family,Portogloboviridae,main_ecosystem,General Environmental,21,53.85,0.01
Family,Portogloboviridae,main_ecosystem,Host Associated,10,25.64,0.01
Family,Pseudototiviridae,main_ecosystem,Engineered Systems,2,7.69,0.02
Family,Pseudototiviridae,main_ecosystem,Extreme Environments,3,11.54,0.0
Family,Pseudototiviridae,main_ecosystem,General Environmental,21,80.77,0.01
Family,Rountreeviridae,main_ecosystem,Host Associated,1,100.0,0.0
Family,Rudiviridae,main_ecosystem,Extreme Environments,62,100.0,0.09
Family,Saffermanviridae,main_ecosystem,Extreme Environments,7,8.54,0.01
Family,Saffermanviridae,main_ecosystem,General Environmental,70,85.37,0.04
Family,Saffermanviridae,main_ecosystem,Host Associated,5,6.1,0.01
Family,Salasmaviridae,main_ecosystem,Engineered Systems,1,0.07,0.01
Family,Salasmaviridae,main_ecosystem,Extreme Environments,203,14.68,0.31
Family,Salasmaviridae,main_ecosystem,General Environmental,6,0.43,0.0
Family,Salasmaviridae,main_ecosystem,Host Associated,1172,84.74,1.22
Family,Salasmaviridae,main_ecosystem,Contaminated and Industrial Environments,1,0.07,0.02
Family,Sarkviridae,main_ecosystem,Engineered Systems,28,36.36,0.22
Family,Sarkviridae,main_ecosystem,Extreme Environments,17,22.08,0.03
Family,Sarkviridae,main_ecosystem,General Environmental,2,2.6,0.0
Family,Sarkviridae,main_ecosystem,Host Associated,30,38.96,0.03
Family,Schitoviridae,main_ecosystem,Engineered Systems,49,2.65,0.39
Family,Schitoviridae,main_ecosystem,Extreme Environments,162,8.77,0.25
Family,Schitoviridae,main_ecosystem,General Environmental,405,21.93,0.23
Family,Schitoviridae,main_ecosystem,Host Associated,1172,63.45,1.22
Family,Schitoviridae,main_ecosystem,Contaminated and Industrial Environments,59,3.19,1.08
Family,Sedoreoviridae,main_ecosystem,Engineered Systems,3,0.46,0.02
Family,Sedoreoviridae,main_ecosystem,Extreme Environments,59,9.08,0.09
Family,Sedoreoviridae,main_ecosystem,General Environmental,79,12.15,0.04
Family,Sedoreoviridae,main_ecosystem,Host Associated,500,76.92,0.52
Family,Sedoreoviridae,main_ecosystem,Mixed And Lab,1,0.15,0.3
Family,Sedoreoviridae,main_ecosystem,Contaminated and Industrial Environments,8,1.23,0.15
Family,Sinhaliviridae,main_ecosystem,Engineered Systems,18,3.96,0.14
Family,Sinhaliviridae,main_ecosystem,Extreme Environments,138,30.33,0.21
Family,Sinhaliviridae,main_ecosystem,General Environmental,248,54.51,0.14
Family,Sinhaliviridae,main_ecosystem,Host Associated,51,11.21,0.05
Family,Smacoviridae,main_ecosystem,Engineered Systems,2,0.39,0.02
Family,Smacoviridae,main_ecosystem,General Environmental,383,75.25,0.21
Family,Smacoviridae,main_ecosystem,Host Associated,123,24.17,0.13
Family,Smacoviridae,main_ecosystem,Contaminated and Industrial Environments,1,0.2,0.02
Family,Solemoviridae,main_ecosystem,Engineered Systems,21,6.21,0.17
Family,Solemoviridae,main_ecosystem,Extreme Environments,50,14.79,0.08
Family,Solemoviridae,main_ecosystem,General Environmental,226,66.86,0.13
Family,Solemoviridae,main_ecosystem,Host Associated,41,12.13,0.04
Family,Solspiviridae,main_ecosystem,Engineered Systems,54,7.87,0.43
Family,Solspiviridae,main_ecosystem,Extreme Environments,244,35.57,0.37
Family,Solspiviridae,main_ecosystem,General Environmental,377,54.96,0.21
Family,Solspiviridae,main_ecosystem,Host Associated,11,1.6,0.01
Family,Spinareoviridae,main_ecosystem,Engineered Systems,1,3.33,0.01
Family,Spinareoviridae,main_ecosystem,Extreme Environments,13,43.33,0.02
Family,Spinareoviridae,main_ecosystem,General Environmental,3,10.0,0.0
Family,Spinareoviridae,main_ecosystem,Host Associated,13,43.33,0.01
Family,Sputniviroviridae,main_ecosystem,Engineered Systems,1,0.32,0.01
Family,Sputniviroviridae,main_ecosystem,Extreme Environments,89,28.43,0.14
Family,Sputniviroviridae,main_ecosystem,General Environmental,122,38.98,0.07
Family,Sputniviroviridae,main_ecosystem,Host Associated,97,30.99,0.1
Family,Sputniviroviridae,main_ecosystem,Contaminated and Industrial Environments,4,1.28,0.07
Family,Stanwilliamsviridae,main_ecosystem,Extreme Environments,9,42.86,0.01
Family,Stanwilliamsviridae,main_ecosystem,General Environmental,6,28.57,0.0
Family,Stanwilliamsviridae,main_ecosystem,Host Associated,4,19.05,0.0
Family,Stanwilliamsviridae,main_ecosystem,Contaminated and Industrial Environments,2,9.52,0.04
Family,Steigviridae,main_ecosystem,Engineered Systems,24,6.35,0.19
Family,Steigviridae,main_ecosystem,Extreme Environments,8,2.12,0.01
Family,Steigviridae,main_ecosystem,General Environmental,4,1.06,0.0
Family,Steigviridae,main_ecosystem,Host Associated,339,89.68,0.35
Family,Steigviridae,main_ecosystem,Contaminated and Industrial Environments,3,0.79,0.06
Family,Steitzviridae,main_ecosystem,Engineered Systems,134,3.14,1.07
Family,Steitzviridae,main_ecosystem,Extreme Environments,3230,75.66,4.91
Family,Steitzviridae,main_ecosystem,General Environmental,349,8.18,0.19
Family,Steitzviridae,main_ecosystem,Host Associated,556,13.02,0.58
Family,Straboviridae,main_ecosystem,Extreme Environments,23,40.35,0.03
Family,Straboviridae,main_ecosystem,General Environmental,2,3.51,0.0
Family,Straboviridae,main_ecosystem,Host Associated,32,56.14,0.03
Family,Suoliviridae,main_ecosystem,Host Associated,271,100.0,0.28
Family,Tectiviridae,main_ecosystem,Engineered Systems,9,2.28,0.07
Family,Tectiviridae,main_ecosystem,Extreme Environments,124,31.47,0.19
Family,Tectiviridae,main_ecosystem,General Environmental,70,17.77,0.04
Family,Tectiviridae,main_ecosystem,Host Associated,185,46.95,0.19
Family,Tectiviridae,main_ecosystem,Mixed And Lab,1,0.25,0.3
Family,Tectiviridae,main_ecosystem,Contaminated and Industrial Environments,5,1.27,0.09
Family,Tombusviridae,main_ecosystem,Engineered Systems,258,5.45,2.07
Family,Tombusviridae,main_ecosystem,Extreme Environments,2036,43.04,3.09
Family,Tombusviridae,main_ecosystem,General Environmental,2239,47.34,1.25
Family,Tombusviridae,main_ecosystem,Host Associated,197,4.16,0.2
Family,Tymoviridae,main_ecosystem,Engineered Systems,3,27.27,0.02
Family,Tymoviridae,main_ecosystem,General Environmental,3,27.27,0.0
Family,Tymoviridae,main_ecosystem,Host Associated,5,45.45,0.01
Family,Unclassified_Autographivirales,main_ecosystem,Extreme Environments,2,3.33,0.0
Family,Unclassified_Autographivirales,main_ecosystem,General Environmental,48,80.0,0.03
Family,Unclassified_Autographivirales,main_ecosystem,Host Associated,10,16.67,0.01
Family,Unclassified_Caudoviricetes,main_ecosystem,Engineered Systems,2501,5.76,20.06
Family,Unclassified_Caudoviricetes,main_ecosystem,Extreme Environments,4851,11.16,7.37
Family,Unclassified_Caudoviricetes,main_ecosystem,General Environmental,7709,17.74,4.3
Family,Unclassified_Caudoviricetes,main_ecosystem,Host Associated,27540,63.38,28.6
Family,Unclassified_Caudoviricetes,main_ecosystem,Mixed And Lab,117,0.27,34.72
Family,Unclassified_Caudoviricetes,main_ecosystem,Contaminated and Industrial Environments,733,1.69,13.46
Family,Vilmaviridae,main_ecosystem,Extreme Environments,1,50.0,0.0
Family,Vilmaviridae,main_ecosystem,Host Associated,1,50.0,0.0
Family,Vilyaviridae,main_ecosystem,General Environmental,8,28.57,0.0
Family,Vilyaviridae,main_ecosystem,Host Associated,19,67.86,0.02
Family,Vilyaviridae,main_ecosystem,Contaminated and Industrial Environments,1,3.57,0.02
Family,Yaraviridae,main_ecosystem,Host Associated,31,100.0,0.03
Family,Zobellviridae,main_ecosystem,Engineered Systems,1,0.6,0.01
Family,Zobellviridae,main_ecosystem,Extreme Environments,20,11.98,0.03
Family,Zobellviridae,main_ecosystem,General Environmental,44,26.35,0.02
Family,Zobellviridae,main_ecosystem,Host Associated,102,61.08,0.11
Family,Ackermannviridae,sub_ecosystem,Aquatic Freshwater,1,14.29,0.0
Family,Ackermannviridae,sub_ecosystem,Aquatic Marine,1,14.29,0.0
Family,Ackermannviridae,sub_ecosystem,Plants,1,14.29,0.0
Family,Ackermannviridae,sub_ecosystem,Subsurface And Geologic,4,57.14,0.03
Family,Adenoviridae,sub_ecosystem,Animals,5,7.58,0.15
Family,Adenoviridae,sub_ecosystem,Human,47,71.21,0.13
Family,Adenoviridae,sub_ecosystem,Plants,14,21.21,0.03
Family,Alvernaviridae,sub_ecosystem,Aquatic Marine,181,76.37,0.27
Family,Alvernaviridae,sub_ecosystem,Plants,4,1.69,0.01
Family,Alvernaviridae,sub_ecosystem,Thermophilic High Temperature,52,21.94,0.52
Family,Andersonviridae,sub_ecosystem,Human,6,100.0,0.02
Family,Anelloviridae,sub_ecosystem,Aquatic Freshwater,36,13.24,0.03
Family,Anelloviridae,sub_ecosystem,Aquatic Marine,126,46.32,0.19
Family,Anelloviridae,sub_ecosystem,Human,80,29.41,0.22
Family,Anelloviridae,sub_ecosystem,Plants,11,4.04,0.02
Family,Anelloviridae,sub_ecosystem,Psychrophilic Low Temperature,13,4.78,0.03
Family,Anelloviridae,sub_ecosystem,Thermophilic High Temperature,5,1.84,0.05
Family,Anelloviridae,sub_ecosystem,Wastewater Treatment,1,0.37,0.02
Family,Aoguangviridae,sub_ecosystem,Plants,9,100.0,0.02
Family,Ascoviridae,sub_ecosystem,Aquatic Freshwater,1,8.33,0.0
Family,Ascoviridae,sub_ecosystem,Aquatic Marine,2,16.67,0.0
Family,Ascoviridae,sub_ecosystem,Psychrophilic Low Temperature,6,50.0,0.01
Family,Ascoviridae,sub_ecosystem,Thermophilic High Temperature,3,25.0,0.03
Family,Asfarviridae,sub_ecosystem,Aquatic Freshwater,19,23.17,0.02
Family,Asfarviridae,sub_ecosystem,Aquatic Marine,13,15.85,0.02
Family,Asfarviridae,sub_ecosystem,Chemical Remediation Targets,6,7.32,0.23
Family,Asfarviridae,sub_ecosystem,Plants,34,41.46,0.06
Family,Asfarviridae,sub_ecosystem,Psychrophilic Low Temperature,2,2.44,0.0
Family,Asfarviridae,sub_ecosystem,Subsurface And Geologic,3,3.66,0.02
Family,Asfarviridae,sub_ecosystem,Terrestrial Soil,1,1.22,0.05
Family,Asfarviridae,sub_ecosystem,Thermophilic High Temperature,4,4.88,0.04
Family,Astroviridae,sub_ecosystem,Aquatic Freshwater,4,17.39,0.0
Family,Astroviridae,sub_ecosystem,Bioreactors,8,34.78,0.15
Family,Astroviridae,sub_ecosystem,Human,7,30.43,0.02
Family,Astroviridae,sub_ecosystem,Plants,4,17.39,0.01
Family,Atkinsviridae,sub_ecosystem,Aquatic Freshwater,425,17.57,0.39
Family,Atkinsviridae,sub_ecosystem,Aquatic Marine,281,11.62,0.42
Family,Atkinsviridae,sub_ecosystem,Bioreactors,263,10.87,5.0
Family,Atkinsviridae,sub_ecosystem,Plants,122,5.04,0.22
Family,Atkinsviridae,sub_ecosystem,Psychrophilic Low Temperature,1231,50.89,2.88
Family,Atkinsviridae,sub_ecosystem,Subsurface And Geologic,18,0.74,0.14
Family,Atkinsviridae,sub_ecosystem,Wastewater Treatment,79,3.27,1.66
Family,Autonotataviridae,sub_ecosystem,Aquatic Freshwater,102,29.48,0.09
Family,Autonotataviridae,sub_ecosystem,Aquatic Marine,13,3.76,0.02
Family,Autonotataviridae,sub_ecosystem,Aquatic Special,1,0.29,0.08
Family,Autonotataviridae,sub_ecosystem,Bioreactors,1,0.29,0.02
Family,Autonotataviridae,sub_ecosystem,Chemical Remediation Targets,10,2.89,0.39
Family,Autonotataviridae,sub_ecosystem,Human,48,13.87,0.13
Family,Autonotataviridae,sub_ecosystem,Industrial Wastewater,24,6.94,1.92
Family,Autonotataviridae,sub_ecosystem,Lab Enrichment,2,0.58,2.82
Family,Autonotataviridae,sub_ecosystem,Plants,104,30.06,0.19
Family,Autonotataviridae,sub_ecosystem,Psychrophilic Low Temperature,15,4.34,0.04
Family,Autonotataviridae,sub_ecosystem,Tailings Pond,1,0.29,1.54
Family,Autonotataviridae,sub_ecosystem,Terrestrial Soil,19,5.49,0.9
Family,Autonotataviridae,sub_ecosystem,Wastewater Treatment,6,1.73,0.13
Family,Bacilladnaviridae,sub_ecosystem,Aquatic Freshwater,5,11.9,0.0
Family,Bacilladnaviridae,sub_ecosystem,Aquatic Marine,2,4.76,0.0
Family,Bacilladnaviridae,sub_ecosystem,Plants,35,83.33,0.06
Family,Baculoviridae,sub_ecosystem,Animals,6,4.14,0.17
Family,Baculoviridae,sub_ecosystem,Aquatic Freshwater,2,1.38,0.0
Family,Baculoviridae,sub_ecosystem,Aquatic Marine,52,35.86,0.08
Family,Baculoviridae,sub_ecosystem,Chemical Remediation Targets,3,2.07,0.12
Family,Baculoviridae,sub_ecosystem,Human,17,11.72,0.05
Family,Baculoviridae,sub_ecosystem,Plants,61,42.07,0.11
Family,Baculoviridae,sub_ecosystem,Psychrophilic Low Temperature,2,1.38,0.0
Family,Baculoviridae,sub_ecosystem,Thermophilic High Temperature,2,1.38,0.02
Family,Blumeviridae,sub_ecosystem,Aquatic Freshwater,6,8.7,0.01
Family,Blumeviridae,sub_ecosystem,Aquatic Marine,5,7.25,0.01
Family,Blumeviridae,sub_ecosystem,Bioreactors,15,21.74,0.29
Family,Blumeviridae,sub_ecosystem,Human,14,20.29,0.04
Family,Blumeviridae,sub_ecosystem,Plants,21,30.43,0.04
Family,Blumeviridae,sub_ecosystem,Psychrophilic Low Temperature,8,11.59,0.02
Family,Bromoviridae,sub_ecosystem,Animals,1,0.7,0.03
Family,Bromoviridae,sub_ecosystem,Aquatic Freshwater,5,3.52,0.0
Family,Bromoviridae,sub_ecosystem,Aquatic Marine,5,3.52,0.01
Family,Bromoviridae,sub_ecosystem,Human,23,16.2,0.06
Family,Bromoviridae,sub_ecosystem,Plants,37,26.06,0.07
Family,Bromoviridae,sub_ecosystem,Psychrophilic Low Temperature,47,33.1,0.11
Family,Bromoviridae,sub_ecosystem,Thermophilic High Temperature,24,16.9,0.24
Family,Burtonviroviridae,sub_ecosystem,Aquatic Freshwater,3,100.0,0.0
Family,Caliciviridae,sub_ecosystem,Animals,4,1.77,0.12
Family,Caliciviridae,sub_ecosystem,Aquatic Freshwater,85,37.61,0.08
Family,Caliciviridae,sub_ecosystem,Aquatic Marine,35,15.49,0.05
Family,Caliciviridae,sub_ecosystem,Bioreactors,7,3.1,0.13
Family,Caliciviridae,sub_ecosystem,Human,1,0.44,0.0
Family,Caliciviridae,sub_ecosystem,Plants,11,4.87,0.02
Family,Caliciviridae,sub_ecosystem,Psychrophilic Low Temperature,77,34.07,0.18
Family,Caliciviridae,sub_ecosystem,Wastewater Treatment,6,2.65,0.13
Family,Casjensviridae,sub_ecosystem,Animals,95,15.37,2.77
Family,Casjensviridae,sub_ecosystem,Aquatic Freshwater,38,6.15,0.04
Family,Casjensviridae,sub_ecosystem,Aquatic Marine,59,9.55,0.09
Family,Casjensviridae,sub_ecosystem,Aquatic Special,2,0.32,0.17
Family,Casjensviridae,sub_ecosystem,Bioreactors,8,1.29,0.15
Family,Casjensviridae,sub_ecosystem,Built Environment,4,0.65,0.31
Family,Casjensviridae,sub_ecosystem,Cleanrooms,1,0.16,2.0
Family,Casjensviridae,sub_ecosystem,Fungi And Algae,2,0.32,0.58
Family,Casjensviridae,sub_ecosystem,Human,28,4.53,0.08
Family,Casjensviridae,sub_ecosystem,Industrial Wastewater,2,0.32,0.16
Family,Casjensviridae,sub_ecosystem,Landfill,1,0.16,0.07
Family,Casjensviridae,sub_ecosystem,Plants,132,21.36,0.24
Family,Casjensviridae,sub_ecosystem,Psychrophilic Low Temperature,74,11.97,0.17
Family,Casjensviridae,sub_ecosystem,Solid Waste Management,1,0.16,0.47
Family,Casjensviridae,sub_ecosystem,Subsurface And Geologic,83,13.43,0.63
Family,Casjensviridae,sub_ecosystem,Terrestrial Soil,7,1.13,0.33
Family,Casjensviridae,sub_ecosystem,Terrestrial Vegetation,2,0.32,6.9
Family,Casjensviridae,sub_ecosystem,Thermophilic High Temperature,54,8.74,0.54
Family,Casjensviridae,sub_ecosystem,Unknown Mixed,6,0.97,3.28
Family,Casjensviridae,sub_ecosystem,Wastewater Treatment,19,3.07,0.4
Family,Chimalliviridae,sub_ecosystem,Animals,16,0.18,0.47
Family,Chimalliviridae,sub_ecosystem,Aquatic Freshwater,414,4.73,0.38
Family,Chimalliviridae,sub_ecosystem,Aquatic Marine,650,7.43,0.96
Family,Chimalliviridae,sub_ecosystem,Aquatic Special,3,0.03,0.25
Family,Chimalliviridae,sub_ecosystem,Bioreactors,36,0.41,0.68
Family,Chimalliviridae,sub_ecosystem,Built Environment,94,1.07,7.22
Family,Chimalliviridae,sub_ecosystem,Chemical Remediation Targets,511,5.84,19.96
Family,Chimalliviridae,sub_ecosystem,Controlled Environment,1,0.01,0.14
Family,Chimalliviridae,sub_ecosystem,Fungi And Algae,6,0.07,1.74
Family,Chimalliviridae,sub_ecosystem,Halophilic And Alkaliphilic,14,0.16,27.45
Family,Chimalliviridae,sub_ecosystem,Human,1956,22.36,5.34
Family,Chimalliviridae,sub_ecosystem,Industrial Wastewater,20,0.23,1.6
Family,Chimalliviridae,sub_ecosystem,Landfill,27,0.31,1.89
Family,Chimalliviridae,sub_ecosystem,Plants,4256,48.65,7.62
Family,Chimalliviridae,sub_ecosystem,Psychrophilic Low Temperature,512,5.85,1.2
Family,Chimalliviridae,sub_ecosystem,Subsurface And Geologic,102,1.17,0.78
Family,Chimalliviridae,sub_ecosystem,Terrestrial Soil,41,0.47,1.94
Family,Chimalliviridae,sub_ecosystem,Thermophilic High Temperature,44,0.5,0.44
Family,Chimalliviridae,sub_ecosystem,Unknown Mixed,1,0.01,0.55
Family,Chimalliviridae,sub_ecosystem,Wastewater Treatment,45,0.51,0.95
Family,Circoviridae,sub_ecosystem,Animals,7,2.85,0.2
Family,Circoviridae,sub_ecosystem,Aquatic Freshwater,95,38.62,0.09
Family,Circoviridae,sub_ecosystem,Aquatic Marine,10,4.07,0.01
Family,Circoviridae,sub_ecosystem,Chemical Remediation Targets,3,1.22,0.12
Family,Circoviridae,sub_ecosystem,Human,37,15.04,0.1
Family,Circoviridae,sub_ecosystem,Plants,71,28.86,0.13
Family,Circoviridae,sub_ecosystem,Psychrophilic Low Temperature,2,0.81,0.0
Family,Circoviridae,sub_ecosystem,Subsurface And Geologic,2,0.81,0.02
Family,Circoviridae,sub_ecosystem,Thermophilic High Temperature,19,7.72,0.19
Family,Connertonviridae,sub_ecosystem,Human,2,100.0,0.01
Family,Demerecviridae,sub_ecosystem,Animals,1,0.86,0.03
Family,Demerecviridae,sub_ecosystem,Aquatic Freshwater,3,2.59,0.0
Family,Demerecviridae,sub_ecosystem,Aquatic Marine,1,0.86,0.0
Family,Demerecviridae,sub_ecosystem,Plants,7,6.03,0.01
Family,Demerecviridae,sub_ecosystem,Subsurface And Geologic,74,63.79,0.57
Family,Demerecviridae,sub_ecosystem,Thermophilic High Temperature,30,25.86,0.3
Family,Dicistroviridae,sub_ecosystem,Aquatic Marine,2,66.67,0.0
Family,Dicistroviridae,sub_ecosystem,Psychrophilic Low Temperature,1,33.33,0.0
Family,Draupnirviridae,sub_ecosystem,Aquatic Freshwater,3,100.0,0.0
Family,Fiersviridae,sub_ecosystem,Aquatic Freshwater,916,14.24,0.85
Family,Fiersviridae,sub_ecosystem,Aquatic Marine,567,8.81,0.84
Family,Fiersviridae,sub_ecosystem,Bioreactors,982,15.26,18.67
Family,Fiersviridae,sub_ecosystem,Human,15,0.23,0.04
Family,Fiersviridae,sub_ecosystem,Plants,661,10.27,1.18
Family,Fiersviridae,sub_ecosystem,Psychrophilic Low Temperature,2876,44.7,6.73
Family,Fiersviridae,sub_ecosystem,Subsurface And Geologic,20,0.31,0.15
Family,Fiersviridae,sub_ecosystem,Terrestrial Soil,184,2.86,8.7
Family,Fiersviridae,sub_ecosystem,Thermophilic High Temperature,30,0.47,0.3
Family,Fiersviridae,sub_ecosystem,Wastewater Treatment,183,2.84,3.85
Family,Geminiviridae,sub_ecosystem,Aquatic Freshwater,19,51.35,0.02
Family,Geminiviridae,sub_ecosystem,Aquatic Marine,1,2.7,0.0
Family,Geminiviridae,sub_ecosystem,Food Production,1,2.7,0.93
Family,Geminiviridae,sub_ecosystem,Human,1,2.7,0.0
Family,Geminiviridae,sub_ecosystem,Plants,9,24.32,0.02
Family,Geminiviridae,sub_ecosystem,Psychrophilic Low Temperature,4,10.81,0.01
Family,Geminiviridae,sub_ecosystem,Subsurface And Geologic,2,5.41,0.02
Family,Genomoviridae,sub_ecosystem,Aquatic Freshwater,1063,82.6,0.98
Family,Genomoviridae,sub_ecosystem,Aquatic Marine,65,5.05,0.1
Family,Genomoviridae,sub_ecosystem,Aquatic Special,5,0.39,0.42
Family,Genomoviridae,sub_ecosystem,Bioreactors,3,0.23,0.06
Family,Genomoviridae,sub_ecosystem,Cleanrooms,35,2.72,70.0
Family,Genomoviridae,sub_ecosystem,Food Production,1,0.08,0.93
Family,Genomoviridae,sub_ecosystem,Human,78,6.06,0.21
Family,Genomoviridae,sub_ecosystem,Plants,12,0.93,0.02
Family,Genomoviridae,sub_ecosystem,Psychrophilic Low Temperature,12,0.93,0.03
Family,Genomoviridae,sub_ecosystem,Subsurface And Geologic,11,0.85,0.08
Family,Genomoviridae,sub_ecosystem,Terrestrial Soil,2,0.16,0.09
Family,Grimontviridae,sub_ecosystem,Aquatic Special,1,100.0,0.08
Family,Guelinviridae,sub_ecosystem,Human,6,100.0,0.02
Family,Herelleviridae,sub_ecosystem,Animals,9,1.49,0.26
Family,Herelleviridae,sub_ecosystem,Aquatic Freshwater,38,6.28,0.04
Family,Herelleviridae,sub_ecosystem,Aquatic Marine,14,2.31,0.02
Family,Herelleviridae,sub_ecosystem,Aquatic Special,1,0.17,0.08
Family,Herelleviridae,sub_ecosystem,Bioreactors,22,3.64,0.42
Family,Herelleviridae,sub_ecosystem,Built Environment,4,0.66,0.31
Family,Herelleviridae,sub_ecosystem,Food Production,15,2.48,13.89
Family,Herelleviridae,sub_ecosystem,Fungi And Algae,4,0.66,1.16
Family,Herelleviridae,sub_ecosystem,Human,276,45.62,0.75
Family,Herelleviridae,sub_ecosystem,Industrial Wastewater,4,0.66,0.32
Family,Herelleviridae,sub_ecosystem,Landfill,2,0.33,0.14
Family,Herelleviridae,sub_ecosystem,Plants,58,9.59,0.1
Family,Herelleviridae,sub_ecosystem,Psychrophilic Low Temperature,130,21.49,0.3
Family,Herelleviridae,sub_ecosystem,Solid Waste Management,2,0.33,0.95
Family,Herelleviridae,sub_ecosystem,Subsurface And Geologic,9,1.49,0.07
Family,Herelleviridae,sub_ecosystem,Thermophilic High Temperature,6,0.99,0.06
Family,Herelleviridae,sub_ecosystem,Unknown Mixed,2,0.33,1.09
Family,Herelleviridae,sub_ecosystem,Wastewater Treatment,9,1.49,0.19
Family,Inoviridae,sub_ecosystem,Animals,71,3.67,2.07
Family,Inoviridae,sub_ecosystem,Aquatic Freshwater,399,20.62,0.37
Family,Inoviridae,sub_ecosystem,Aquatic Marine,289,14.94,0.43
Family,Inoviridae,sub_ecosystem,Aquatic Special,14,0.72,1.17
Family,Inoviridae,sub_ecosystem,Bioreactors,40,2.07,0.76
Family,Inoviridae,sub_ecosystem,Built Environment,121,6.25,9.29
Family,Inoviridae,sub_ecosystem,Chemical Remediation Targets,10,0.52,0.39
Family,Inoviridae,sub_ecosystem,Cleanrooms,3,0.16,6.0
Family,Inoviridae,sub_ecosystem,Fungi And Algae,16,0.83,4.64
Family,Inoviridae,sub_ecosystem,Halophilic And Alkaliphilic,13,0.67,25.49
Family,Inoviridae,sub_ecosystem,Human,434,22.43,1.19
Family,Inoviridae,sub_ecosystem,Industrial Hydrocarbon Processing,2,0.1,4.44
Family,Inoviridae,sub_ecosystem,Industrial Processing,3,0.16,2.46
Family,Inoviridae,sub_ecosystem,Industrial Wastewater,24,1.24,1.92
Family,Inoviridae,sub_ecosystem,Lab Enrichment,2,0.1,2.82
Family,Inoviridae,sub_ecosystem,Landfill,6,0.31,0.42
Family,Inoviridae,sub_ecosystem,Microbial Hosts,2,0.1,4.08
Family,Inoviridae,sub_ecosystem,Modeled,2,0.1,2.41
Family,Inoviridae,sub_ecosystem,Plants,137,7.08,0.25
Family,Inoviridae,sub_ecosystem,Psychrophilic Low Temperature,126,6.51,0.29
Family,Inoviridae,sub_ecosystem,Solid Waste Management,5,0.26,2.37
Family,Inoviridae,sub_ecosystem,Subsurface And Geologic,128,6.61,0.98
Family,Inoviridae,sub_ecosystem,Tailings Pond,2,0.1,3.08
Family,Inoviridae,sub_ecosystem,Terrestrial Soil,20,1.03,0.95
Family,Inoviridae,sub_ecosystem,Terrestrial Vegetation,1,0.05,3.45
Family,Inoviridae,sub_ecosystem,Thermophilic High Temperature,26,1.34,0.26
Family,Inoviridae,sub_ecosystem,Unknown Mixed,3,0.16,1.64
Family,Inoviridae,sub_ecosystem,Wastewater Treatment,36,1.86,0.76
Family,Iridoviridae,sub_ecosystem,Animals,2,0.33,0.06
Family,Iridoviridae,sub_ecosystem,Aquatic Freshwater,266,43.82,0.25
Family,Iridoviridae,sub_ecosystem,Aquatic Marine,192,31.63,0.28
Family,Iridoviridae,sub_ecosystem,Chemical Remediation Targets,3,0.49,0.12
Family,Iridoviridae,sub_ecosystem,Fungi And Algae,1,0.16,0.29
Family,Iridoviridae,sub_ecosystem,Landfill,1,0.16,0.07
Family,Iridoviridae,sub_ecosystem,Plants,128,21.09,0.23
Family,Iridoviridae,sub_ecosystem,Psychrophilic Low Temperature,12,1.98,0.03
Family,Iridoviridae,sub_ecosystem,Thermophilic High Temperature,2,0.33,0.02
Family,Kanorauviridae,sub_ecosystem,Aquatic Freshwater,7,21.88,0.01
Family,Kanorauviridae,sub_ecosystem,Aquatic Marine,14,43.75,0.02
Family,Kanorauviridae,sub_ecosystem,Plants,8,25.0,0.01
Family,Kanorauviridae,sub_ecosystem,Thermophilic High Temperature,3,9.38,0.03
Family,Kirkoviridae,sub_ecosystem,Human,9,100.0,0.02
Family,Kyanoviridae,sub_ecosystem,Animals,9,0.61,0.26
Family,Kyanoviridae,sub_ecosystem,Aquatic Freshwater,312,21.04,0.29
Family,Kyanoviridae,sub_ecosystem,Aquatic Marine,659,44.44,0.98
Family,Kyanoviridae,sub_ecosystem,Fungi And Algae,3,0.2,0.87
Family,Kyanoviridae,sub_ecosystem,Industrial Processing,1,0.07,0.82
Family,Kyanoviridae,sub_ecosystem,Industrial Wastewater,1,0.07,0.08
Family,Kyanoviridae,sub_ecosystem,Lab Enrichment,1,0.07,1.41
Family,Kyanoviridae,sub_ecosystem,Plants,457,30.82,0.82
Family,Kyanoviridae,sub_ecosystem,Psychrophilic Low Temperature,1,0.07,0.0
Family,Kyanoviridae,sub_ecosystem,Terrestrial Soil,1,0.07,0.05
Family,Kyanoviridae,sub_ecosystem,Thermophilic High Temperature,38,2.56,0.38
Family,Lindbergviridae,sub_ecosystem,Aquatic Freshwater,5,21.74,0.0
Family,Lindbergviridae,sub_ecosystem,Aquatic Marine,2,8.7,0.0
Family,Lindbergviridae,sub_ecosystem,Human,1,4.35,0.0
Family,Lindbergviridae,sub_ecosystem,Landfill,1,4.35,0.07
Family,Lindbergviridae,sub_ecosystem,Plants,5,21.74,0.01
Family,Lindbergviridae,sub_ecosystem,Psychrophilic Low Temperature,3,13.04,0.01
Family,Lindbergviridae,sub_ecosystem,Terrestrial Soil,1,4.35,0.05
Family,Lindbergviridae,sub_ecosystem,Thermophilic High Temperature,5,21.74,0.05
Family,Mahapunaviridae,sub_ecosystem,Aquatic Freshwater,301,90.39,0.28
Family,Mahapunaviridae,sub_ecosystem,Aquatic Marine,11,3.3,0.02
Family,Mahapunaviridae,sub_ecosystem,Plants,14,4.2,0.03
Family,Mahapunaviridae,sub_ecosystem,Psychrophilic Low Temperature,2,0.6,0.0
Family,Mahapunaviridae,sub_ecosystem,Subsurface And Geologic,4,1.2,0.03
Family,Mahapunaviridae,sub_ecosystem,Thermophilic High Temperature,1,0.3,0.01
Family,Marseilleviridae,sub_ecosystem,Aquatic Freshwater,45,48.91,0.04
Family,Marseilleviridae,sub_ecosystem,Aquatic Marine,12,13.04,0.02
Family,Marseilleviridae,sub_ecosystem,Aquatic Special,1,1.09,0.08
Family,Marseilleviridae,sub_ecosystem,Chemical Remediation Targets,5,5.43,0.2
Family,Marseilleviridae,sub_ecosystem,Plants,14,15.22,0.03
Family,Marseilleviridae,sub_ecosystem,Psychrophilic Low Temperature,5,5.43,0.01
Family,Marseilleviridae,sub_ecosystem,Subsurface And Geologic,7,7.61,0.05
Family,Marseilleviridae,sub_ecosystem,Thermophilic High Temperature,3,3.26,0.03
Family,Mesomimiviridae,sub_ecosystem,Aquatic Freshwater,486,29.14,0.45
Family,Mesomimiviridae,sub_ecosystem,Aquatic Marine,453,27.16,0.67
Family,Mesomimiviridae,sub_ecosystem,Chemical Remediation Targets,9,0.54,0.35
Family,Mesomimiviridae,sub_ecosystem,Hydrocarbon Contamination Oil,1,0.06,2.17
Family,Mesomimiviridae,sub_ecosystem,Plants,578,34.65,1.03
Family,Mesomimiviridae,sub_ecosystem,Subsurface And Geologic,19,1.14,0.15
Family,Mesomimiviridae,sub_ecosystem,Thermophilic High Temperature,122,7.31,1.22
Family,Mesyanzhinovviridae,sub_ecosystem,Plants,45,100.0,0.08
Family,Microviridae,sub_ecosystem,Animals,115,0.57,3.35
Family,Microviridae,sub_ecosystem,Aquatic Freshwater,7010,34.57,6.47
Family,Microviridae,sub_ecosystem,Aquatic Marine,4189,20.66,6.21
Family,Microviridae,sub_ecosystem,Aquatic Special,198,0.98,16.58
Family,Microviridae,sub_ecosystem,Atmospheric,1,0.0,2.22
Family,Microviridae,sub_ecosystem,Bioreactors,199,0.98,3.78
Family,Microviridae,sub_ecosystem,Built Environment,3,0.01,0.23
Family,Microviridae,sub_ecosystem,Chemical Remediation Targets,7,0.03,0.27
Family,Microviridae,sub_ecosystem,Cleanrooms,1,0.0,2.0
Family,Microviridae,sub_ecosystem,Fungi And Algae,12,0.06,3.48
Family,Microviridae,sub_ecosystem,Human,7010,34.57,19.15
Family,Microviridae,sub_ecosystem,Hydrocarbon Contamination Oil,1,0.0,2.17
Family,Microviridae,sub_ecosystem,Industrial Hydrocarbon Processing,1,0.0,2.22
Family,Microviridae,sub_ecosystem,Industrial Processing,1,0.0,0.82
Family,Microviridae,sub_ecosystem,Industrial Wastewater,10,0.05,0.8
Family,Microviridae,sub_ecosystem,Landfill,2,0.01,0.14
Family,Microviridae,sub_ecosystem,Modeled,2,0.01,2.41
Family,Microviridae,sub_ecosystem,Plants,1037,5.11,1.86
Family,Microviridae,sub_ecosystem,Psychrophilic Low Temperature,138,0.68,0.32
Family,Microviridae,sub_ecosystem,Subsurface And Geologic,74,0.36,0.57
Family,Microviridae,sub_ecosystem,Terrestrial Soil,13,0.06,0.61
Family,Microviridae,sub_ecosystem,Thermophilic High Temperature,75,0.37,0.75
Family,Microviridae,sub_ecosystem,Unknown Mixed,2,0.01,1.09
Family,Microviridae,sub_ecosystem,Wastewater Treatment,174,0.86,3.66
Family,Mimiviridae,sub_ecosystem,Aquatic Freshwater,708,40.55,0.65
Family,Mimiviridae,sub_ecosystem,Aquatic Marine,206,11.8,0.31
Family,Mimiviridae,sub_ecosystem,Bioreactors,11,0.63,0.21
Family,Mimiviridae,sub_ecosystem,Chemical Remediation Targets,22,1.26,0.86
Family,Mimiviridae,sub_ecosystem,Human,14,0.8,0.04
Family,Mimiviridae,sub_ecosystem,Industrial Wastewater,6,0.34,0.48
Family,Mimiviridae,sub_ecosystem,Landfill,5,0.29,0.35
Family,Mimiviridae,sub_ecosystem,Plants,597,34.19,1.07
Family,Mimiviridae,sub_ecosystem,Psychrophilic Low Temperature,68,3.89,0.16
Family,Mimiviridae,sub_ecosystem,Subsurface And Geologic,57,3.26,0.44
Family,Mimiviridae,sub_ecosystem,Terrestrial Soil,14,0.8,0.66
Family,Mimiviridae,sub_ecosystem,Terrestrial Vegetation,1,0.06,3.45
Family,Mimiviridae,sub_ecosystem,Thermophilic High Temperature,28,1.6,0.28
Family,Mimiviridae,sub_ecosystem,Wastewater Treatment,9,0.52,0.19
Family,Mtkvariviridae,sub_ecosystem,Human,4,28.57,0.01
Family,Mtkvariviridae,sub_ecosystem,Plants,10,71.43,0.02
Family,Ouroboviridae,sub_ecosystem,Animals,2,2.35,0.06
Family,Ouroboviridae,sub_ecosystem,Aquatic Freshwater,45,52.94,0.04
Family,Ouroboviridae,sub_ecosystem,Aquatic Marine,18,21.18,0.03
Family,Ouroboviridae,sub_ecosystem,Plants,16,18.82,0.03
Family,Ouroboviridae,sub_ecosystem,Subsurface And Geologic,2,2.35,0.02
Family,Ouroboviridae,sub_ecosystem,Thermophilic High Temperature,2,2.35,0.02
Family,Papillomaviridae,sub_ecosystem,Aquatic Freshwater,22,11.7,0.02
Family,Papillomaviridae,sub_ecosystem,Aquatic Marine,59,31.38,0.09
Family,Papillomaviridae,sub_ecosystem,Bioreactors,2,1.06,0.04
Family,Papillomaviridae,sub_ecosystem,Food Production,4,2.13,3.7
Family,Papillomaviridae,sub_ecosystem,Human,68,36.17,0.19
Family,Papillomaviridae,sub_ecosystem,Industrial Hydrocarbon Processing,1,0.53,2.22
Family,Papillomaviridae,sub_ecosystem,Industrial Wastewater,4,2.13,0.32
Family,Papillomaviridae,sub_ecosystem,Landfill,1,0.53,0.07
Family,Papillomaviridae,sub_ecosystem,Modeled,1,0.53,1.2
Family,Papillomaviridae,sub_ecosystem,Plants,4,2.13,0.01
Family,Papillomaviridae,sub_ecosystem,Psychrophilic Low Temperature,12,6.38,0.03
Family,Papillomaviridae,sub_ecosystem,Subsurface And Geologic,1,0.53,0.01
Family,Papillomaviridae,sub_ecosystem,Thermophilic High Temperature,5,2.66,0.05
Family,Papillomaviridae,sub_ecosystem,Wastewater Treatment,4,2.13,0.08
Family,Partitiviridae,sub_ecosystem,Human,1,100.0,0.0
Family,Parvoviridae,sub_ecosystem,Animals,4,1.08,0.12
Family,Parvoviridae,sub_ecosystem,Aquatic Marine,21,5.66,0.03
Family,Parvoviridae,sub_ecosystem,Human,105,28.3,0.29
Family,Parvoviridae,sub_ecosystem,Plants,229,61.73,0.41
Family,Parvoviridae,sub_ecosystem,Thermophilic High Temperature,9,2.43,0.09
Family,Parvoviridae,sub_ecosystem,Wastewater Treatment,3,0.81,0.06
Family,Peduoviridae,sub_ecosystem,Animals,889,0.58,25.88
Family,Peduoviridae,sub_ecosystem,Aquatic Freshwater,41362,26.79,38.18
Family,Peduoviridae,sub_ecosystem,Aquatic Marine,25284,16.38,37.5
Family,Peduoviridae,sub_ecosystem,Aquatic Special,733,0.47,61.39
Family,Peduoviridae,sub_ecosystem,Atmospheric,33,0.02,73.33
Family,Peduoviridae,sub_ecosystem,Bioreactors,1765,1.14,33.56
Family,Peduoviridae,sub_ecosystem,Built Environment,184,0.12,14.13
Family,Peduoviridae,sub_ecosystem,Chemical Remediation Targets,1539,1.0,60.12
Family,Peduoviridae,sub_ecosystem,Cleanrooms,3,0.0,6.0
Family,Peduoviridae,sub_ecosystem,Controlled Environment,488,0.32,69.22
Family,Peduoviridae,sub_ecosystem,Food Production,11,0.01,10.19
Family,Peduoviridae,sub_ecosystem,Fungi And Algae,150,0.1,43.48
Family,Peduoviridae,sub_ecosystem,Halophilic And Alkaliphilic,9,0.01,17.65
Family,Peduoviridae,sub_ecosystem,Human,2995,1.94,8.18
Family,Peduoviridae,sub_ecosystem,Hydrocarbon Contamination Oil,37,0.02,80.43
Family,Peduoviridae,sub_ecosystem,Industrial Hydrocarbon Processing,25,0.02,55.56
Family,Peduoviridae,sub_ecosystem,Industrial Processing,39,0.03,31.97
Family,Peduoviridae,sub_ecosystem,Industrial Wastewater,885,0.57,70.8
Family,Peduoviridae,sub_ecosystem,Lab Enrichment,40,0.03,56.34
Family,Peduoviridae,sub_ecosystem,Landfill,1147,0.74,80.27
Family,Peduoviridae,sub_ecosystem,Microbial Hosts,32,0.02,65.31
Family,Peduoviridae,sub_ecosystem,Modeled,36,0.02,43.37
Family,Peduoviridae,sub_ecosystem,Plants,31964,20.71,57.23
Family,Peduoviridae,sub_ecosystem,Psychrophilic Low Temperature,23544,15.25,55.1
Family,Peduoviridae,sub_ecosystem,Solid Waste Management,77,0.05,36.49
Family,Peduoviridae,sub_ecosystem,Subsurface And Geologic,10301,6.67,78.77
Family,Peduoviridae,sub_ecosystem,Tailings Pond,47,0.03,72.31
Family,Peduoviridae,sub_ecosystem,Terrestrial Soil,823,0.53,38.91
Family,Peduoviridae,sub_ecosystem,Terrestrial Vegetation,18,0.01,62.07
Family,Peduoviridae,sub_ecosystem,Thermophilic High Temperature,6597,4.27,66.14
Family,Peduoviridae,sub_ecosystem,Unknown Mixed,81,0.05,44.26
Family,Peduoviridae,sub_ecosystem,Wastewater Treatment,3235,2.1,67.98
Family,Phycodnaviridae,sub_ecosystem,Aquatic Freshwater,5098,53.94,4.71
Family,Phycodnaviridae,sub_ecosystem,Aquatic Marine,1920,20.32,2.85
Family,Phycodnaviridae,sub_ecosystem,Chemical Remediation Targets,19,0.2,0.74
Family,Phycodnaviridae,sub_ecosystem,Controlled Environment,3,0.03,0.43
Family,Phycodnaviridae,sub_ecosystem,Fungi And Algae,6,0.06,1.74
Family,Phycodnaviridae,sub_ecosystem,Human,20,0.21,0.05
Family,Phycodnaviridae,sub_ecosystem,Industrial Wastewater,5,0.05,0.4
Family,Phycodnaviridae,sub_ecosystem,Landfill,2,0.02,0.14
Family,Phycodnaviridae,sub_ecosystem,Plants,1876,19.85,3.36
Family,Phycodnaviridae,sub_ecosystem,Psychrophilic Low Temperature,4,0.04,0.01
Family,Phycodnaviridae,sub_ecosystem,Subsurface And Geologic,108,1.14,0.83
Family,Phycodnaviridae,sub_ecosystem,Terrestrial Soil,1,0.01,0.05
Family,Phycodnaviridae,sub_ecosystem,Thermophilic High Temperature,385,4.07,3.86
Family,Phycodnaviridae,sub_ecosystem,Wastewater Treatment,4,0.04,0.08
Family,Picornaviridae,sub_ecosystem,Aquatic Freshwater,266,46.67,0.25
Family,Picornaviridae,sub_ecosystem,Aquatic Marine,90,15.79,0.13
Family,Picornaviridae,sub_ecosystem,Bioreactors,36,6.32,0.68
Family,Picornaviridae,sub_ecosystem,Human,3,0.53,0.01
Family,Picornaviridae,sub_ecosystem,Plants,45,7.89,0.08
Family,Picornaviridae,sub_ecosystem,Psychrophilic Low Temperature,118,20.7,0.28
Family,Picornaviridae,sub_ecosystem,Subsurface And Geologic,1,0.18,0.01
Family,Picornaviridae,sub_ecosystem,Terrestrial Soil,6,1.05,0.28
Family,Picornaviridae,sub_ecosystem,Wastewater Treatment,5,0.88,0.11
Family,Polycipiviridae,sub_ecosystem,Plants,5,83.33,0.01
Family,Polycipiviridae,sub_ecosystem,Psychrophilic Low Temperature,1,16.67,0.0
Family,Polyomaviridae,sub_ecosystem,Animals,5,3.45,0.15
Family,Polyomaviridae,sub_ecosystem,Aquatic Freshwater,2,1.38,0.0
Family,Polyomaviridae,sub_ecosystem,Human,132,91.03,0.36
Family,Polyomaviridae,sub_ecosystem,Industrial Processing,1,0.69,0.82
Family,Polyomaviridae,sub_ecosystem,Plants,5,3.45,0.01
Family,Pootjesviridae,sub_ecosystem,Aquatic Marine,1,9.09,0.0
Family,Pootjesviridae,sub_ecosystem,Bioreactors,3,27.27,0.06
Family,Pootjesviridae,sub_ecosystem,Plants,7,63.64,0.01
Family,Portogloboviridae,sub_ecosystem,Aquatic Freshwater,20,51.28,0.02
Family,Portogloboviridae,sub_ecosystem,Plants,10,25.64,0.02
Family,Portogloboviridae,sub_ecosystem,Terrestrial Soil,1,2.56,0.05
Family,Portogloboviridae,sub_ecosystem,Thermophilic High Temperature,8,20.51,0.08
Family,Pseudototiviridae,sub_ecosystem,Aquatic Freshwater,15,57.69,0.01
Family,Pseudototiviridae,sub_ecosystem,Psychrophilic Low Temperature,3,11.54,0.01
Family,Pseudototiviridae,sub_ecosystem,Solid Waste Management,2,7.69,0.95
Family,Pseudototiviridae,sub_ecosystem,Terrestrial Soil,6,23.08,0.28
Family,Rountreeviridae,sub_ecosystem,Plants,1,100.0,0.0
Family,Rudiviridae,sub_ecosystem,Thermophilic High Temperature,62,100.0,0.62
Family,Saffermanviridae,sub_ecosystem,Aquatic Freshwater,70,85.37,0.06
Family,Saffermanviridae,sub_ecosystem,Human,1,1.22,0.0
Family,Saffermanviridae,sub_ecosystem,Plants,4,4.88,0.01
Family,Saffermanviridae,sub_ecosystem,Psychrophilic Low Temperature,5,6.1,0.01
Family,Saffermanviridae,sub_ecosystem,Thermophilic High Temperature,2,2.44,0.02
Family,Salasmaviridae,sub_ecosystem,Animals,32,2.31,0.93
Family,Salasmaviridae,sub_ecosystem,Aquatic Freshwater,3,0.22,0.0
Family,Salasmaviridae,sub_ecosystem,Aquatic Marine,3,0.22,0.0
Family,Salasmaviridae,sub_ecosystem,Controlled Environment,1,0.07,0.14
Family,Salasmaviridae,sub_ecosystem,Fungi And Algae,1,0.07,0.29
Family,Salasmaviridae,sub_ecosystem,Human,1027,74.26,2.81
Family,Salasmaviridae,sub_ecosystem,Industrial Wastewater,1,0.07,0.08
Family,Salasmaviridae,sub_ecosystem,Plants,112,8.1,0.2
Family,Salasmaviridae,sub_ecosystem,Psychrophilic Low Temperature,203,14.68,0.48
Family,Sarkviridae,sub_ecosystem,Aquatic Freshwater,2,2.6,0.0
Family,Sarkviridae,sub_ecosystem,Bioreactors,13,16.88,0.25
Family,Sarkviridae,sub_ecosystem,Human,8,10.39,0.02
Family,Sarkviridae,sub_ecosystem,Microbial Hosts,1,1.3,2.04
Family,Sarkviridae,sub_ecosystem,Plants,21,27.27,0.04
Family,Sarkviridae,sub_ecosystem,Psychrophilic Low Temperature,14,18.18,0.03
Family,Sarkviridae,sub_ecosystem,Solid Waste Management,15,19.48,7.11
Family,Sarkviridae,sub_ecosystem,Subsurface And Geologic,2,2.6,0.02
Family,Sarkviridae,sub_ecosystem,Thermophilic High Temperature,1,1.3,0.01
Family,Schitoviridae,sub_ecosystem,Animals,5,0.27,0.15
Family,Schitoviridae,sub_ecosystem,Aquatic Freshwater,171,9.26,0.16
Family,Schitoviridae,sub_ecosystem,Aquatic Marine,223,12.07,0.33
Family,Schitoviridae,sub_ecosystem,Aquatic Special,1,0.05,0.08
Family,Schitoviridae,sub_ecosystem,Bioreactors,10,0.54,0.19
Family,Schitoviridae,sub_ecosystem,Built Environment,3,0.16,0.23
Family,Schitoviridae,sub_ecosystem,Chemical Remediation Targets,46,2.49,1.8
Family,Schitoviridae,sub_ecosystem,Fungi And Algae,10,0.54,2.9
Family,Schitoviridae,sub_ecosystem,Human,223,12.07,0.61
Family,Schitoviridae,sub_ecosystem,Industrial Wastewater,13,0.7,1.04
Family,Schitoviridae,sub_ecosystem,Plants,934,50.57,1.67
Family,Schitoviridae,sub_ecosystem,Psychrophilic Low Temperature,37,2.0,0.09
Family,Schitoviridae,sub_ecosystem,Solid Waste Management,5,0.27,2.37
Family,Schitoviridae,sub_ecosystem,Subsurface And Geologic,58,3.14,0.44
Family,Schitoviridae,sub_ecosystem,Terrestrial Soil,10,0.54,0.47
Family,Schitoviridae,sub_ecosystem,Thermophilic High Temperature,67,3.63,0.67
Family,Schitoviridae,sub_ecosystem,Wastewater Treatment,31,1.68,0.65
Family,Sedoreoviridae,sub_ecosystem,Aquatic Freshwater,43,6.62,0.04
Family,Sedoreoviridae,sub_ecosystem,Aquatic Marine,34,5.23,0.05
Family,Sedoreoviridae,sub_ecosystem,Chemical Remediation Targets,3,0.46,0.12
Family,Sedoreoviridae,sub_ecosystem,Human,111,17.08,0.3
Family,Sedoreoviridae,sub_ecosystem,Hydrocarbon Contamination Oil,3,0.46,6.52
Family,Sedoreoviridae,sub_ecosystem,Industrial Hydrocarbon Processing,1,0.15,2.22
Family,Sedoreoviridae,sub_ecosystem,Landfill,1,0.15,0.07
Family,Sedoreoviridae,sub_ecosystem,Plants,389,59.85,0.7
Family,Sedoreoviridae,sub_ecosystem,Psychrophilic Low Temperature,10,1.54,0.02
Family,Sedoreoviridae,sub_ecosystem,Subsurface And Geologic,29,4.46,0.22
Family,Sedoreoviridae,sub_ecosystem,Terrestrial Soil,2,0.31,0.09
Family,Sedoreoviridae,sub_ecosystem,Thermophilic High Temperature,20,3.08,0.2
Family,Sedoreoviridae,sub_ecosystem,Unknown Mixed,1,0.15,0.55
Family,Sedoreoviridae,sub_ecosystem,Wastewater Treatment,3,0.46,0.06
Family,Sinhaliviridae,sub_ecosystem,Animals,3,0.66,0.09
Family,Sinhaliviridae,sub_ecosystem,Aquatic Freshwater,135,29.67,0.12
Family,Sinhaliviridae,sub_ecosystem,Aquatic Marine,108,23.74,0.16
Family,Sinhaliviridae,sub_ecosystem,Bioreactors,11,2.42,0.21
Family,Sinhaliviridae,sub_ecosystem,Plants,48,10.55,0.09
Family,Sinhaliviridae,sub_ecosystem,Psychrophilic Low Temperature,133,29.23,0.31
Family,Sinhaliviridae,sub_ecosystem,Subsurface And Geologic,4,0.88,0.03
Family,Sinhaliviridae,sub_ecosystem,Terrestrial Soil,5,1.1,0.24
Family,Sinhaliviridae,sub_ecosystem,Thermophilic High Temperature,1,0.22,0.01
Family,Sinhaliviridae,sub_ecosystem,Wastewater Treatment,7,1.54,0.15
Family,Smacoviridae,sub_ecosystem,Animals,1,0.2,0.03
Family,Smacoviridae,sub_ecosystem,Aquatic Freshwater,16,3.14,0.01
Family,Smacoviridae,sub_ecosystem,Aquatic Marine,367,72.1,0.54
Family,Smacoviridae,sub_ecosystem,Bioreactors,2,0.39,0.04
Family,Smacoviridae,sub_ecosystem,Human,15,2.95,0.04
Family,Smacoviridae,sub_ecosystem,Landfill,1,0.2,0.07
Family,Smacoviridae,sub_ecosystem,Plants,107,21.02,0.19
Family,Solemoviridae,sub_ecosystem,Aquatic Freshwater,169,50.0,0.16
Family,Solemoviridae,sub_ecosystem,Aquatic Marine,52,15.38,0.08
Family,Solemoviridae,sub_ecosystem,Bioreactors,13,3.85,0.25
Family,Solemoviridae,sub_ecosystem,Human,30,8.88,0.08
Family,Solemoviridae,sub_ecosystem,Plants,11,3.25,0.02
Family,Solemoviridae,sub_ecosystem,Psychrophilic Low Temperature,38,11.24,0.09
Family,Solemoviridae,sub_ecosystem,Terrestrial Soil,5,1.48,0.24
Family,Solemoviridae,sub_ecosystem,Thermophilic High Temperature,12,3.55,0.12
Family,Solemoviridae,sub_ecosystem,Wastewater Treatment,8,2.37,0.17
Family,Solspiviridae,sub_ecosystem,Aquatic Freshwater,206,30.03,0.19
Family,Solspiviridae,sub_ecosystem,Aquatic Marine,171,24.93,0.25
Family,Solspiviridae,sub_ecosystem,Bioreactors,51,7.43,0.97
Family,Solspiviridae,sub_ecosystem,Plants,11,1.6,0.02
Family,Solspiviridae,sub_ecosystem,Psychrophilic Low Temperature,231,33.67,0.54
Family,Solspiviridae,sub_ecosystem,Subsurface And Geologic,1,0.15,0.01
Family,Solspiviridae,sub_ecosystem,Thermophilic High Temperature,12,1.75,0.12
Family,Solspiviridae,sub_ecosystem,Wastewater Treatment,3,0.44,0.06
Family,Spinareoviridae,sub_ecosystem,Aquatic Freshwater,2,6.67,0.0
Family,Spinareoviridae,sub_ecosystem,Aquatic Marine,1,3.33,0.0
Family,Spinareoviridae,sub_ecosystem,Bioreactors,1,3.33,0.02
Family,Spinareoviridae,sub_ecosystem,Plants,13,43.33,0.02
Family,Spinareoviridae,sub_ecosystem,Psychrophilic Low Temperature,1,3.33,0.0
Family,Spinareoviridae,sub_ecosystem,Subsurface And Geologic,5,16.67,0.04
Family,Spinareoviridae,sub_ecosystem,Thermophilic High Temperature,7,23.33,0.07
Family,Sputniviroviridae,sub_ecosystem,Animals,1,0.32,0.03
Family,Sputniviroviridae,sub_ecosystem,Aquatic Freshwater,77,24.6,0.07
Family,Sputniviroviridae,sub_ecosystem,Aquatic Marine,41,13.1,0.06
Family,Sputniviroviridae,sub_ecosystem,Aquatic Special,4,1.28,0.34
Family,Sputniviroviridae,sub_ecosystem,Chemical Remediation Targets,1,0.32,0.04
Family,Sputniviroviridae,sub_ecosystem,Fungi And Algae,1,0.32,0.29
Family,Sputniviroviridae,sub_ecosystem,Landfill,3,0.96,0.21
Family,Sputniviroviridae,sub_ecosystem,Plants,95,30.35,0.17
Family,Sputniviroviridae,sub_ecosystem,Psychrophilic Low Temperature,31,9.9,0.07
Family,Sputniviroviridae,sub_ecosystem,Subsurface And Geologic,12,3.83,0.09
Family,Sputniviroviridae,sub_ecosystem,Thermophilic High Temperature,46,14.7,0.46
Family,Sputniviroviridae,sub_ecosystem,Wastewater Treatment,1,0.32,0.02
Family,Stanwilliamsviridae,sub_ecosystem,Aquatic Freshwater,5,23.81,0.0
Family,Stanwilliamsviridae,sub_ecosystem,Chemical Remediation Targets,1,4.76,0.04
Family,Stanwilliamsviridae,sub_ecosystem,Cleanrooms,1,4.76,2.0
Family,Stanwilliamsviridae,sub_ecosystem,Plants,4,19.05,0.01
Family,Stanwilliamsviridae,sub_ecosystem,Psychrophilic Low Temperature,3,14.29,0.01
Family,Stanwilliamsviridae,sub_ecosystem,Subsurface And Geologic,6,28.57,0.05
Family,Stanwilliamsviridae,sub_ecosystem,Terrestrial Soil,1,4.76,0.05
Family,Steigviridae,sub_ecosystem,Animals,10,2.65,0.29
Family,Steigviridae,sub_ecosystem,Aquatic Freshwater,4,1.06,0.0
Family,Steigviridae,sub_ecosystem,Bioreactors,14,3.7,0.27
Family,Steigviridae,sub_ecosystem,Human,329,87.04,0.9
Family,Steigviridae,sub_ecosystem,Industrial Wastewater,1,0.26,0.08
Family,Steigviridae,sub_ecosystem,Landfill,2,0.53,0.14
Family,Steigviridae,sub_ecosystem,Psychrophilic Low Temperature,6,1.59,0.01
Family,Steigviridae,sub_ecosystem,Subsurface And Geologic,2,0.53,0.02
Family,Steigviridae,sub_ecosystem,Wastewater Treatment,10,2.65,0.21
Family,Steitzviridae,sub_ecosystem,Aquatic Freshwater,112,2.62,0.1
Family,Steitzviridae,sub_ecosystem,Aquatic Marine,117,2.74,0.17
Family,Steitzviridae,sub_ecosystem,Bioreactors,124,2.9,2.36
Family,Steitzviridae,sub_ecosystem,Human,1,0.02,0.0
Family,Steitzviridae,sub_ecosystem,Plants,555,13.0,0.99
Family,Steitzviridae,sub_ecosystem,Psychrophilic Low Temperature,3223,75.5,7.54
Family,Steitzviridae,sub_ecosystem,Subsurface And Geologic,7,0.16,0.05
Family,Steitzviridae,sub_ecosystem,Terrestrial Soil,120,2.81,5.67
Family,Steitzviridae,sub_ecosystem,Wastewater Treatment,10,0.23,0.21
Family,Straboviridae,sub_ecosystem,Aquatic Freshwater,2,3.51,0.0
Family,Straboviridae,sub_ecosystem,Human,5,8.77,0.01
Family,Straboviridae,sub_ecosystem,Plants,27,47.37,0.05
Family,Straboviridae,sub_ecosystem,Psychrophilic Low Temperature,23,40.35,0.05
Family,Suoliviridae,sub_ecosystem,Human,235,86.72,0.64
Family,Suoliviridae,sub_ecosystem,Plants,36,13.28,0.06
Family,Tectiviridae,sub_ecosystem,Aquatic Freshwater,33,8.38,0.03
Family,Tectiviridae,sub_ecosystem,Aquatic Marine,16,4.06,0.02
Family,Tectiviridae,sub_ecosystem,Aquatic Special,3,0.76,0.25
Family,Tectiviridae,sub_ecosystem,Built Environment,2,0.51,0.15
Family,Tectiviridae,sub_ecosystem,Chemical Remediation Targets,2,0.51,0.08
Family,Tectiviridae,sub_ecosystem,Controlled Environment,5,1.27,0.71
Family,Tectiviridae,sub_ecosystem,Human,20,5.08,0.05
Family,Tectiviridae,sub_ecosystem,Industrial Wastewater,1,0.25,0.08
Family,Tectiviridae,sub_ecosystem,Landfill,2,0.51,0.14
Family,Tectiviridae,sub_ecosystem,Plants,165,41.88,0.3
Family,Tectiviridae,sub_ecosystem,Psychrophilic Low Temperature,113,28.68,0.26
Family,Tectiviridae,sub_ecosystem,Subsurface And Geologic,8,2.03,0.06
Family,Tectiviridae,sub_ecosystem,Terrestrial Soil,18,4.57,0.85
Family,Tectiviridae,sub_ecosystem,Thermophilic High Temperature,3,0.76,0.03
Family,Tectiviridae,sub_ecosystem,Unknown Mixed,1,0.25,0.55
Family,Tectiviridae,sub_ecosystem,Wastewater Treatment,2,0.51,0.04
Family,Tombusviridae,sub_ecosystem,Aquatic Freshwater,1251,26.45,1.15
Family,Tombusviridae,sub_ecosystem,Aquatic Marine,940,19.87,1.39
Family,Tombusviridae,sub_ecosystem,Bioreactors,207,4.38,3.94
Family,Tombusviridae,sub_ecosystem,Human,16,0.34,0.04
Family,Tombusviridae,sub_ecosystem,Plants,181,3.83,0.32
Family,Tombusviridae,sub_ecosystem,Psychrophilic Low Temperature,1790,37.84,4.19
Family,Tombusviridae,sub_ecosystem,Subsurface And Geologic,11,0.23,0.08
Family,Tombusviridae,sub_ecosystem,Terrestrial Soil,48,1.01,2.27
Family,Tombusviridae,sub_ecosystem,Thermophilic High Temperature,235,4.97,2.36
Family,Tombusviridae,sub_ecosystem,Wastewater Treatment,51,1.08,1.07
Family,Tymoviridae,sub_ecosystem,Aquatic Freshwater,2,18.18,0.0
Family,Tymoviridae,sub_ecosystem,Bioreactors,3,27.27,0.06
Family,Tymoviridae,sub_ecosystem,Human,1,9.09,0.0
Family,Tymoviridae,sub_ecosystem,Plants,4,36.36,0.01
Family,Tymoviridae,sub_ecosystem,Terrestrial Soil,1,9.09,0.05
Family,Unclassified_Autographivirales,sub_ecosystem,Aquatic Freshwater,4,6.67,0.0
Family,Unclassified_Autographivirales,sub_ecosystem,Aquatic Marine,42,70.0,0.06
Family,Unclassified_Autographivirales,sub_ecosystem,Aquatic Special,2,3.33,0.17
Family,Unclassified_Autographivirales,sub_ecosystem,Plants,10,16.67,0.02
Family,Unclassified_Autographivirales,sub_ecosystem,Thermophilic High Temperature,2,3.33,0.02
Family,Unclassified_Caudoviricetes,sub_ecosystem,Animals,1640,3.77,47.74
Family,Unclassified_Caudoviricetes,sub_ecosystem,Aquatic Freshwater,4369,10.06,4.03
Family,Unclassified_Caudoviricetes,sub_ecosystem,Aquatic Marine,3036,6.99,4.5
Family,Unclassified_Caudoviricetes,sub_ecosystem,Aquatic Special,148,0.34,12.4
Family,Unclassified_Caudoviricetes,sub_ecosystem,Atmospheric,5,0.01,11.11
Family,Unclassified_Caudoviricetes,sub_ecosystem,Bioreactors,1043,2.4,19.83
Family,Unclassified_Caudoviricetes,sub_ecosystem,Built Environment,619,1.42,47.54
Family,Unclassified_Caudoviricetes,sub_ecosystem,Chemical Remediation Targets,327,0.75,12.77
Family,Unclassified_Caudoviricetes,sub_ecosystem,Cleanrooms,4,0.01,8.0
Family,Unclassified_Caudoviricetes,sub_ecosystem,Controlled Environment,118,0.27,16.74
Family,Unclassified_Caudoviricetes,sub_ecosystem,Food Production,71,0.16,65.74
Family,Unclassified_Caudoviricetes,sub_ecosystem,Fungi And Algae,91,0.21,26.38
Family,Unclassified_Caudoviricetes,sub_ecosystem,Halophilic And Alkaliphilic,13,0.03,25.49
Family,Unclassified_Caudoviricetes,sub_ecosystem,Human,17837,41.05,48.72
Family,Unclassified_Caudoviricetes,sub_ecosystem,Hydrocarbon Contamination Oil,4,0.01,8.7
Family,Unclassified_Caudoviricetes,sub_ecosystem,Industrial Hydrocarbon Processing,12,0.03,26.67
Family,Unclassified_Caudoviricetes,sub_ecosystem,Industrial Processing,20,0.05,16.39
Family,Unclassified_Caudoviricetes,sub_ecosystem,Industrial Wastewater,193,0.44,15.44
Family,Unclassified_Caudoviricetes,sub_ecosystem,Lab Enrichment,11,0.03,15.49
Family,Unclassified_Caudoviricetes,sub_ecosystem,Landfill,184,0.42,12.88
Family,Unclassified_Caudoviricetes,sub_ecosystem,Microbial Hosts,5,0.01,10.2
Family,Unclassified_Caudoviricetes,sub_ecosystem,Modeled,35,0.08,42.17
Family,Unclassified_Caudoviricetes,sub_ecosystem,Plants,7967,18.34,14.26
Family,Unclassified_Caudoviricetes,sub_ecosystem,Psychrophilic Low Temperature,2978,6.85,6.97
Family,Unclassified_Caudoviricetes,sub_ecosystem,Solid Waste Management,95,0.22,45.02
Family,Unclassified_Caudoviricetes,sub_ecosystem,Subsurface And Geologic,909,2.09,6.95
Family,Unclassified_Caudoviricetes,sub_ecosystem,Tailings Pond,9,0.02,13.85
Family,Unclassified_Caudoviricetes,sub_ecosystem,Terrestrial Soil,144,0.33,6.81
Family,Unclassified_Caudoviricetes,sub_ecosystem,Terrestrial Vegetation,7,0.02,24.14
Family,Unclassified_Caudoviricetes,sub_ecosystem,Thermophilic High Temperature,951,2.19,9.53
Family,Unclassified_Caudoviricetes,sub_ecosystem,Unknown Mixed,71,0.16,38.8
Family,Unclassified_Caudoviricetes,sub_ecosystem,Wastewater Treatment,535,1.23,11.24
Family,Vilmaviridae,sub_ecosystem,Plants,1,50.0,0.0
Family,Vilmaviridae,sub_ecosystem,Psychrophilic Low Temperature,1,50.0,0.0
Family,Vilyaviridae,sub_ecosystem,Aquatic Freshwater,5,17.86,0.0
Family,Vilyaviridae,sub_ecosystem,Aquatic Marine,3,10.71,0.0
Family,Vilyaviridae,sub_ecosystem,Cleanrooms,1,3.57,2.0
Family,Vilyaviridae,sub_ecosystem,Human,15,53.57,0.04
Family,Vilyaviridae,sub_ecosystem,Plants,4,14.29,0.01
Family,Yaraviridae,sub_ecosystem,Plants,31,100.0,0.06
Family,Zobellviridae,sub_ecosystem,Aquatic Freshwater,10,5.99,0.01
Family,Zobellviridae,sub_ecosystem,Aquatic Marine,26,15.57,0.04
Family,Zobellviridae,sub_ecosystem,Aquatic Special,8,4.79,0.67
Family,Zobellviridae,sub_ecosystem,Bioreactors,1,0.6,0.02
Family,Zobellviridae,sub_ecosystem,Fungi And Algae,7,4.19,2.03
Family,Zobellviridae,sub_ecosystem,Human,42,25.15,0.11
Family,Zobellviridae,sub_ecosystem,Plants,53,31.74,0.09
Family,Zobellviridae,sub_ecosystem,Psychrophilic Low Temperature,1,0.6,0.0
Family,Zobellviridae,sub_ecosystem,Subsurface And Geologic,3,1.8,0.02
Family,Zobellviridae,sub_ecosystem,Thermophilic High Temperature,16,9.58,0.16
GenomeLabel,RNA,main_ecosystem,Engineered Systems,751,7.88,3.58
GenomeLabel,RNA,main_ecosystem,Extreme Environments,5891,61.79,5.39
GenomeLabel,RNA,main_ecosystem,General Environmental,2023,21.22,0.67
GenomeLabel,RNA,main_ecosystem,Host Associated,869,9.11,0.41
GenomeLabel,dsDNA,main_ecosystem,Engineered Systems,15777,3.2,75.19
GenomeLabel,dsDNA,main_ecosystem,Extreme Environments,84051,17.05,76.84
GenomeLabel,dsDNA,main_ecosystem,General Environmental,193593,39.27,63.66
GenomeLabel,dsDNA,main_ecosystem,Host Associated,188417,38.22,88.54
GenomeLabel,dsDNA,main_ecosystem,Mixed And Lab,511,0.1,90.93
GenomeLabel,dsDNA,main_ecosystem,Contaminated and Industrial Environments,10617,2.15,96.89
GenomeLabel,dsRNA,main_ecosystem,Engineered Systems,36,1.64,0.17
GenomeLabel,dsRNA,main_ecosystem,Extreme Environments,358,16.35,0.33
GenomeLabel,dsRNA,main_ecosystem,General Environmental,497,22.69,0.16
GenomeLabel,dsRNA,main_ecosystem,Host Associated,1251,57.12,0.59
GenomeLabel,dsRNA,main_ecosystem,Contaminated and Industrial Environments,48,2.19,0.44
GenomeLabel,ssDNA,main_ecosystem,Engineered Systems,806,1.96,3.84
GenomeLabel,ssDNA,main_ecosystem,Extreme Environments,1602,3.9,1.46
GenomeLabel,ssDNA,main_ecosystem,General Environmental,24583,59.92,8.08
GenomeLabel,ssDNA,main_ecosystem,Host Associated,13875,33.82,6.52
GenomeLabel,ssDNA,main_ecosystem,Mixed And Lab,13,0.03,2.31
GenomeLabel,ssDNA,main_ecosystem,Contaminated and Industrial Environments,148,0.36,1.35
GenomeLabel,ssRNA(+),main_ecosystem,Engineered Systems,2540,8.58,12.1
GenomeLabel,ssRNA(+),main_ecosystem,Extreme Environments,10694,36.13,9.78
GenomeLabel,ssRNA(+),main_ecosystem,General Environmental,13982,47.23,4.6
GenomeLabel,ssRNA(+),main_ecosystem,Host Associated,2379,8.04,1.12
GenomeLabel,ssRNA(+),main_ecosystem,Mixed And Lab,1,0.0,0.18
GenomeLabel,ssRNA(+),main_ecosystem,Contaminated and Industrial Environments,5,0.02,0.05
GenomeLabel,RNA,sub_ecosystem,Aquatic Freshwater,1139,11.95,0.64
GenomeLabel,RNA,sub_ecosystem,Aquatic Marine,759,7.96,0.63
GenomeLabel,RNA,sub_ecosystem,Bioreactors,634,6.65,6.7
GenomeLabel,RNA,sub_ecosystem,Human,42,0.44,0.06
GenomeLabel,RNA,sub_ecosystem,Plants,827,8.67,0.58
GenomeLabel,RNA,sub_ecosystem,Psychrophilic Low Temperature,5798,60.81,8.77
GenomeLabel,RNA,sub_ecosystem,Subsurface And Geologic,42,0.44,0.19
GenomeLabel,RNA,sub_ecosystem,Terrestrial Soil,125,1.31,3.81
GenomeLabel,RNA,sub_ecosystem,Thermophilic High Temperature,51,0.53,0.24
GenomeLabel,RNA,sub_ecosystem,Wastewater Treatment,117,1.23,1.49
GenomeLabel,dsDNA,sub_ecosystem,Animals,3566,0.72,82.26
GenomeLabel,dsDNA,sub_ecosystem,Aquatic Freshwater,110724,22.46,62.06
GenomeLabel,dsDNA,sub_ecosystem,Aquatic Marine,79296,16.09,65.84
GenomeLabel,dsDNA,sub_ecosystem,Aquatic Special,1535,0.31,82.79
GenomeLabel,dsDNA,sub_ecosystem,Atmospheric,42,0.01,82.35
GenomeLabel,dsDNA,sub_ecosystem,Bioreactors,6006,1.22,63.5
GenomeLabel,dsDNA,sub_ecosystem,Built Environment,1239,0.25,74.01
GenomeLabel,dsDNA,sub_ecosystem,Chemical Remediation Targets,5316,1.08,97.9
GenomeLabel,dsDNA,sub_ecosystem,Cleanrooms,14,0.0,21.21
GenomeLabel,dsDNA,sub_ecosystem,Controlled Environment,1012,0.21,88.77
GenomeLabel,dsDNA,sub_ecosystem,Food Production,238,0.05,97.14
GenomeLabel,dsDNA,sub_ecosystem,Fungi And Algae,628,0.13,90.23
GenomeLabel,dsDNA,sub_ecosystem,Halophilic And Alkaliphilic,72,0.01,86.75
GenomeLabel,dsDNA,sub_ecosystem,Human,52645,10.68,80.25
GenomeLabel,dsDNA,sub_ecosystem,Hydrocarbon Contamination Oil,123,0.02,96.09
GenomeLabel,dsDNA,sub_ecosystem,Industrial Hydrocarbon Processing,73,0.01,91.25
GenomeLabel,dsDNA,sub_ecosystem,Industrial Processing,139,0.03,68.81
GenomeLabel,dsDNA,sub_ecosystem,Industrial Wastewater,2267,0.46,95.86
GenomeLabel,dsDNA,sub_ecosystem,Lab Enrichment,113,0.02,86.26
GenomeLabel,dsDNA,sub_ecosystem,Landfill,2708,0.55,97.94
GenomeLabel,dsDNA,sub_ecosystem,Microbial Hosts,67,0.01,85.9
GenomeLabel,dsDNA,sub_ecosystem,Modeled,107,0.02,90.68
GenomeLabel,dsDNA,sub_ecosystem,Plants,131511,26.68,92.56
GenomeLabel,dsDNA,sub_ecosystem,Psychrophilic Low Temperature,45930,9.32,69.47
GenomeLabel,dsDNA,sub_ecosystem,Solid Waste Management,369,0.07,95.1
GenomeLabel,dsDNA,sub_ecosystem,Subsurface And Geologic,20511,4.16,93.13
GenomeLabel,dsDNA,sub_ecosystem,Tailings Pond,116,0.02,93.55
GenomeLabel,dsDNA,sub_ecosystem,Terrestrial Soil,1923,0.39,58.63
GenomeLabel,dsDNA,sub_ecosystem,Terrestrial Vegetation,73,0.01,98.65
GenomeLabel,dsDNA,sub_ecosystem,Thermophilic High Temperature,17538,3.56,82.88
GenomeLabel,dsDNA,sub_ecosystem,Unknown Mixed,291,0.06,92.97
GenomeLabel,dsDNA,sub_ecosystem,Wastewater Treatment,6774,1.37,86.01
GenomeLabel,dsRNA,sub_ecosystem,Animals,1,0.05,0.02
GenomeLabel,dsRNA,sub_ecosystem,Aquatic Freshwater,200,9.13,0.11
GenomeLabel,dsRNA,sub_ecosystem,Aquatic Marine,287,13.11,0.24
GenomeLabel,dsRNA,sub_ecosystem,Bioreactors,13,0.59,0.14
GenomeLabel,dsRNA,sub_ecosystem,Built Environment,1,0.05,0.06
GenomeLabel,dsRNA,sub_ecosystem,Chemical Remediation Targets,38,1.74,0.7
GenomeLabel,dsRNA,sub_ecosystem,Controlled Environment,1,0.05,0.09
GenomeLabel,dsRNA,sub_ecosystem,Human,381,17.4,0.58
GenomeLabel,dsRNA,sub_ecosystem,Hydrocarbon Contamination Oil,3,0.14,2.34
GenomeLabel,dsRNA,sub_ecosystem,Industrial Wastewater,1,0.05,0.04
GenomeLabel,dsRNA,sub_ecosystem,Landfill,6,0.27,0.22
GenomeLabel,dsRNA,sub_ecosystem,Plants,869,39.68,0.61
GenomeLabel,dsRNA,sub_ecosystem,Psychrophilic Low Temperature,161,7.35,0.24
GenomeLabel,dsRNA,sub_ecosystem,Solid Waste Management,3,0.14,0.77
GenomeLabel,dsRNA,sub_ecosystem,Subsurface And Geologic,41,1.87,0.19
GenomeLabel,dsRNA,sub_ecosystem,Terrestrial Soil,10,0.46,0.3
GenomeLabel,dsRNA,sub_ecosystem,Thermophilic High Temperature,156,7.12,0.74
GenomeLabel,dsRNA,sub_ecosystem,Wastewater Treatment,18,0.82,0.23
GenomeLabel,ssDNA,sub_ecosystem,Animals,234,0.57,5.4
GenomeLabel,ssDNA,sub_ecosystem,Aquatic Freshwater,16466,40.13,9.23
GenomeLabel,ssDNA,sub_ecosystem,Aquatic Marine,7823,19.07,6.5
GenomeLabel,ssDNA,sub_ecosystem,Aquatic Special,236,0.58,12.73
GenomeLabel,ssDNA,sub_ecosystem,Atmospheric,2,0.0,3.92
GenomeLabel,ssDNA,sub_ecosystem,Bioreactors,382,0.93,4.04
GenomeLabel,ssDNA,sub_ecosystem,Built Environment,144,0.35,8.6
GenomeLabel,ssDNA,sub_ecosystem,Chemical Remediation Targets,42,0.1,0.77
GenomeLabel,ssDNA,sub_ecosystem,Cleanrooms,51,0.12,77.27
GenomeLabel,ssDNA,sub_ecosystem,Controlled Environment,3,0.01,0.26
GenomeLabel,ssDNA,sub_ecosystem,Food Production,2,0.0,0.82
GenomeLabel,ssDNA,sub_ecosystem,Fungi And Algae,33,0.08,4.74
GenomeLabel,ssDNA,sub_ecosystem,Halophilic And Alkaliphilic,9,0.02,10.84
GenomeLabel,ssDNA,sub_ecosystem,Human,9062,22.09,13.81
GenomeLabel,ssDNA,sub_ecosystem,Hydrocarbon Contamination Oil,2,0.0,1.56
GenomeLabel,ssDNA,sub_ecosystem,Industrial Hydrocarbon Processing,3,0.01,3.75
GenomeLabel,ssDNA,sub_ecosystem,Industrial Processing,6,0.01,2.97
GenomeLabel,ssDNA,sub_ecosystem,Industrial Wastewater,40,0.1,1.69
GenomeLabel,ssDNA,sub_ecosystem,Lab Enrichment,2,0.0,1.53
GenomeLabel,ssDNA,sub_ecosystem,Landfill,8,0.02,0.29
GenomeLabel,ssDNA,sub_ecosystem,Microbial Hosts,2,0.0,2.56
GenomeLabel,ssDNA,sub_ecosystem,Modeled,4,0.01,3.39
GenomeLabel,ssDNA,sub_ecosystem,Plants,4544,11.08,3.2
GenomeLabel,ssDNA,sub_ecosystem,Psychrophilic Low Temperature,688,1.68,1.04
GenomeLabel,ssDNA,sub_ecosystem,Solid Waste Management,5,0.01,1.29
GenomeLabel,ssDNA,sub_ecosystem,Subsurface And Geologic,362,0.88,1.64
GenomeLabel,ssDNA,sub_ecosystem,Tailings Pond,2,0.0,1.61
GenomeLabel,ssDNA,sub_ecosystem,Terrestrial Soil,55,0.13,1.68
GenomeLabel,ssDNA,sub_ecosystem,Terrestrial Vegetation,1,0.0,1.35
GenomeLabel,ssDNA,sub_ecosystem,Thermophilic High Temperature,543,1.32,2.57
GenomeLabel,ssDNA,sub_ecosystem,Unknown Mixed,7,0.02,2.24
GenomeLabel,ssDNA,sub_ecosystem,Wastewater Treatment,264,0.64,3.35
GenomeLabel,ssRNA(+),sub_ecosystem,Animals,32,0.11,0.74
GenomeLabel,ssRNA(+),sub_ecosystem,Aquatic Freshwater,7890,26.65,4.42
GenomeLabel,ssRNA(+),sub_ecosystem,Aquatic Marine,5531,18.69,4.59
GenomeLabel,ssRNA(+),sub_ecosystem,Aquatic Special,14,0.05,0.76
GenomeLabel,ssRNA(+),sub_ecosystem,Atmospheric,1,0.0,1.96
GenomeLabel,ssRNA(+),sub_ecosystem,Bioreactors,2058,6.95,21.76
GenomeLabel,ssRNA(+),sub_ecosystem,Built Environment,22,0.07,1.31
GenomeLabel,ssRNA(+),sub_ecosystem,Chemical Remediation Targets,1,0.0,0.02
GenomeLabel,ssRNA(+),sub_ecosystem,Controlled Environment,35,0.12,3.07
GenomeLabel,ssRNA(+),sub_ecosystem,Human,220,0.74,0.34
GenomeLabel,ssRNA(+),sub_ecosystem,Industrial Hydrocarbon Processing,1,0.0,1.25
GenomeLabel,ssRNA(+),sub_ecosystem,Industrial Wastewater,1,0.0,0.04
GenomeLabel,ssRNA(+),sub_ecosystem,Lab Enrichment,1,0.0,0.76
GenomeLabel,ssRNA(+),sub_ecosystem,Landfill,2,0.01,0.07
GenomeLabel,ssRNA(+),sub_ecosystem,Plants,2127,7.19,1.5
GenomeLabel,ssRNA(+),sub_ecosystem,Psychrophilic Low Temperature,8697,29.38,13.15
GenomeLabel,ssRNA(+),sub_ecosystem,Solid Waste Management,2,0.01,0.52
GenomeLabel,ssRNA(+),sub_ecosystem,Subsurface And Geologic,79,0.27,0.36
GenomeLabel,ssRNA(+),sub_ecosystem,Terrestrial Soil,546,1.84,16.65
GenomeLabel,ssRNA(+),sub_ecosystem,Thermophilic High Temperature,1918,6.48,9.06
GenomeLabel,ssRNA(+),sub_ecosystem,Wastewater Treatment,423,1.43,5.37
