group,cluster,motif,occurrences,mean_pos,sd_pos,hist
BTV-like,36,10,291,0.025,0.0,1.00000000;0.00000000;0.00000000;0.00000000;0.00000000;0.00000000;0.00000000;0.00000000;0.00000000;0.00000000;0.00000000;0.00000000;0.00000000;0.00000000;0.00000000;0.00000000;0.00000000;0.00000000;0.00000000;0.00000000
BTV-like,36,340,10910,0.5571860678276811,0.2643681158299719,0.04766269;0.02053162;0.02025665;0.02282310;0.02621448;0.03904675;0.05178735;0.06379468;0.05453712;0.05783685;0.06727773;0.06205316;0.07176902;0.06480293;0.05737855;0.05902841;0.05371219;0.04271311;0.05197067;0.06480293
BTV-like,36,341,10440,0.5447509578544062,0.2793100682453471,0.03256705;0.04291188;0.04262452;0.02777778;0.03237548;0.04291188;0.04913793;0.05392720;0.06111111;0.05651341;0.04818008;0.05727969;0.06063218;0.05383142;0.05134100;0.05373563;0.04875479;0.05670498;0.06446360;0.06321839
BTV-like,36,344,17858,0.5811905028558629,0.2519259602221,0.01976705;0.01584724;0.02094299;0.02122298;0.02570277;0.04765371;0.05454138;0.05252548;0.06243700;0.06490088;0.06344495;0.05627730;0.06081308;0.07402845;0.06624482;0.05302945;0.05762123;0.06109307;0.06243700;0.05946915
BTV-like,36,346,40574,0.586124118893873,0.2534146761746178,0.01700596;0.01912555;0.02141766;0.03206487;0.03061074;0.03758565;0.04313107;0.05173264;0.05434515;0.05720412;0.06021097;0.06521418;0.06053137;0.06583033;0.06876325;0.07071031;0.06804850;0.06070390;0.06178834;0.05397545
BTV-like,36,347,8273,0.5809954067448326,0.2569716023748675,0.01837302;0.01643902;0.01946090;0.02272453;0.03251541;0.04472380;0.06043757;0.05826182;0.06358032;0.05705306;0.05850357;0.06358032;0.06200894;0.05729481;0.05995407;0.05233893;0.04665780;0.07494258;0.06007494;0.07107458
BTV-like,36,355,5165,0.295435624394966,0.2288087420416402,0.00000000;0.01084221;0.06331075;0.31055179;0.32294288;0.08131655;0.04685382;0.03407551;0.00793804;0.00716360;0.00909971;0.00116167;0.00406583;0.00406583;0.00019361;0.00000000;0.00212972;0.01510165;0.00987415;0.06931268
BTV-like,36,362,7878,0.6000825082508251,0.2473260647944057,0.01434374;0.01548616;0.01865956;0.01688246;0.02678345;0.03033765;0.04887027;0.06791064;0.05800965;0.05902513;0.06562579;0.06334095;0.06270627;0.05140899;0.05559787;0.06664128;0.07844631;0.08288906;0.06422950;0.05280528
BTV-like,36,363,10343,0.5669994198975152,0.2522154474346028,0.01769313;0.01508266;0.01749976;0.03200232;0.03296916;0.04689162;0.05365948;0.05868703;0.07096587;0.07473654;0.07096587;0.05404621;0.06013729;0.06197428;0.05568984;0.05269264;0.04640820;0.05520642;0.05926714;0.06342454
BTV-like,75,339,2572,0.5002721617418351,0.2968420554196758,0.05015552;0.05948678;0.05132193;0.05559876;0.05248834;0.04082426;0.04548989;0.04432348;0.04821151;0.04937792;0.06337481;0.04354588;0.05132193;0.03965785;0.04315708;0.04354588;0.04160187;0.05482115;0.06220840;0.05948678
BTV-like,75,340,5189,0.45742435922143,0.2973212134092485,0.10522259;0.04798612;0.05261129;0.05357487;0.05145500;0.05261129;0.04933513;0.04432453;0.04451725;0.04702255;0.04682983;0.04586626;0.05087685;0.04644440;0.04625169;0.04259009;0.04509539;0.04509539;0.04509539;0.03719406
BTV-like,75,341,7842,0.5203009436368273,0.2858773838089554,0.03634277;0.05330273;0.04730936;0.04475899;0.04565162;0.04769192;0.04603417;0.04781943;0.04973221;0.04883958;0.04871206;0.05100740;0.04871206;0.05406784;0.05802091;0.05636317;0.05649069;0.05649069;0.05355777;0.04909462
BTV-like,75,344,6904,0.499239571263036,0.2785848216621548,0.03476246;0.04924681;0.04924681;0.05533024;0.05185400;0.05373696;0.05460603;0.04910197;0.05257822;0.04968134;0.05330243;0.04910197;0.05475087;0.05141947;0.05098494;0.05272306;0.05460603;0.05055041;0.04634994;0.03606605
BTV-like,75,346,18799,0.5030892600670248,0.285119073586373,0.04255546;0.04819405;0.05367307;0.04840683;0.05074738;0.05154529;0.04877919;0.05117293;0.05048141;0.04920474;0.05074738;0.05181127;0.05026863;0.05165168;0.05111974;0.05069419;0.05149210;0.05053460;0.04989627;0.04702378
BTV-like,75,347,3560,0.5023455056179775,0.277840496148465,0.02865169;0.04943820;0.04522472;0.05168539;0.05337079;0.05280899;0.05786517;0.05674157;0.06376404;0.04971910;0.05870787;0.05084270;0.04803371;0.04803371;0.04662921;0.03848315;0.05280899;0.04241573;0.06151685;0.04325843
BTV-like,75,355,402,0.9549751243781096,0.1055228601207771,0.00000000;0.00000000;0.00248756;0.00000000;0.00248756;0.00248756;0.00995025;0.00248756;0.00248756;0.00000000;0.00000000;0.00000000;0.00497512;0.00497512;0.00000000;0.00000000;0.00746269;0.00248756;0.00746269;0.95024876
BTV-like,75,361,4844,0.4967485549132948,0.2829690590605408,0.04335260;0.05099092;0.04933939;0.05037159;0.04748142;0.05388109;0.05677126;0.04954583;0.04851363;0.05656482;0.05945500;0.04810074;0.05099092;0.04830718;0.04149463;0.05119736;0.05161024;0.04686210;0.05284889;0.04232040
BTV-like,75,362,3297,0.4847209584470731,0.2748098541800034,0.04852897;0.04670913;0.04852897;0.05186533;0.05338186;0.04943888;0.05762815;0.05550500;0.05762815;0.04701244;0.05459509;0.05338186;0.05975129;0.04579921;0.05247194;0.06035790;0.04064301;0.04913558;0.04033970;0.02729754
BTV-like,75,363,3895,0.4883376123234916,0.2876756531175512,0.05186136;0.05699615;0.05391528;0.04441592;0.05622593;0.05417202;0.04364570;0.05494223;0.05340180;0.04390244;0.05057766;0.04980745;0.05211810;0.05006418;0.04852375;0.04826701;0.04646983;0.05006418;0.04569961;0.04492940
BTV-like,93,10,4354,0.0559944878272852,0.0823333269497899,0.81672026;0.03169499;0.03720717;0.05006890;0.03835554;0.00252641;0.00000000;0.00459348;0.01653652;0.00045935;0.00022967;0.00000000;0.00000000;0.00000000;0.00022967;0.00000000;0.00045935;0.00045935;0.00045935;0.00000000
BTV-like,93,340,230377,0.4911302994656585,0.2945553532088621,0.06599183;0.05289591;0.05120303;0.04935389;0.04882432;0.04816887;0.04830343;0.04763062;0.04845970;0.04837288;0.04832948;0.04764799;0.04869844;0.04894586;0.04938427;0.04859860;0.04929746;0.04863767;0.05108583;0.05016994
BTV-like,93,341,241317,0.4997918712730558,0.2937862172852266,0.05552448;0.05277291;0.05111534;0.04902680;0.04946606;0.04926300;0.04842179;0.04911382;0.04797839;0.04771732;0.04748526;0.04825603;0.04834719;0.04836377;0.04881546;0.04972298;0.05001720;0.05139712;0.05259472;0.05460038
BTV-like,93,344,324918,0.5028525658781601,0.2866244202441441,0.04608855;0.04839375;0.04988951;0.05031731;0.05047427;0.04989874;0.05037886;0.04962483;0.05052967;0.05048043;0.05177306;0.04997876;0.05097594;0.05031423;0.05005571;0.05003724;0.04980641;0.05067125;0.05053583;0.04977564
BTV-like,93,346,819410,0.5000334386936942,0.2836263262889771,0.04454913;0.04817369;0.04964060;0.05039358;0.05058030;0.05135036;0.05151267;0.05131253;0.05139796;0.05104404;0.05218633;0.05097814;0.05130521;0.05074993;0.05095007;0.05066206;0.05028130;0.04956493;0.04823104;0.04513613
BTV-like,93,347,151073,0.5063080431314663,0.2888013658092621,0.04440238;0.05059806;0.04951249;0.05043257;0.05103493;0.04865860;0.04766570;0.05039286;0.04869169;0.05033328;0.04986331;0.05125337;0.05001556;0.05074368;0.05005527;0.04932053;0.04887703;0.05058482;0.05201459;0.05554930
BTV-like,93,355,6114,0.8398511612692181,0.2514877272628097,0.01079490;0.01570167;0.02306183;0.01357540;0.01324828;0.00834151;0.01030422;0.01095846;0.00785083;0.00703304;0.00703304;0.00572457;0.00719660;0.01128557;0.04039908;0.03074910;0.04677789;0.04890415;0.07801766;0.60304220
BTV-like,93,362,151424,0.4970935915046492,0.2857622780833265,0.04722501;0.05164307;0.04992604;0.04900148;0.05084399;0.05280537;0.05058643;0.05073172;0.05219120;0.04922601;0.05047417;0.05125343;0.05016378;0.05129306;0.04854581;0.05024303;0.05015717;0.04885619;0.04872411;0.04610894
BTV-like,93,363,172950,0.5002766695576756,0.2880711191877784,0.04964441;0.05090489;0.04916450;0.05010697;0.04924545;0.04941313;0.05007806;0.04970223;0.05095692;0.04974848;0.05021683;0.05134432;0.05088754;0.04950564;0.04951142;0.04982943;0.05007228;0.04926857;0.04992772;0.05047123
BTV-like,94,10,375,0.0545999999999999,0.0622133961994253,0.77066667;0.06133333;0.05066667;0.05866667;0.04000000;0.01866667;0.00000000;0.00000000;0.00000000;0.00000000;0.00000000;0.00000000;0.00000000;0.00000000;0.00000000;0.00000000;0.00000000;0.00000000;0.00000000;0.00000000
BTV-like,94,104,37,0.3358108108108108,0.1677091816593716,0.00000000;0.00000000;0.13513514;0.13513514;0.10810811;0.18918919;0.02702703;0.00000000;0.13513514;0.08108108;0.02702703;0.05405405;0.08108108;0.02702703;0.00000000;0.00000000;0.00000000;0.00000000;0.00000000;0.00000000
BTV-like,94,340,8748,0.4854080932784637,0.297450461020322,0.07944673;0.05258345;0.04846822;0.04972565;0.04732510;0.04652492;0.04732510;0.04915409;0.04218107;0.04903978;0.05212620;0.04709648;0.04721079;0.04778235;0.04858253;0.05029721;0.04858253;0.04812529;0.04641061;0.05201189
BTV-like,94,344,14919,0.4994486895904551,0.2863519551521235,0.04645083;0.05047255;0.05094175;0.04940009;0.05074067;0.05248341;0.04973524;0.04759032;0.05436021;0.04846169;0.04986929;0.05114284;0.04973524;0.05295261;0.04933307;0.05060661;0.04886386;0.04805952;0.05181312;0.04698706
BTV-like,94,346,33379,0.5067295305431558,0.2854042107328687,0.04394979;0.04787441;0.04775458;0.04997154;0.04880314;0.04997154;0.04952215;0.05140957;0.04997154;0.05155936;0.05170916;0.05069055;0.05125977;0.05057072;0.05066059;0.05182899;0.05063064;0.05099014;0.05197879;0.04889302
BTV-like,94,355,294,0.9214285714285714,0.183584398281872,0.00680272;0.02380952;0.00000000;0.00000000;0.00340136;0.00000000;0.00000000;0.00680272;0.00340136;0.00000000;0.00680272;0.01700680;0.00680272;0.00340136;0.00340136;0.00340136;0.00000000;0.01020408;0.02721088;0.87755102
BTV-like,94,360,44,0.3420454545454545,0.1584524526539937,0.00000000;0.00000000;0.02272727;0.20454545;0.22727273;0.11363636;0.00000000;0.02272727;0.09090909;0.04545455;0.13636364;0.11363636;0.00000000;0.02272727;0.00000000;0.00000000;0.00000000;0.00000000;0.00000000;0.00000000
BTV-like,94,362,6080,0.5039391447368421,0.2804383485710692,0.03815789;0.04934211;0.04868421;0.04802632;0.04753289;0.05164474;0.05361842;0.05016447;0.05904605;0.05230263;0.05246711;0.04967105;0.05115132;0.04851974;0.05526316;0.05378289;0.05032895;0.04687500;0.04950658;0.04391447
BTV-like,94,363,7767,0.5060158362302047,0.2839440365991045,0.04184370;0.04622119;0.04853869;0.05072744;0.04789494;0.05137119;0.05162869;0.05252993;0.05394618;0.04815244;0.05214368;0.05265868;0.05291618;0.04647869;0.04892494;0.05227243;0.05446118;0.05059869;0.04364620;0.05304493
Circoviridae-like,45,10,1487,0.0439307330195023,0.0524106173213345,0.83523874;0.06926698;0.03833221;0.02420982;0.01344990;0.01210491;0.00605245;0.00134499;0.00000000;0.00000000;0.00000000;0.00000000;0.00000000;0.00000000;0.00000000;0.00000000;0.00000000;0.00000000;0.00000000;0.00000000
Circoviridae-like,45,104,2434,0.4215283483976992,0.0969187678057401,0.00041085;0.00287592;0.00410846;0.00493016;0.01150370;0.04971241;0.06861134;0.19063270;0.41413311;0.16474938;0.03985210;0.00903862;0.01027116;0.00616270;0.00493016;0.00410846;0.00657354;0.00369762;0.00205423;0.00164339
Circoviridae-like,45,340,1679,0.1101995235259082,0.2190927040315771,0.70101251;0.10661108;0.06432400;0.02620608;0.00893389;0.00952948;0.00297796;0.00178678;0.00000000;0.00000000;0.00119119;0.00059559;0.00000000;0.00119119;0.00476474;0.01310304;0.02561048;0.01488982;0.01191185;0.00536033
Circoviridae-like,45,344,7040,0.3266193181818181,0.1925868826116684,0.09957386;0.10894886;0.05156250;0.01946023;0.02329545;0.03892045;0.06718750;0.17769886;0.26193182;0.07642045;0.01789773;0.00710227;0.00639205;0.00511364;0.00582386;0.00553977;0.00553977;0.00568182;0.00852273;0.00738636
Circoviridae-like,45,346,2825,0.2604867256637168,0.2277321480154288,0.23823009;0.14938053;0.07893805;0.03610619;0.01840708;0.02867257;0.03115044;0.08176991;0.18194690;0.07079646;0.01769912;0.00424779;0.00601770;0.00814159;0.00495575;0.00318584;0.00814159;0.01309735;0.00991150;0.00920354
Circoviridae-like,45,355,16259,0.9408865858908912,0.06643528813783,0.00000000;0.00006150;0.00006150;0.00012301;0.00000000;0.00000000;0.00000000;0.00000000;0.00000000;0.00000000;0.00000000;0.00061504;0.00485885;0.00953318;0.01408451;0.02318716;0.04046989;0.07817209;0.14109109;0.68774217
Circoviridae-like,45,360,4868,0.4486955628594906,0.0981015530624345,0.00123254;0.00164339;0.00267050;0.00390304;0.00698439;0.02793755;0.05279376;0.11277732;0.30279376;0.33689400;0.08833196;0.01889893;0.01006574;0.00534100;0.00657354;0.00554643;0.00369762;0.00575185;0.00369762;0.00246508
Circoviridae-like,45,362,2693,0.4480226513182325,0.1399267693709233,0.02042332;0.01448199;0.00705533;0.00742666;0.00891199;0.02413665;0.04715930;0.09171927;0.25213517;0.33679911;0.09654660;0.02710732;0.01151133;0.00779799;0.00742666;0.00742666;0.00668400;0.00854066;0.00816933;0.00854066
Circoviridae-like,45,363,1602,0.3521223470661673,0.2360582383599699,0.13295880;0.09550562;0.05368290;0.02684145;0.01310861;0.02621723;0.03870162;0.08551810;0.26966292;0.12921348;0.02871411;0.00561798;0.00499376;0.00499376;0.00998752;0.00936330;0.01186017;0.00749064;0.01248439;0.03308365
Geminiviridae-like,31,10,703,0.0797652916073968,0.0869225409589721,0.65007112;0.04978663;0.08250356;0.08250356;0.07396871;0.04267425;0.00995733;0.00711238;0.00000000;0.00000000;0.00142248;0.00000000;0.00000000;0.00000000;0.00000000;0.00000000;0.00000000;0.00000000;0.00000000;0.00000000
Geminiviridae-like,31,104,836,0.4697368421052631,0.0794858034423718,0.00000000;0.00000000;0.00000000;0.00000000;0.00000000;0.00000000;0.01196172;0.08612440;0.37320574;0.30023923;0.12918660;0.04784689;0.01435407;0.01196172;0.01076555;0.00239234;0.00598086;0.00358852;0.00239234;0.00000000
Geminiviridae-like,31,340,737,0.089314789687924,0.0937423282707621,0.59565807;0.06784261;0.09226594;0.08141113;0.07462687;0.05427408;0.02170963;0.01085482;0.00000000;0.00000000;0.00135685;0.00000000;0.00000000;0.00000000;0.00000000;0.00000000;0.00000000;0.00000000;0.00000000;0.00000000
Geminiviridae-like,31,344,4947,0.5243733575904589,0.2178686740411935,0.01900141;0.01414999;0.03234283;0.04143926;0.03517283;0.02061856;0.01596927;0.06225996;0.16777845;0.11016778;0.03860926;0.02102284;0.00909642;0.02931069;0.22700627;0.12734991;0.02001213;0.00141500;0.00323428;0.00404285
Geminiviridae-like,31,346,4995,0.7422272272272271,0.2810605173870091,0.04444444;0.02742743;0.02082082;0.01561562;0.01101101;0.00900901;0.00640641;0.00840841;0.03143143;0.02682683;0.01061061;0.00420420;0.00220220;0.02502503;0.04424424;0.01821822;0.00740741;0.34414414;0.32472472;0.01781782
Geminiviridae-like,31,355,2658,0.9662151993980436,0.0661825203450775,0.00150489;0.00037622;0.00075245;0.00150489;0.00075245;0.00112867;0.00000000;0.00000000;0.00000000;0.00000000;0.00000000;0.00000000;0.00000000;0.00000000;0.00000000;0.00000000;0.00225734;0.01730625;0.03498871;0.93942814
Geminiviridae-like,31,360,1671,0.4944793536804309,0.0815522912277117,0.00000000;0.00000000;0.00000000;0.00000000;0.00000000;0.00000000;0.00299222;0.03710353;0.22441652;0.37701975;0.22142430;0.06463196;0.02573309;0.01555955;0.00837822;0.01077199;0.00179533;0.00538600;0.00299222;0.00179533
Geminiviridae-like,31,362,8722,0.5312772299931208,0.090533858091265,0.00343958;0.00045861;0.00068792;0.00080257;0.00068792;0.00229305;0.00080257;0.00619124;0.06454942;0.26404494;0.35714286;0.18057785;0.05377207;0.01708324;0.01444623;0.01226783;0.00836964;0.00550332;0.00343958;0.00343958
Geminiviridae-like,31,363,844,0.3212677725118483,0.1909093463789783,0.08056872;0.06279621;0.09715640;0.10545024;0.08649289;0.03436019;0.02251185;0.03791469;0.17061611;0.15758294;0.08056872;0.02843602;0.00829384;0.00592417;0.00473934;0.00236967;0.00236967;0.00236967;0.00473934;0.00473934
HK97-like,0,10,720,0.0266666666666666,0.0122474487139158,0.97916667;0.00972222;0.00972222;0.00138889;0.00000000;0.00000000;0.00000000;0.00000000;0.00000000;0.00000000;0.00000000;0.00000000;0.00000000;0.00000000;0.00000000;0.00000000;0.00000000;0.00000000;0.00000000;0.00000000
HK97-like,0,338,41855,0.508137020666587,0.2881230419972429,0.04314897;0.05017322;0.05005376;0.04971927;0.05057938;0.05198901;0.04747342;0.04446303;0.04881137;0.04687612;0.05387648;0.05029268;0.05222793;0.05072273;0.04995819;0.05191733;0.05246685;0.05072273;0.05148728;0.05304026
HK97-like,0,340,1970,0.2421319796954315,0.20733294992477,0.04467005;0.28832487;0.09695431;0.18832487;0.00456853;0.00913706;0.08527919;0.11776650;0.07411168;0.02030457;0.00253807;0.00152284;0.00304569;0.00507614;0.00355330;0.01167513;0.01116751;0.01218274;0.01167513;0.00812183
HK97-like,1,64,2983,0.2913593697619846,0.0928858349215303,0.01139792;0.02983574;0.00972176;0.01206839;0.05766007;0.62621522;0.12135434;0.04994972;0.02246061;0.02782434;0.01340932;0.00670466;0.00335233;0.00100570;0.00134093;0.00234663;0.00134093;0.00067047;0.00134093;0.00000000
HK97-like,1,65,3003,0.298043623043623,0.0961295282882329,0.00865801;0.03096903;0.01232101;0.01065601;0.03363303;0.59174159;0.16250416;0.06127206;0.02331002;0.02597403;0.01864802;0.00732601;0.00333000;0.00233100;0.00066600;0.00266400;0.00133200;0.00133200;0.00000000;0.00133200
HK97-like,1,67,2990,0.300752508361204,0.0966963610459438,0.00869565;0.03010033;0.01404682;0.01003344;0.02742475;0.55652174;0.20000000;0.06387960;0.02474916;0.02441472;0.01939799;0.00735786;0.00367893;0.00234114;0.00100334;0.00200669;0.00133779;0.00100334;0.00066890;0.00133779
HK97-like,1,68,5892,0.3070434487440598,0.0924511548592745,0.00678887;0.01849966;0.01086219;0.01069246;0.02851324;0.51951799;0.24762390;0.06534284;0.02494908;0.02545825;0.02087576;0.00661914;0.00475221;0.00169722;0.00152749;0.00203666;0.00186694;0.00101833;0.00050916;0.00084861
HK97-like,1,70,2995,0.3082721202003339,0.0961129921122365,0.00934891;0.01202003;0.03171953;0.00934891;0.02337229;0.45609349;0.29649416;0.06644407;0.02771285;0.02404007;0.02203673;0.00601002;0.00567613;0.00133556;0.00166945;0.00166945;0.00233723;0.00100167;0.00066778;0.00100167
HK97-like,1,72,5987,0.3109612493736429,0.0950745779987268,0.00718223;0.01252714;0.03156840;0.00968766;0.02238183;0.41890763;0.33255387;0.06981794;0.02655754;0.02455320;0.02304994;0.00634709;0.00501086;0.00167029;0.00183731;0.00150326;0.00217137;0.00116920;0.00066811;0.00083514
HK97-like,1,75,8968,0.3124107939339875,0.094866377830265,0.00669045;0.01706066;0.02620428;0.01092774;0.02029438;0.39495986;0.35504014;0.07314897;0.02687333;0.02375112;0.02430865;0.00557538;0.00557538;0.00178412;0.00189563;0.00133809;0.00211864;0.00100357;0.00066905;0.00078055
HK97-like,1,88,606163,0.360573517354243,0.1424798017880977,0.00661208;0.00704431;0.02248405;0.10231076;0.12330677;0.10209300;0.11286403;0.12323748;0.12448302;0.11753109;0.08897937;0.03055944;0.01512959;0.00755077;0.00443445;0.00355185;0.00274019;0.00225847;0.00167282;0.00115645
HK97-like,1,108,2941,0.7153604216252976,0.0777624390297891,0.00068004;0.00102006;0.00068004;0.00102006;0.00068004;0.00068004;0.00204012;0.00204012;0.00204012;0.00340020;0.01156069;0.03842231;0.02210133;0.12614757;0.64467868;0.09010541;0.02346141;0.00986059;0.00952057;0.00986059
HK97-like,1,149,54152,0.5531503914906191,0.1000177764532745,0.00075713;0.00105259;0.00107106;0.00249298;0.00574309;0.01682302;0.02293544;0.00768208;0.01974073;0.05691387;0.31681194;0.37669892;0.08448441;0.04099572;0.01388684;0.00832841;0.00853154;0.00518910;0.00627862;0.00358251
HK97-like,1,158,11964,0.5722668004012036,0.0976061794315107,0.00175527;0.00033434;0.00133735;0.00133735;0.00309261;0.00785690;0.03184554;0.01019726;0.01028084;0.04296222;0.09202608;0.57438984;0.11927449;0.04814443;0.02206620;0.00911067;0.00735540;0.00760615;0.00451354;0.00451354
HK97-like,1,162,26477,0.5865704196094724,0.0946600659158187,0.00177513;0.00098198;0.00101975;0.00090645;0.00185066;0.00434339;0.01102844;0.02677796;0.00834687;0.02296333;0.07009858;0.52721230;0.19356423;0.06194055;0.02957284;0.01117951;0.00747819;0.00781811;0.00479662;0.00634513
HK97-like,1,177,163242,0.6431148233910391,0.091943130571023,0.00075961;0.00101077;0.00109041;0.00126193;0.00132931;0.00180713;0.00311807;0.00954411;0.01598241;0.01758739;0.02898151;0.09664180;0.33793387;0.33838718;0.08603791;0.02468115;0.01021796;0.00868649;0.00759608;0.00734492
HK97-like,1,194,14677,0.6983835252435783,0.0788448722145266,0.00061320;0.00068134;0.00061320;0.00061320;0.00095387;0.00149894;0.00211215;0.00115827;0.00292975;0.00790352;0.03229543;0.01751039;0.05287184;0.29304354;0.48122913;0.06690741;0.01280916;0.00878926;0.01137835;0.00408803
HK97-like,1,195,8818,0.7050124744840099,0.0798861592403382,0.00136085;0.00000000;0.00113404;0.00056702;0.00102064;0.00102064;0.00226809;0.00147426;0.00215468;0.00691767;0.02971195;0.02041279;0.04184622;0.20424132;0.57144477;0.07439329;0.01417555;0.00918576;0.01111363;0.00555682
HK97-like,1,197,5878,0.7109731201088806,0.0793613755341467,0.00170126;0.00034025;0.00102076;0.00034025;0.00102076;0.00119088;0.00204151;0.00136101;0.00255189;0.00493365;0.01514120;0.03504593;0.02824090;0.15005104;0.62929568;0.08080980;0.01820347;0.00918680;0.00969718;0.00782579
HK97-like,1,198,2938,0.7128829135466305,0.0788114390677557,0.00170184;0.00034037;0.00102110;0.00034037;0.00068074;0.00136147;0.00170184;0.00170184;0.00238257;0.00442478;0.01395507;0.03641933;0.02484683;0.13614704;0.64057182;0.08407080;0.02076242;0.01021103;0.00918993;0.00816882
HK97-like,1,199,2938,0.7139550714771955,0.0782054773531302,0.00136147;0.00068074;0.00068074;0.00068074;0.00068074;0.00068074;0.00238257;0.00170184;0.00204221;0.00442478;0.01259360;0.03744044;0.02348536;0.13070116;0.64329476;0.08713410;0.02212389;0.00987066;0.00987066;0.00816882
HK97-like,1,201,11758,0.7170479673413844,0.0781801454173245,0.00093553;0.00127573;0.00034019;0.00110563;0.00076544;0.00085048;0.00144582;0.00229631;0.00187107;0.00306175;0.01046096;0.03835686;0.02007144;0.11447525;0.64798435;0.09908148;0.02670522;0.01020582;0.00875999;0.00995067
HK97-like,1,203,5871,0.7195835462442514,0.0784502819191332,0.00102197;0.00170329;0.00000000;0.00136263;0.00034066;0.00136263;0.00102197;0.00221427;0.00170329;0.00255493;0.00868677;0.03832397;0.01873616;0.10151593;0.64043604;0.12093340;0.02997786;0.00919775;0.00885709;0.01004940
HK97-like,1,205,5872,0.722275204359673,0.0778045165216696,0.00085150;0.00119210;0.00068120;0.00102180;0.00068120;0.00085150;0.00136240;0.00204360;0.00170300;0.00272480;0.00749319;0.03695504;0.01668937;0.09604905;0.62261580;0.14662807;0.03235695;0.00902589;0.00766349;0.01141008
HK97-like,1,207,11728,0.7281079467939974,0.0756645272262256,0.00042633;0.00085266;0.00144952;0.00008527;0.00144952;0.00085266;0.00076739;0.00230218;0.00179059;0.00255798;0.00562756;0.02344816;0.03018417;0.07946794;0.57153820;0.21410300;0.03615280;0.00784447;0.00724761;0.01185198
HK97-like,1,212,17527,0.7428524562104182,0.0735906615365194,0.00005705;0.00074171;0.00131226;0.00068466;0.00068466;0.00114110;0.00108404;0.00136932;0.00228219;0.00239630;0.00365151;0.01352199;0.03988133;0.04843955;0.36943002;0.44365836;0.04478804;0.00747418;0.00747418;0.00992754
HK97-like,1,218,20402,0.7570409763748652,0.0709597176464603,0.00058818;0.00004901;0.00053916;0.00142143;0.00049015;0.00102931;0.00102931;0.00107833;0.00245074;0.00249975;0.00240173;0.00838153;0.04146652;0.02911479;0.17601216;0.63964317;0.06631703;0.00725419;0.00945986;0.00877365
HK97-like,1,247,138421,0.8014421583430258,0.0702185734188215,0.00039734;0.00052015;0.00054905;0.00059962;0.00078023;0.00080913;0.00091027;0.00105475;0.00119924;0.00181331;0.00238403;0.00268745;0.00700038;0.02084221;0.05693500;0.31043700;0.45517660;0.11891982;0.00966616;0.00731825
HK97-like,1,296,181445,0.9078077378820028,0.0576115350321135,0.00002756;0.00006062;0.00009369;0.00014329;0.00019841;0.00024250;0.00028659;0.00034170;0.00046295;0.00057318;0.00088732;0.00114084;0.00154868;0.00214941;0.00357684;0.00924247;0.05482102;0.32753176;0.39809309;0.19857808
HK97-like,1,344,8858,0.101021675321743,0.121264227418773,0.04109280;0.81959810;0.07496049;0.01411154;0.00812825;0.00677354;0.01106345;0.00180628;0.00124182;0.00191917;0.00000000;0.00045157;0.00033868;0.00056446;0.00033868;0.00180628;0.00135471;0.00225785;0.00395123;0.00824114
HK97-like,1,346,3571,0.2775763091570989,0.1918212159097009,0.06552786;0.02576309;0.02296276;0.05404649;0.48725847;0.16325959;0.04452534;0.02296276;0.01652198;0.00924111;0.00336040;0.00532064;0.00420050;0.00644077;0.00476057;0.00504060;0.00980118;0.01540185;0.01652198;0.01708205
HK97-like,1,350,2990,0.5766555183946489,0.0956657803662964,0.00167224;0.00066890;0.00133779;0.00066890;0.00301003;0.00635452;0.01638796;0.02709030;0.00969900;0.03478261;0.08026756;0.57424749;0.13244147;0.05250836;0.02508361;0.00903010;0.00735786;0.00836120;0.00401338;0.00501672
HK97-like,5,10,1808,0.0255254424778761,0.0082145197657078,0.99446903;0.00221239;0.00276549;0.00000000;0.00000000;0.00055310;0.00000000;0.00000000;0.00000000;0.00000000;0.00000000;0.00000000;0.00000000;0.00000000;0.00000000;0.00000000;0.00000000;0.00000000;0.00000000;0.00000000
HK97-like,5,91,7188,0.2499791318864774,0.0334496375349852,0.00097385;0.00097385;0.00125209;0.00626043;0.51252087;0.45868114;0.00946021;0.00598219;0.00222593;0.00111297;0.00000000;0.00000000;0.00000000;0.00041736;0.00013912;0.00000000;0.00000000;0.00000000;0.00000000;0.00000000
HK97-like,5,98,47048,0.2936564784900527,0.0369419527492063,0.00119027;0.00082894;0.00104149;0.00233804;0.04744091;0.54735589;0.37650910;0.01515474;0.00550502;0.00121153;0.00091396;0.00000000;0.00000000;0.00000000;0.00023380;0.00025506;0.00002125;0.00000000;0.00000000;0.00000000
HK97-like,5,105,5409,0.3434045110001849,0.0374603529366625,0.00110926;0.00129414;0.00129414;0.00073951;0.00240340;0.03290812;0.56646330;0.37419116;0.01294139;0.00443705;0.00092439;0.00073951;0.00000000;0.00000000;0.00000000;0.00000000;0.00055463;0.00000000;0.00000000;0.00000000
HK97-like,5,109,3602,0.3318573014991671,0.0335135890003973,0.00111049;0.00111049;0.00111049;0.00055525;0.00333148;0.04497501;0.76818434;0.16296502;0.01166019;0.00277624;0.00138812;0.00027762;0.00000000;0.00000000;0.00000000;0.00000000;0.00055525;0.00000000;0.00000000;0.00000000
HK97-like,5,111,3603,0.3382389675270608,0.0357447284074963,0.00083264;0.00111019;0.00138773;0.00055509;0.00333056;0.03857896;0.65500971;0.28198723;0.01193450;0.00305301;0.00111019;0.00055509;0.00000000;0.00000000;0.00000000;0.00000000;0.00055509;0.00000000;0.00000000;0.00000000
HK97-like,5,114,1803,0.3542290626733222,0.0378983987585413,0.00110926;0.00166389;0.00110926;0.00110926;0.00221852;0.02551303;0.36328342;0.58569052;0.00998336;0.00610094;0.00055463;0.00110926;0.00000000;0.00000000;0.00000000;0.00000000;0.00055463;0.00000000;0.00000000;0.00000000
HK97-like,5,115,1803,0.358222407099279,0.0371620681521804,0.00110926;0.00110926;0.00166389;0.00110926;0.00166389;0.02107598;0.29950083;0.65113699;0.01220189;0.00721021;0.00000000;0.00166389;0.00000000;0.00000000;0.00000000;0.00000000;0.00055463;0.00000000;0.00000000;0.00000000
HK97-like,5,118,5409,0.3488861157330375,0.0387666050450715,0.00147902;0.00129414;0.00129414;0.00092439;0.00221852;0.02736180;0.46903309;0.47494916;0.01386578;0.00480680;0.00110926;0.00110926;0.00000000;0.00000000;0.00000000;0.00000000;0.00036975;0.00018488;0.00000000;0.00000000
HK97-like,5,119,1804,0.3662971175166297,0.0355380307908234,0.00166297;0.00110865;0.00166297;0.00110865;0.00055432;0.00997783;0.17073171;0.78325942;0.01884701;0.00831486;0.00055432;0.00166297;0.00000000;0.00000000;0.00000000;0.00000000;0.00000000;0.00055432;0.00000000;0.00000000
HK97-like,5,121,3608,0.3715077605321508,0.0359037492201973,0.00221729;0.00110865;0.00138581;0.00110865;0.00055432;0.00665188;0.10587583;0.81845898;0.04988914;0.00942350;0.00110865;0.00138581;0.00027716;0.00000000;0.00000000;0.00000000;0.00000000;0.00055432;0.00000000;0.00000000
HK97-like,5,123,1807,0.3694382955174321,0.0359979467374722,0.00276702;0.00110681;0.00166021;0.00055340;0.00110681;0.00608744;0.11898174;0.82844494;0.02711677;0.00940786;0.00055340;0.00166021;0.00000000;0.00000000;0.00000000;0.00000000;0.00000000;0.00055340;0.00000000;0.00000000
HK97-like,5,125,1806,0.3768826135105205,0.035946304809993,0.00221484;0.00110742;0.00055371;0.00166113;0.00055371;0.00442968;0.06090808;0.81229236;0.10188261;0.01052049;0.00166113;0.00110742;0.00055371;0.00000000;0.00000000;0.00000000;0.00000000;0.00055371;0.00000000;0.00000000
HK97-like,5,128,3611,0.3753600110772639,0.0354366362466801,0.00166159;0.00138466;0.00110773;0.00138466;0.00055386;0.00498477;0.07255608;0.81750208;0.08474107;0.01052340;0.00138466;0.00138466;0.00027693;0.00000000;0.00000000;0.00000000;0.00000000;0.00055386;0.00000000;0.00000000
HK97-like,5,129,3610,0.3775069252077562,0.03542309498636,0.00138504;0.00110803;0.00138504;0.00110803;0.00083102;0.00470914;0.06121884;0.80221607;0.11135734;0.01024931;0.00221607;0.00138504;0.00027701;0.00000000;0.00000000;0.00000000;0.00000000;0.00055402;0.00000000;0.00000000
HK97-like,5,131,1805,0.384196675900277,0.0373820225806343,0.00055402;0.00166205;0.00166205;0.00110803;0.00110803;0.00387812;0.04265928;0.71080332;0.21994460;0.01163435;0.00277008;0.00110803;0.00055402;0.00000000;0.00000000;0.00000000;0.00000000;0.00055402;0.00000000;0.00000000
HK97-like,5,160,9091,0.5224370256297437,0.0397927790187668,0.00054999;0.00044000;0.00044000;0.00120999;0.00087999;0.00219998;0.00087999;0.00274997;0.02144979;0.08645914;0.76581234;0.10988890;0.00461995;0.00186998;0.00000000;0.00044000;0.00011000;0.00000000;0.00000000;0.00000000
HK97-like,5,163,10866,0.526030738082091,0.0409131636811904,0.00055218;0.00036812;0.00046015;0.00110436;0.00073624;0.00239278;0.00101233;0.00257685;0.01923431;0.07647708;0.72390944;0.16234125;0.00635008;0.00174857;0.00018406;0.00036812;0.00018406;0.00000000;0.00000000;0.00000000
HK97-like,5,166,14154,0.5575031793132683,0.041271829132695,0.00000000;0.00056521;0.00042391;0.00049456;0.00120107;0.00127173;0.00254345;0.00204889;0.00466299;0.02924968;0.26310584;0.66525364;0.02501060;0.00254345;0.00105977;0.00007065;0.00049456;0.00000000;0.00000000;0.00000000
HK97-like,5,169,1822,0.5439077936333699,0.0422743023029098,0.00000000;0.00054885;0.00054885;0.00109769;0.00054885;0.00274424;0.00054885;0.00219539;0.00713502;0.04061471;0.49066959;0.43578485;0.01481888;0.00164654;0.00054885;0.00000000;0.00054885;0.00000000;0.00000000;0.00000000
HK97-like,5,171,3616,0.5683628318584071,0.0390381732732405,0.00000000;0.00000000;0.00055310;0.00055310;0.00110619;0.00055310;0.00276549;0.00138274;0.00304204;0.02931416;0.11504425;0.76521018;0.07549779;0.00221239;0.00165929;0.00055310;0.00055310;0.00000000;0.00000000;0.00000000
HK97-like,5,172,3619,0.5727479966841669,0.0396835582447484,0.00000000;0.00000000;0.00055264;0.00055264;0.00082896;0.00082896;0.00276319;0.00110528;0.00221056;0.02790826;0.08483006;0.74882564;0.12323846;0.00359215;0.00165792;0.00055264;0.00027632;0.00027632;0.00000000;0.00000000
HK97-like,5,173,1808,0.5760232300884955,0.0397420264191801,0.00000000;0.00000000;0.00055310;0.00000000;0.00110619;0.00110619;0.00055310;0.00331858;0.00221239;0.02599558;0.07300885;0.71681416;0.16814159;0.00442478;0.00165929;0.00055310;0.00000000;0.00055310;0.00000000;0.00000000
HK97-like,5,175,1809,0.5783167495854062,0.0396578756266547,0.00000000;0.00000000;0.00055279;0.00000000;0.00055279;0.00110558;0.00110558;0.00276396;0.00221117;0.02542841;0.06467662;0.69375345;0.20011056;0.00497512;0.00165837;0.00055279;0.00000000;0.00055279;0.00000000;0.00000000
HK97-like,5,178,3618,0.5826147042564953,0.0403916525924905,0.00000000;0.00000000;0.00055279;0.00000000;0.00055279;0.00110558;0.00110558;0.00221117;0.00276396;0.02183527;0.05583195;0.63681592;0.26948590;0.00497512;0.00165837;0.00055279;0.00000000;0.00055279;0.00000000;0.00000000
HK97-like,5,179,3622,0.5901435670900055,0.0406900560150417,0.00000000;0.00000000;0.00027609;0.00027609;0.00055218;0.00110436;0.00110436;0.00220872;0.00248482;0.01546107;0.04251795;0.53395914;0.39177250;0.00552181;0.00165654;0.00055218;0.00000000;0.00055218;0.00000000;0.00000000
HK97-like,5,180,3619,0.59771345675601,0.040659640559765,0.00000000;0.00000000;0.00000000;0.00055264;0.00055264;0.00110528;0.00110528;0.00221056;0.00221056;0.01188174;0.03536889;0.41199226;0.52169107;0.00856590;0.00165792;0.00055264;0.00000000;0.00055264;0.00000000;0.00000000
HK97-like,5,185,62566,0.6612641051050092,0.0473839105888717,0.00000000;0.00000000;0.00000000;0.00000000;0.00014385;0.00017581;0.00049548;0.00084711;0.00163028;0.00257328;0.01342582;0.04377777;0.30168142;0.45997826;0.16964486;0.00399578;0.00055941;0.00041556;0.00041556;0.00023975
HK97-like,5,189,5440,0.6114522058823529,0.0376992929152597,0.00000000;0.00000000;0.00000000;0.00055147;0.00000000;0.00073529;0.00110294;0.00147059;0.00330882;0.00551471;0.03143382;0.19246324;0.73180147;0.02849265;0.00147059;0.00055147;0.00055147;0.00036765;0.00018382;0.00000000
HK97-like,5,209,9267,0.7147593611740584,0.0375380291691933,0.00000000;0.00000000;0.00000000;0.00000000;0.00000000;0.00000000;0.00000000;0.00000000;0.00064746;0.00237402;0.00140283;0.02071868;0.02233733;0.14028272;0.75428941;0.05481817;0.00205029;0.00010791;0.00043164;0.00053955
HK97-like,5,213,1811,0.725193263390392,0.0368742273946024,0.00000000;0.00000000;0.00000000;0.00000000;0.00000000;0.00000000;0.00000000;0.00000000;0.00055218;0.00110436;0.00276091;0.01159580;0.02595251;0.05521811;0.74378796;0.15516289;0.00276091;0.00000000;0.00055218;0.00055218
HK97-like,5,216,1803,0.7220604547975594,0.0355171008659935,0.00000000;0.00000000;0.00000000;0.00000000;0.00000000;0.00000000;0.00000000;0.00000000;0.00055463;0.00110926;0.00277316;0.01331115;0.02384914;0.06489185;0.78591237;0.10427066;0.00221852;0.00000000;0.00055463;0.00055463
HK97-like,5,248,1802,0.7925638179800222,0.0326978326194419,0.00000000;0.00000000;0.00000000;0.00000000;0.00000000;0.00000000;0.00000000;0.00000000;0.00000000;0.00000000;0.00000000;0.00221976;0.00443951;0.00665927;0.02441731;0.55549390;0.40399556;0.00166482;0.00055494;0.00055494
HK97-like,5,252,3614,0.7986026563364693,0.0328362871343089,0.00000000;0.00000000;0.00000000;0.00000000;0.00000000;0.00000000;0.00000000;0.00000000;0.00000000;0.00000000;0.00000000;0.00221361;0.00415053;0.00608744;0.01826231;0.45074709;0.51494189;0.00249032;0.00055340;0.00055340
HK97-like,5,259,5424,0.8064435840707963,0.0314203960234348,0.00000000;0.00000000;0.00000000;0.00000000;0.00000000;0.00000000;0.00000000;0.00000000;0.00000000;0.00000000;0.00000000;0.00184366;0.00350295;0.00516224;0.01216814;0.32098083;0.64417404;0.01143068;0.00073746;0.00000000
HK97-like,5,297,5410,0.9205175600739371,0.0207475844608447,0.00000000;0.00000000;0.00000000;0.00000000;0.00000000;0.00000000;0.00000000;0.00000000;0.00000000;0.00000000;0.00000000;0.00000000;0.00036969;0.00073937;0.00258780;0.00332717;0.00609982;0.05194085;0.93419593;0.00073937
HK97-like,5,301,1804,0.9217572062084258,0.018591322754808,0.00000000;0.00000000;0.00000000;0.00000000;0.00000000;0.00000000;0.00000000;0.00000000;0.00000000;0.00000000;0.00000000;0.00000000;0.00000000;0.00110865;0.00221729;0.00221729;0.00554324;0.03492239;0.95177384;0.00221729
HK97-like,5,302,5410,0.9224306839186692,0.0186627155389633,0.00000000;0.00000000;0.00000000;0.00000000;0.00000000;0.00000000;0.00000000;0.00000000;0.00000000;0.00000000;0.00000000;0.00000000;0.00000000;0.00110906;0.00184843;0.00240296;0.00536044;0.03105360;0.94768946;0.01053604
HK97-like,5,313,9017,0.9342491959631808,0.0273067774149229,0.00000000;0.00000000;0.00000000;0.00000000;0.00000000;0.00000000;0.00000000;0.00000000;0.00000000;0.00000000;0.00000000;0.00000000;0.00000000;0.00110902;0.00088721;0.00299434;0.00410336;0.01796606;0.74370633;0.22923367
HK97-like,5,321,5412,0.96359940872136,0.0271917431210161,0.00000000;0.00000000;0.00000000;0.00000000;0.00000000;0.00000000;0.00000000;0.00000000;0.00000000;0.00000000;0.00000000;0.00000000;0.00000000;0.00110865;0.00055432;0.00258684;0.00351072;0.01164080;0.17442720;0.80617147
HK97-like,5,340,283,0.3804770318021201,0.4108897980613623,0.28268551;0.23321555;0.06360424;0.02826855;0.00706714;0.01413428;0.00000000;0.00000000;0.00000000;0.00000000;0.00000000;0.00000000;0.00000000;0.00000000;0.00353357;0.03886926;0.03180212;0.05653710;0.10247350;0.13780919
HK97-like,7,340,7875,0.4428412698412698,0.2841659031604995,0.08876190;0.06971429;0.06628571;0.04304762;0.04444444;0.03873016;0.03987302;0.05358730;0.05752381;0.06514286;0.06095238;0.06679365;0.04901587;0.04596825;0.04165079;0.02844444;0.03542857;0.03187302;0.03784127;0.03492063
HK97-like,7,344,14336,0.4721400669642857,0.2581711172950077,0.05043248;0.04847935;0.05684989;0.04010882;0.03487723;0.03473772;0.05217634;0.05950056;0.06640625;0.07700893;0.08782087;0.08949498;0.05405971;0.05964007;0.03773717;0.02811105;0.02566964;0.03145926;0.03215681;0.03327288
HK97-like,7,346,25393,0.4856308825266807,0.2609997088119414,0.05013193;0.04753278;0.04186193;0.03552160;0.03481274;0.04461860;0.05166778;0.06545111;0.06982239;0.06824715;0.08191234;0.07415429;0.05639349;0.05336116;0.04690269;0.03796322;0.03567912;0.03548222;0.03508841;0.03339503
HK97-like,9,10,2185,0.0254805491990846,0.0097331776683911,0.99496568;0.00320366;0.00137300;0.00000000;0.00000000;0.00000000;0.00000000;0.00000000;0.00045767;0.00000000;0.00000000;0.00000000;0.00000000;0.00000000;0.00000000;0.00000000;0.00000000;0.00000000;0.00000000;0.00000000
HK97-like,9,91,8816,0.2802574863883847,0.0288913720288738,0.00147459;0.00124773;0.00147459;0.00283575;0.03221416;0.81624319;0.13781760;0.00397005;0.00045372;0.00045372;0.00045372;0.00090744;0.00045372;0.00000000;0.00000000;0.00000000;0.00000000;0.00000000;0.00000000;0.00000000
HK97-like,9,98,28125,0.31076,0.0334541171689757,0.00160000;0.00096000;0.00138667;0.00241778;0.01056000;0.27253333;0.68533333;0.02151111;0.00128000;0.00028444;0.00042667;0.00081778;0.00088889;0.00000000;0.00000000;0.00000000;0.00000000;0.00000000;0.00000000;0.00000000
HK97-like,9,105,4422,0.3407507914970601,0.0355242999506105,0.00135685;0.00158299;0.00113071;0.00158299;0.00316599;0.02487562;0.61103573;0.34803256;0.00452284;0.00022614;0.00022614;0.00067843;0.00158299;0.00000000;0.00000000;0.00000000;0.00000000;0.00000000;0.00000000;0.00000000
HK97-like,9,109,4420,0.3369909502262443,0.0345117189028742,0.00158371;0.00135747;0.00090498;0.00158371;0.00316742;0.02895928;0.67873303;0.27647059;0.00452489;0.00045249;0.00000000;0.00067873;0.00158371;0.00000000;0.00000000;0.00000000;0.00000000;0.00000000;0.00000000;0.00000000
HK97-like,9,111,4419,0.3448348042543562,0.035832893339807,0.00113148;0.00181036;0.00090518;0.00181036;0.00248925;0.02059289;0.54152523;0.42136230;0.00565739;0.00022630;0.00022630;0.00067889;0.00158407;0.00000000;0.00000000;0.00000000;0.00000000;0.00000000;0.00000000;0.00000000
HK97-like,9,114,2213,0.3590488025305015,0.0360869733731305,0.00180750;0.00180750;0.00090375;0.00180750;0.00271125;0.01355626;0.27112517;0.69362856;0.00948938;0.00045188;0.00045188;0.00045188;0.00180750;0.00000000;0.00000000;0.00000000;0.00000000;0.00000000;0.00000000;0.00000000
HK97-like,9,115,2200,0.3622727272727273,0.0345005689257198,0.00136364;0.00136364;0.00136364;0.00181818;0.00272727;0.01045455;0.21954545;0.74636364;0.01136364;0.00090909;0.00045455;0.00000000;0.00227273;0.00000000;0.00000000;0.00000000;0.00000000;0.00000000;0.00000000;0.00000000
HK97-like,9,118,6626,0.3547539993963174,0.0364047969258391,0.00120736;0.00196197;0.00090552;0.00150921;0.00271657;0.01539390;0.35949291;0.60262602;0.01101720;0.00060368;0.00030184;0.00045276;0.00150921;0.00030184;0.00000000;0.00000000;0.00000000;0.00000000;0.00000000;0.00000000
HK97-like,9,119,2212,0.3691003616636528,0.0337560504235121,0.00180832;0.00090416;0.00226040;0.00090416;0.00226040;0.01039783;0.10623870;0.83905967;0.03164557;0.00180832;0.00045208;0.00000000;0.00135624;0.00090416;0.00000000;0.00000000;0.00000000;0.00000000;0.00000000;0.00000000
HK97-like,9,121,4433,0.3775716219264606,0.0376853521691321,0.00248139;0.00112790;0.00203023;0.00090232;0.00225581;0.00676743;0.05977893;0.76968193;0.14910896;0.00315813;0.00022558;0.00022558;0.00112790;0.00112790;0.00000000;0.00000000;0.00000000;0.00000000;0.00000000;0.00000000
HK97-like,9,123,2216,0.3726083032490975,0.0359710824944342,0.00315884;0.00135379;0.00225632;0.00045126;0.00270758;0.00541516;0.06588448;0.85108303;0.06317690;0.00180505;0.00045126;0.00000000;0.00135379;0.00090253;0.00000000;0.00000000;0.00000000;0.00000000;0.00000000;0.00000000
HK97-like,9,125,2215,0.3896726862302483,0.0396550458647554,0.00180587;0.00135440;0.00180587;0.00090293;0.00225734;0.00406321;0.03115124;0.60045147;0.34898420;0.00451467;0.00000000;0.00045147;0.00045147;0.00180587;0.00000000;0.00000000;0.00000000;0.00000000;0.00000000;0.00000000
HK97-like,9,128,4428,0.3845867208672087,0.0386380129884229,0.00180668;0.00158085;0.00158085;0.00090334;0.00248419;0.00406504;0.04155375;0.67863595;0.26129178;0.00338753;0.00022584;0.00022584;0.00067751;0.00158085;0.00000000;0.00000000;0.00000000;0.00000000;0.00000000;0.00000000
HK97-like,9,129,6647,0.3951970813901008,0.0409861179670822,0.00195577;0.00150444;0.00150444;0.00150444;0.00180533;0.00391154;0.02828344;0.49601324;0.45509252;0.00541598;0.00030089;0.00045133;0.00060178;0.00150444;0.00015044;0.00000000;0.00000000;0.00000000;0.00000000;0.00000000
HK97-like,9,131,2217,0.3997180875056382,0.0412121742192166,0.00225530;0.00135318;0.00180424;0.00135318;0.00225530;0.00360848;0.01894452;0.41993685;0.54082093;0.00496166;0.00000000;0.00045106;0.00045106;0.00180424;0.00000000;0.00000000;0.00000000;0.00000000;0.00000000;0.00000000
HK97-like,9,160,11128,0.5572474838245866,0.0440578446621178,0.00044932;0.00035945;0.00053918;0.00071891;0.00188713;0.00161754;0.00251618;0.00215672;0.00305536;0.00880661;0.30391804;0.64791517;0.02192667;0.00107836;0.00071891;0.00116822;0.00026959;0.00008986;0.00035945;0.00044932
HK97-like,9,163,15575,0.556027287319422,0.0444719785910214,0.00044944;0.00044944;0.00038523;0.00083467;0.00173355;0.00147673;0.00263242;0.00224719;0.00301766;0.01033708;0.33168539;0.61284109;0.02773676;0.00102729;0.00077047;0.00115570;0.00038523;0.00019262;0.00025682;0.00038523
HK97-like,9,166,33056,0.6014339303000967,0.0470100810051557,0.00072604;0.00069579;0.00048403;0.00048403;0.00039327;0.00145208;0.00181510;0.00278316;0.00263190;0.00326718;0.01651742;0.38731244;0.55799250;0.01948209;0.00111931;0.00145208;0.00060503;0.00048403;0.00000000;0.00030252
HK97-like,9,169,2228,0.5736086175942549,0.0403123281844956,0.00044883;0.00044883;0.00044883;0.00044883;0.00179533;0.00089767;0.00224417;0.00269300;0.00314183;0.00359066;0.06059246;0.82944345;0.08931777;0.00089767;0.00134650;0.00089767;0.00089767;0.00000000;0.00044883;0.00000000
HK97-like,9,171,4446,0.6238191632928475,0.0442010614103241,0.00067476;0.00089969;0.00022492;0.00089969;0.00044984;0.00044984;0.00247413;0.00112461;0.00404858;0.00202429;0.00427350;0.05690508;0.81533963;0.10616284;0.00089969;0.00179937;0.00044984;0.00089969;0.00000000;0.00000000
HK97-like,9,172,4500,0.6300888888888888,0.044792024201846,0.00044444;0.00044444;0.00088889;0.00088889;0.00044444;0.00044444;0.00111111;0.00200000;0.00355556;0.00266667;0.00400000;0.03622222;0.73866667;0.20400000;0.00066667;0.00222222;0.00044444;0.00044444;0.00044444;0.00000000
HK97-like,9,173,2215,0.6382054176072235,0.0471596947655373,0.00045147;0.00045147;0.00090293;0.00090293;0.00045147;0.00045147;0.00045147;0.00270880;0.00361174;0.00270880;0.00406321;0.02618510;0.59683973;0.35440181;0.00180587;0.00225734;0.00045147;0.00045147;0.00045147;0.00000000
HK97-like,9,175,2241,0.643830879071843,0.0472129854884901,0.00000000;0.00089246;0.00089246;0.00089246;0.00044623;0.00044623;0.00044623;0.00267738;0.00267738;0.00267738;0.00401606;0.02320393;0.49709951;0.45783133;0.00223115;0.00178492;0.00089246;0.00044623;0.00044623;0.00000000
HK97-like,9,178,4452,0.6504267744833783,0.0465491295023948,0.00000000;0.00089847;0.00067385;0.00044924;0.00067385;0.00089847;0.00000000;0.00314465;0.00179695;0.00359389;0.00404313;0.01662174;0.38274933;0.57681941;0.00359389;0.00224618;0.00089847;0.00044924;0.00044924;0.00000000
HK97-like,9,179,4892,0.6564186426819297,0.044370205900643,0.00000000;0.00061325;0.00020442;0.00081766;0.00081766;0.00040883;0.00040883;0.00306623;0.00122649;0.00449714;0.00286182;0.01328700;0.28270646;0.67600164;0.00940311;0.00163532;0.00122649;0.00040883;0.00040883;0.00000000
HK97-like,9,180,4425,0.6619604519774013,0.0436281619490204,0.00000000;0.00022599;0.00067797;0.00090395;0.00090395;0.00045198;0.00045198;0.00180791;0.00203390;0.00429379;0.00293785;0.00677966;0.20000000;0.75276836;0.02169492;0.00135593;0.00180791;0.00045198;0.00045198;0.00000000
HK97-like,9,185,49210,0.7140946961999595,0.0461018920284414,0.00000000;0.00000000;0.00000000;0.00026417;0.00040642;0.00067060;0.00083316;0.00097541;0.00132087;0.00258078;0.00339362;0.00471449;0.01552530;0.24322292;0.60207275;0.12019915;0.00172729;0.00113798;0.00062995;0.00032514
HK97-like,9,189,6728,0.6715071343638525,0.0409966459460694,0.00000000;0.00000000;0.00074316;0.00029727;0.00074316;0.00089180;0.00074316;0.00014863;0.00356718;0.00252675;0.00401308;0.00520214;0.08055886;0.81822235;0.07832937;0.00044590;0.00267539;0.00000000;0.00044590;0.00044590
HK97-like,9,209,8933,0.7593333706481585,0.0363062141631266,0.00000000;0.00000000;0.00000000;0.00000000;0.00000000;0.00000000;0.00033583;0.00022389;0.00100750;0.00190306;0.00156722;0.00268667;0.00716445;0.01287361;0.23687451;0.72875854;0.00302250;0.00179111;0.00111944;0.00067167
HK97-like,9,213,2232,0.7674059139784946,0.0323703662349709,0.00000000;0.00000000;0.00000000;0.00000000;0.00000000;0.00000000;0.00000000;0.00044803;0.00089606;0.00179211;0.00089606;0.00224014;0.00716846;0.01120072;0.09453405;0.86693548;0.01030466;0.00179211;0.00044803;0.00134409
HK97-like,9,216,4462,0.7673352756611387,0.0324132688450799,0.00000000;0.00000000;0.00000000;0.00000000;0.00000000;0.00000000;0.00000000;0.00044823;0.00089646;0.00156880;0.00134469;0.00179292;0.00672344;0.01075751;0.10242044;0.85679068;0.01367100;0.00179292;0.00044823;0.00134469
HK97-like,9,224,6703,0.7737468297777115,0.0310310018330453,0.00000000;0.00000000;0.00000000;0.00000000;0.00000000;0.00000000;0.00000000;0.00029837;0.00014919;0.00149187;0.00164106;0.00179024;0.00447561;0.01089065;0.04535283;0.85782485;0.07220647;0.00193943;0.00059675;0.00134268
HK97-like,9,229,12866,0.7878244986786881,0.042344032370744,0.00000000;0.00007772;0.00062179;0.00038862;0.00000000;0.00000000;0.00000000;0.00000000;0.00031090;0.00062179;0.00170993;0.00233173;0.00396394;0.01158091;0.03318825;0.58720659;0.35473341;0.00248718;0.00046635;0.00031090
HK97-like,9,248,6688,0.810316985645933,0.0348401338516205,0.00000000;0.00000000;0.00000000;0.00044856;0.00000000;0.00000000;0.00000000;0.00000000;0.00000000;0.00044856;0.00179426;0.00089713;0.00269139;0.00717703;0.01390550;0.21471292;0.75388756;0.00313995;0.00044856;0.00044856
HK97-like,9,252,2227,0.8152334979793443,0.0316091318523215,0.00000000;0.00000000;0.00000000;0.00000000;0.00044903;0.00000000;0.00000000;0.00000000;0.00000000;0.00044903;0.00134710;0.00134710;0.00224517;0.00493938;0.01302200;0.12752582;0.84463404;0.00314324;0.00044903;0.00044903
HK97-like,9,259,21067,0.824060141453458,0.029718694091525,0.00000000;0.00000000;0.00000000;0.00000000;0.00037974;0.00009494;0.00000000;0.00000000;0.00000000;0.00009494;0.00080695;0.00137656;0.00132909;0.00337020;0.00973086;0.04367020;0.86452746;0.07205582;0.00199364;0.00056961
HK97-like,9,297,6681,0.9201653944020356,0.0225716847362226,0.00000000;0.00000000;0.00000000;0.00000000;0.00000000;0.00000000;0.00000000;0.00000000;0.00044903;0.00000000;0.00000000;0.00014968;0.00000000;0.00044903;0.00149678;0.00254453;0.01077683;0.05672803;0.92441251;0.00299356
HK97-like,9,301,2223,0.9220085470085472,0.0205371725296752,0.00000000;0.00000000;0.00000000;0.00000000;0.00000000;0.00000000;0.00000000;0.00000000;0.00044984;0.00000000;0.00000000;0.00044984;0.00000000;0.00044984;0.00089969;0.00179937;0.00854701;0.02654071;0.95816464;0.00269906
HK97-like,9,302,6676,0.9222213900539246,0.0202809682481564,0.00000000;0.00000000;0.00000000;0.00000000;0.00000000;0.00000000;0.00000000;0.00000000;0.00044937;0.00000000;0.00000000;0.00029958;0.00014979;0.00044937;0.00089874;0.00194727;0.00763930;0.02501498;0.95925704;0.00389455
HK97-like,9,313,11130,0.926082659478886,0.022117171339018,0.00000000;0.00000000;0.00000000;0.00000000;0.00000000;0.00000000;0.00000000;0.00000000;0.00008985;0.00035939;0.00000000;0.00008985;0.00035939;0.00044924;0.00089847;0.00134771;0.00575022;0.01500449;0.91069182;0.06495957
HK97-like,9,321,6662,0.9589312518763132,0.0298408178354793,0.00000000;0.00000000;0.00000000;0.00000000;0.00000000;0.00000000;0.00000000;0.00000000;0.00000000;0.00045032;0.00000000;0.00000000;0.00045032;0.00045032;0.00060042;0.00165116;0.00300210;0.00765536;0.27709397;0.70864605
HK97-like,9,340,2178,0.0399219467401285,0.109668162823462,0.97704316;0.00275482;0.00229568;0.00000000;0.00000000;0.00000000;0.00045914;0.00000000;0.00045914;0.00000000;0.00000000;0.00091827;0.00000000;0.00000000;0.00137741;0.00183655;0.00183655;0.00367309;0.00367309;0.00367309
HK97-like,11,10,78,0.025,0.0,1.00000000;0.00000000;0.00000000;0.00000000;0.00000000;0.00000000;0.00000000;0.00000000;0.00000000;0.00000000;0.00000000;0.00000000;0.00000000;0.00000000;0.00000000;0.00000000;0.00000000;0.00000000;0.00000000;0.00000000
HK97-like,11,160,110,0.1622727272727272,0.1601755235580874,0.31818182;0.14545455;0.09090909;0.08181818;0.12727273;0.12727273;0.05454545;0.00909091;0.00000000;0.00000000;0.00000000;0.00000000;0.00000000;0.00909091;0.02727273;0.00909091;0.00000000;0.00000000;0.00000000;0.00000000
HK97-like,11,163,140,0.16,0.1571736982722345,0.29285714;0.17857143;0.09285714;0.08571429;0.12142857;0.13571429;0.04285714;0.00714286;0.00000000;0.00000000;0.00000000;0.00000000;0.00000000;0.00714286;0.02142857;0.01428571;0.00000000;0.00000000;0.00000000;0.00000000
HK97-like,11,166,263,0.1873574144486692,0.1521998186675674,0.10646388;0.22433460;0.18631179;0.10646388;0.10266160;0.07604563;0.12167300;0.03422053;0.01140684;0.00000000;0.00000000;0.00000000;0.00000000;0.00000000;0.00000000;0.00760456;0.02281369;0.00000000;0.00000000;0.00000000
HK97-like,11,169,34,0.1838235294117647,0.1477630198480055,0.11764706;0.26470588;0.14705882;0.05882353;0.08823529;0.17647059;0.05882353;0.05882353;0.00000000;0.00000000;0.00000000;0.00000000;0.00000000;0.00000000;0.00000000;0.02941176;0.00000000;0.00000000;0.00000000;0.00000000
HK97-like,11,171,68,0.2022058823529411,0.1614351589760831,0.17647059;0.04411765;0.22058824;0.11764706;0.16176471;0.04411765;0.13235294;0.04411765;0.02941176;0.00000000;0.00000000;0.00000000;0.00000000;0.00000000;0.00000000;0.00000000;0.00000000;0.02941176;0.00000000;0.00000000
HK97-like,11,172,79,0.1908227848101266,0.1609985265671764,0.22784810;0.06329114;0.16455696;0.15189873;0.11392405;0.07594937;0.06329114;0.08860759;0.02531646;0.00000000;0.00000000;0.00000000;0.00000000;0.00000000;0.00000000;0.00000000;0.00000000;0.02531646;0.00000000;0.00000000
HK97-like,11,173,40,0.1825,0.1641455147117946,0.27500000;0.05000000;0.17500000;0.15000000;0.07500000;0.07500000;0.05000000;0.10000000;0.02500000;0.00000000;0.00000000;0.00000000;0.00000000;0.00000000;0.00000000;0.00000000;0.00000000;0.02500000;0.00000000;0.00000000
HK97-like,11,175,46,0.175,0.1608401853312514,0.28260870;0.10869565;0.10869565;0.17391304;0.06521739;0.06521739;0.04347826;0.10869565;0.02173913;0.00000000;0.00000000;0.00000000;0.00000000;0.00000000;0.00000000;0.00000000;0.00000000;0.02173913;0.00000000;0.00000000
HK97-like,11,178,97,0.1806701030927835,0.1677437123224018,0.30927835;0.10309278;0.06185567;0.14432990;0.06185567;0.12371134;0.04123711;0.11340206;0.01030928;0.01030928;0.00000000;0.00000000;0.00000000;0.00000000;0.00000000;0.00000000;0.00000000;0.00000000;0.02061856;0.00000000
HK97-like,11,179,99,0.1840909090909091,0.1671755317090508,0.25252525;0.18181818;0.02020202;0.16161616;0.09090909;0.08080808;0.06060606;0.09090909;0.02020202;0.02020202;0.00000000;0.00000000;0.00000000;0.00000000;0.00000000;0.00000000;0.00000000;0.00000000;0.02020202;0.00000000
HK97-like,11,180,101,0.1972772277227722,0.1653791394900006,0.16831683;0.22772277;0.03960396;0.13861386;0.10891089;0.08910891;0.05940594;0.07920792;0.04950495;0.01980198;0.00000000;0.00000000;0.00000000;0.00000000;0.00000000;0.00000000;0.00000000;0.00000000;0.01980198;0.00000000
HK97-like,11,185,1211,0.2506399669694467,0.151993032527516,0.09496284;0.09083402;0.12551610;0.11560694;0.10074319;0.10074319;0.09165979;0.08175062;0.07431874;0.06275805;0.04541701;0.01321222;0.00082576;0.00082576;0.00000000;0.00000000;0.00000000;0.00000000;0.00000000;0.00082576
HK97-like,11,189,205,0.1996341463414634,0.1608377088562409,0.07804878;0.26829268;0.19512195;0.01951220;0.13658537;0.08292683;0.04878049;0.04878049;0.07317073;0.02439024;0.00975610;0.00000000;0.00000000;0.00000000;0.00000000;0.00000000;0.00000000;0.00000000;0.00000000;0.01463415
HK97-like,11,209,610,0.2832786885245901,0.1599984253147451,0.07868852;0.08032787;0.07377049;0.10819672;0.08688525;0.10819672;0.12295082;0.09344262;0.09016393;0.05081967;0.04426230;0.04590164;0.00655738;0.00983607;0.00000000;0.00000000;0.00000000;0.00000000;0.00000000;0.00000000
HK97-like,11,213,120,0.3066666666666666,0.1654455264497116,0.05000000;0.08333333;0.06666667;0.07500000;0.14166667;0.06666667;0.14166667;0.06666667;0.08333333;0.08333333;0.05000000;0.05833333;0.01666667;0.01666667;0.00000000;0.00000000;0.00000000;0.00000000;0.00000000;0.00000000
HK97-like,11,216,234,0.3106837606837607,0.164531718271831,0.04273504;0.08119658;0.08119658;0.06837607;0.11538462;0.08547009;0.13247863;0.07264957;0.09829060;0.07692308;0.05128205;0.06410256;0.01282051;0.01709402;0.00000000;0.00000000;0.00000000;0.00000000;0.00000000;0.00000000
HK97-like,11,224,409,0.3320904645476772,0.1629828740820288,0.02444988;0.06356968;0.08068460;0.06601467;0.07579462;0.13447433;0.08557457;0.13936430;0.06845966;0.09535452;0.06356968;0.04889976;0.03667482;0.00488998;0.01222494;0.00000000;0.00000000;0.00000000;0.00000000;0.00000000
HK97-like,11,229,1616,0.3595915841584158,0.1682325315795041,0.04393564;0.03960396;0.05383663;0.06250000;0.07425743;0.07363861;0.09529703;0.10457921;0.12376238;0.10829208;0.10148515;0.05878713;0.03898515;0.00990099;0.00495050;0.00309406;0.00309406;0.00000000;0.00000000;0.00000000
HK97-like,11,248,297,0.4132154882154882,0.1799621565975836,0.03030303;0.03367003;0.05387205;0.03367003;0.04040404;0.08080808;0.05387205;0.09427609;0.11447811;0.07744108;0.13804714;0.11784512;0.07407407;0.03367003;0.01010101;0.00673401;0.00000000;0.00673401;0.00000000;0.00000000
HK97-like,11,252,286,0.4188811188811188,0.1884032273531156,0.03496503;0.03146853;0.03846154;0.06643357;0.03846154;0.07342657;0.05244755;0.06643357;0.11538462;0.06643357;0.13636364;0.12237762;0.06993007;0.05944056;0.01398601;0.00000000;0.00699301;0.00699301;0.00000000;0.00000000
HK97-like,11,259,1003,0.4838235294117647,0.1847485202039605,0.00797607;0.01894317;0.02691924;0.03290130;0.04586241;0.04287139;0.05882353;0.07477567;0.07676969;0.10667996;0.09371884;0.12263210;0.10867398;0.08574277;0.04685942;0.02492522;0.00997009;0.00697906;0.00797607;0.00000000
HK97-like,11,297,377,0.6984748010610079,0.1022265130731409,0.00000000;0.00000000;0.00000000;0.00000000;0.00000000;0.00000000;0.00000000;0.00000000;0.01856764;0.02652520;0.04509284;0.09283820;0.12201592;0.11936340;0.21750663;0.21750663;0.10344828;0.03713528;0.00000000;0.00000000
HK97-like,11,301,139,0.7325539568345323,0.0932841387476853,0.00000000;0.00000000;0.00000000;0.00000000;0.00000000;0.00000000;0.00000000;0.00000000;0.00719424;0.00719424;0.04316547;0.03597122;0.10071942;0.10791367;0.17266187;0.29496403;0.16546763;0.06474820;0.00000000;0.00000000
HK97-like,11,302,435,0.745,0.0944554872967143,0.00000000;0.00000000;0.00000000;0.00000000;0.00000000;0.00000000;0.00000000;0.00000000;0.00459770;0.00919540;0.02988506;0.03448276;0.09655172;0.09195402;0.16781609;0.25977011;0.20919540;0.08505747;0.00919540;0.00229885
HK97-like,11,313,690,0.7797826086956522,0.0870550166815594,0.00000000;0.00000000;0.00000000;0.00000000;0.00000000;0.00000000;0.00000000;0.00000000;0.00000000;0.00579710;0.01159420;0.02898551;0.03623188;0.09710145;0.11449275;0.21304348;0.29855072;0.15942029;0.03478261;0.00000000
HK97-like,11,321,426,0.821830985915493,0.0790676573507402,0.00000000;0.00000000;0.00000000;0.00000000;0.00000000;0.00000000;0.00000000;0.00000000;0.00000000;0.00000000;0.00704225;0.01408451;0.02582160;0.03286385;0.07511737;0.12910798;0.28873239;0.33568075;0.07981221;0.01173709
HK97-like,11,340,91,0.1947802197802197,0.2574045348353402,0.34065934;0.12087912;0.15384615;0.15384615;0.01098901;0.07692308;0.02197802;0.00000000;0.01098901;0.01098901;0.00000000;0.00000000;0.00000000;0.00000000;0.00000000;0.01098901;0.01098901;0.00000000;0.04395604;0.03296703
HK97-like,12,10,478,0.0417364016736401,0.0612988561294928,0.88493724;0.04393305;0.02928870;0.00418410;0.01255230;0.00627615;0.00836820;0.00418410;0.00209205;0.00000000;0.00418410;0.00000000;0.00000000;0.00000000;0.00000000;0.00000000;0.00000000;0.00000000;0.00000000;0.00000000
HK97-like,12,104,565,0.7237610619469026,0.1354058647856188,0.00000000;0.00000000;0.00000000;0.00000000;0.00000000;0.00000000;0.00176991;0.00530973;0.00353982;0.01592920;0.07787611;0.10442478;0.11504425;0.12920354;0.12920354;0.08849558;0.12743363;0.09203540;0.05663717;0.05309735
HK97-like,12,340,1938,0.1533539731682146,0.1947643507133051,0.33488132;0.19969040;0.15118679;0.10216718;0.05727554;0.04024768;0.02631579;0.01805986;0.00619195;0.00154799;0.00309598;0.00154799;0.00257998;0.00464396;0.00515996;0.00825593;0.00980392;0.01135191;0.00877193;0.00722394
HK97-like,12,344,5078,0.4187081528160693,0.3135311582856259,0.09255612;0.11973218;0.11126428;0.07837731;0.04608113;0.02894840;0.02441906;0.01398188;0.01260339;0.01083104;0.03485624;0.04529342;0.06203230;0.06341079;0.05494289;0.05120126;0.05139819;0.03761323;0.03820402;0.02225286
HK97-like,12,346,3521,0.35151235444476,0.3310271517707886,0.16216984;0.15478557;0.12439648;0.08491906;0.05310991;0.03209316;0.02158478;0.01391650;0.00880432;0.01079239;0.01675660;0.01931270;0.02499290;0.02982107;0.03408123;0.03436524;0.04288554;0.04600966;0.04288554;0.04231752
HK97-like,12,355,493,0.8503549695740364,0.268279254468064,0.01014199;0.04056795;0.01419878;0.01622718;0.01825558;0.00405680;0.00405680;0.00608519;0.00405680;0.00000000;0.00608519;0.00405680;0.01825558;0.01825558;0.00811359;0.00811359;0.02434077;0.01622718;0.06490872;0.71399594
HK97-like,12,360,1121,0.7431534344335414,0.1296673765995794,0.00000000;0.00000000;0.00000000;0.00000000;0.00000000;0.00000000;0.00000000;0.00624442;0.00356824;0.00713649;0.03568243;0.10258698;0.10169492;0.14272971;0.13202498;0.10704728;0.11864407;0.11329170;0.07047279;0.05887600
HK97-like,12,362,1138,0.6103251318101934,0.2602805869062029,0.03866432;0.04042179;0.03514938;0.02284710;0.02196837;0.01405975;0.00878735;0.01142355;0.00966608;0.01581722;0.03339192;0.11511424;0.09050967;0.12478032;0.09314587;0.07908612;0.07557118;0.08260105;0.04833040;0.03866432
HK97-like,12,363,1570,0.3472292993630573,0.3264791889195975,0.16624204;0.15796178;0.12420382;0.07515924;0.05987261;0.03312102;0.01592357;0.01146497;0.00891720;0.00636943;0.01974522;0.02038217;0.03121019;0.03630573;0.04140127;0.03630573;0.04140127;0.03885350;0.04012739;0.03503185
HK97-like,13,10,507,0.0268737672583826,0.0109436355018391,0.96844181;0.02564103;0.00591716;0.00000000;0.00000000;0.00000000;0.00000000;0.00000000;0.00000000;0.00000000;0.00000000;0.00000000;0.00000000;0.00000000;0.00000000;0.00000000;0.00000000;0.00000000;0.00000000;0.00000000
HK97-like,13,91,2274,0.2616754617414248,0.0399882705469882,0.00263852;0.00000000;0.00000000;0.01715040;0.36543536;0.48768690;0.11521548;0.00791557;0.00219877;0.00000000;0.00175901;0.00000000;0.00000000;0.00000000;0.00000000;0.00000000;0.00000000;0.00000000;0.00000000;0.00000000
HK97-like,13,98,6470,0.2780680061823802,0.0415160907657479,0.00030912;0.00185471;0.00000000;0.00309119;0.20850077;0.56321484;0.16846986;0.05085008;0.00185471;0.00000000;0.00185471;0.00000000;0.00000000;0.00000000;0.00000000;0.00000000;0.00000000;0.00000000;0.00000000;0.00000000
HK97-like,13,105,941,0.3044367693942614,0.0403175689149066,0.00000000;0.00212540;0.00000000;0.00000000;0.04038257;0.44208289;0.40701382;0.09883103;0.00743889;0.00000000;0.00212540;0.00000000;0.00000000;0.00000000;0.00000000;0.00000000;0.00000000;0.00000000;0.00000000;0.00000000
HK97-like,13,109,945,0.3018783068783069,0.0403986877738982,0.00000000;0.00211640;0.00000000;0.00000000;0.04867725;0.46984127;0.37460317;0.09841270;0.00423280;0.00000000;0.00211640;0.00000000;0.00000000;0.00000000;0.00000000;0.00000000;0.00000000;0.00000000;0.00000000;0.00000000
HK97-like,13,111,947,0.3062565997888067,0.0407143790484422,0.00000000;0.00211193;0.00000000;0.00000000;0.03695882;0.42027455;0.42766631;0.10137276;0.00950370;0.00000000;0.00105597;0.00105597;0.00000000;0.00000000;0.00000000;0.00000000;0.00000000;0.00000000;0.00000000;0.00000000
HK97-like,13,114,471,0.3145966029723991,0.0407994253572193,0.00000000;0.00212314;0.00000000;0.00000000;0.01698514;0.32908705;0.51804671;0.11040340;0.01910828;0.00212314;0.00000000;0.00212314;0.00000000;0.00000000;0.00000000;0.00000000;0.00000000;0.00000000;0.00000000;0.00000000
HK97-like,13,115,470,0.3156382978723404,0.040312832829259,0.00000000;0.00212766;0.00000000;0.00000000;0.01063830;0.32553191;0.52340426;0.11489362;0.01914894;0.00212766;0.00000000;0.00212766;0.00000000;0.00000000;0.00000000;0.00000000;0.00000000;0.00000000;0.00000000;0.00000000
HK97-like,13,118,1415,0.311678445229682,0.0409376729793082,0.00000000;0.00141343;0.00070671;0.00000000;0.02402827;0.36607774;0.47561837;0.11378092;0.01484099;0.00141343;0.00070671;0.00141343;0.00000000;0.00000000;0.00000000;0.00000000;0.00000000;0.00000000;0.00000000;0.00000000
HK97-like,13,119,472,0.3204449152542373,0.0409812526329503,0.00000000;0.00000000;0.00211864;0.00000000;0.00847458;0.28601695;0.52118644;0.15254237;0.02542373;0.00211864;0.00000000;0.00211864;0.00000000;0.00000000;0.00000000;0.00000000;0.00000000;0.00000000;0.00000000;0.00000000
HK97-like,13,121,945,0.3273280423280423,0.0433379522187738,0.00000000;0.00000000;0.00211640;0.00000000;0.00740741;0.23809524;0.50158730;0.20211640;0.04444444;0.00211640;0.00000000;0.00211640;0.00000000;0.00000000;0.00000000;0.00000000;0.00000000;0.00000000;0.00000000;0.00000000
HK97-like,13,123,467,0.3245717344753747,0.0422826814895993,0.00000000;0.00000000;0.00214133;0.00000000;0.00428266;0.26124197;0.51391863;0.17558887;0.03854390;0.00214133;0.00000000;0.00214133;0.00000000;0.00000000;0.00000000;0.00000000;0.00000000;0.00000000;0.00000000;0.00000000
HK97-like,13,125,480,0.3339583333333333,0.0449879420573508,0.00000000;0.00000000;0.00208333;0.00000000;0.00833333;0.19583333;0.46875000;0.25833333;0.06250000;0.00208333;0.00000000;0.00208333;0.00000000;0.00000000;0.00000000;0.00000000;0.00000000;0.00000000;0.00000000;0.00000000
HK97-like,13,128,952,0.3321428571428572,0.0443963784037183,0.00000000;0.00000000;0.00210084;0.00000000;0.00630252;0.20798319;0.48214286;0.23949580;0.05777311;0.00210084;0.00000000;0.00210084;0.00000000;0.00000000;0.00000000;0.00000000;0.00000000;0.00000000;0.00000000;0.00000000
HK97-like,13,129,1419,0.340292459478506,0.0441277026739607,0.00000000;0.00000000;0.00211416;0.00000000;0.00281889;0.14869626;0.46652572;0.30091614;0.07329105;0.00352361;0.00000000;0.00211416;0.00000000;0.00000000;0.00000000;0.00000000;0.00000000;0.00000000;0.00000000;0.00000000
HK97-like,13,131,475,0.3429999999999999,0.0436155452731441,0.00000000;0.00000000;0.00210526;0.00000000;0.00210526;0.12421053;0.47368421;0.30736842;0.08631579;0.00210526;0.00000000;0.00210526;0.00000000;0.00000000;0.00000000;0.00000000;0.00000000;0.00000000;0.00000000;0.00000000
HK97-like,13,160,2370,0.4536497890295359,0.0560465423110006,0.00000000;0.00000000;0.00000000;0.00000000;0.00042194;0.00168776;0.02025316;0.17383966;0.21012658;0.44556962;0.10000000;0.04388186;0.00421941;0.00000000;0.00000000;0.00000000;0.00000000;0.00000000;0.00000000;0.00000000
HK97-like,13,163,2827,0.4548372833392288,0.0558426624882803,0.00000000;0.00000000;0.00000000;0.00000000;0.00106120;0.00141493;0.01804033;0.17262115;0.19773612;0.45277680;0.11213300;0.03997170;0.00424478;0.00000000;0.00000000;0.00000000;0.00000000;0.00000000;0.00000000;0.00000000
HK97-like,13,166,9020,0.4895842572062084,0.0592019552365242,0.00000000;0.00000000;0.00000000;0.00000000;0.00000000;0.00155211;0.00332594;0.07605322;0.16463415;0.27050998;0.36851441;0.09356984;0.01840355;0.00343681;0.00000000;0.00000000;0.00000000;0.00000000;0.00000000;0.00000000
HK97-like,13,169,473,0.4659090909090909,0.0573537130023561,0.00000000;0.00000000;0.00000000;0.00000000;0.00000000;0.00211416;0.01057082;0.15221987;0.14164905;0.46723044;0.15221987;0.06976744;0.00422833;0.00000000;0.00000000;0.00000000;0.00000000;0.00000000;0.00000000;0.00000000
HK97-like,13,171,944,0.513771186440678,0.0590889032882883,0.00000000;0.00000000;0.00000000;0.00000000;0.00000000;0.00000000;0.00211864;0.01271186;0.17478814;0.14300847;0.41737288;0.19173729;0.05190678;0.00635593;0.00000000;0.00000000;0.00000000;0.00000000;0.00000000;0.00000000
HK97-like,13,172,944,0.5179025423728814,0.0598147478581407,0.00000000;0.00000000;0.00000000;0.00000000;0.00000000;0.00000000;0.00211864;0.01271186;0.16631356;0.12605932;0.39724576;0.23411017;0.05508475;0.00635593;0.00000000;0.00000000;0.00000000;0.00000000;0.00000000;0.00000000
HK97-like,13,173,472,0.5206567796610169,0.060691572277884,0.00000000;0.00000000;0.00000000;0.00000000;0.00000000;0.00000000;0.00211864;0.01271186;0.15889831;0.12500000;0.37500000;0.25847458;0.05932203;0.00847458;0.00000000;0.00000000;0.00000000;0.00000000;0.00000000;0.00000000
HK97-like,13,175,472,0.5226694915254236,0.0611062640807875,0.00000000;0.00000000;0.00000000;0.00000000;0.00000000;0.00000000;0.00211864;0.01059322;0.15466102;0.12923729;0.35593220;0.27118644;0.06779661;0.00847458;0.00000000;0.00000000;0.00000000;0.00000000;0.00000000;0.00000000
HK97-like,13,178,944,0.5251059322033899,0.0607595759243255,0.00000000;0.00000000;0.00000000;0.00000000;0.00000000;0.00000000;0.00211864;0.01059322;0.14088983;0.13347458;0.34322034;0.29025424;0.07097458;0.00847458;0.00000000;0.00000000;0.00000000;0.00000000;0.00000000;0.00000000
HK97-like,13,179,944,0.529978813559322,0.0607736106753956,0.00000000;0.00000000;0.00000000;0.00000000;0.00000000;0.00000000;0.00211864;0.00741525;0.12923729;0.13029661;0.31144068;0.32944915;0.08156780;0.00741525;0.00105932;0.00000000;0.00000000;0.00000000;0.00000000;0.00000000
HK97-like,13,180,944,0.5338983050847457,0.060848992001805,0.00000000;0.00000000;0.00000000;0.00000000;0.00000000;0.00000000;0.00211864;0.00635593;0.11228814;0.14406780;0.27330508;0.36228814;0.08898305;0.00847458;0.00211864;0.00000000;0.00000000;0.00000000;0.00000000;0.00000000
HK97-like,13,185,12943,0.5793382523371706,0.0642285881043822,0.00000000;0.00000000;0.00000000;0.00000000;0.00000000;0.00000000;0.00000000;0.00224059;0.01560689;0.13258132;0.14223905;0.27057097;0.33825234;0.08537433;0.01158928;0.00154524;0.00000000;0.00000000;0.00000000;0.00000000
HK97-like,13,189,1599,0.5459505941213257,0.058878167300793,0.00000000;0.00000000;0.00000000;0.00000000;0.00000000;0.00000000;0.00125078;0.00562852;0.06316448;0.16197624;0.18761726;0.45403377;0.10631645;0.01751094;0.00250156;0.00000000;0.00000000;0.00000000;0.00000000;0.00000000
HK97-like,13,209,2361,0.6180537907666244,0.0657156291056844,0.00000000;0.00000000;0.00000000;0.00000000;0.00000000;0.00000000;0.00000000;0.00000000;0.00635324;0.02710716;0.17958492;0.10249894;0.32401525;0.29775519;0.05633206;0.00635324;0.00000000;0.00000000;0.00000000;0.00000000
HK97-like,13,213,472,0.6282838983050848,0.0665813182816715,0.00000000;0.00000000;0.00000000;0.00000000;0.00000000;0.00000000;0.00000000;0.00000000;0.00423729;0.01906780;0.17372881;0.08686441;0.22669492;0.41101695;0.07203390;0.00635593;0.00000000;0.00000000;0.00000000;0.00000000
HK97-like,13,216,945,0.6284391534391535,0.0663589944089411,0.00000000;0.00000000;0.00000000;0.00000000;0.00000000;0.00000000;0.00000000;0.00000000;0.00423280;0.01693122;0.17566138;0.08677249;0.22645503;0.41164021;0.07195767;0.00634921;0.00000000;0.00000000;0.00000000;0.00000000
HK97-like,13,224,1888,0.6337658898305085,0.0655906367792424,0.00000000;0.00000000;0.00000000;0.00000000;0.00000000;0.00000000;0.00000000;0.00000000;0.00211864;0.01271186;0.16207627;0.09427966;0.19173729;0.44067797;0.08951271;0.00688559;0.00000000;0.00000000;0.00000000;0.00000000
HK97-like,13,229,16803,0.7121868118788311,0.0670500139751726,0.00000000;0.00000000;0.00000000;0.00000000;0.00000000;0.00000000;0.00000000;0.00000000;0.00011903;0.00535619;0.02029400;0.04195679;0.07183241;0.22615009;0.35624591;0.21859192;0.04915789;0.00999821;0.00029757;0.00000000
HK97-like,13,248,941,0.7866365568544103,0.0601104164891904,0.00000000;0.00000000;0.00000000;0.00000000;0.00000000;0.00000000;0.00000000;0.00000000;0.00000000;0.00000000;0.00531350;0.00318810;0.03613177;0.01806589;0.09670563;0.47927736;0.21147715;0.14771520;0.00212540;0.00000000
HK97-like,13,252,942,0.7912951167728237,0.0613227336469032,0.00000000;0.00000000;0.00000000;0.00000000;0.00000000;0.00000000;0.00000000;0.00000000;0.00000000;0.00000000;0.00424628;0.00424628;0.03290870;0.02016985;0.08811040;0.44585987;0.22080679;0.18046709;0.00318471;0.00000000
HK97-like,13,259,2828,0.7970297029702971,0.0615756957169264,0.00000000;0.00000000;0.00000000;0.00000000;0.00000000;0.00000000;0.00000000;0.00000000;0.00000000;0.00000000;0.00424328;0.00424328;0.02475248;0.02758133;0.07390382;0.40275813;0.24717115;0.21110325;0.00424328;0.00000000
HK97-like,13,297,1413,0.8986730360934183,0.0526081062178322,0.00000000;0.00000000;0.00000000;0.00000000;0.00000000;0.00000000;0.00000000;0.00000000;0.00000000;0.00000000;0.00000000;0.00000000;0.00566171;0.00283086;0.03963199;0.01486200;0.02901628;0.22151451;0.68223638;0.00424628
HK97-like,13,301,470,0.903404255319149,0.0510173769205131,0.00000000;0.00000000;0.00000000;0.00000000;0.00000000;0.00000000;0.00000000;0.00000000;0.00000000;0.00000000;0.00000000;0.00000000;0.00425532;0.00425532;0.03404255;0.01914894;0.02340426;0.15106383;0.75744681;0.00638298
HK97-like,13,302,1412,0.9043909348441928,0.0509490400010613,0.00000000;0.00000000;0.00000000;0.00000000;0.00000000;0.00000000;0.00000000;0.00000000;0.00000000;0.00000000;0.00000000;0.00000000;0.00424929;0.00424929;0.03470255;0.01699717;0.02266289;0.14022663;0.76699717;0.00991501
HK97-like,13,313,2354,0.9083474936278676,0.0503269756872341,0.00000000;0.00000000;0.00000000;0.00000000;0.00000000;0.00000000;0.00000000;0.00000000;0.00000000;0.00000000;0.00000000;0.00000000;0.00424809;0.00297366;0.02803738;0.02421410;0.01954121;0.11045030;0.76890399;0.04163127
HK97-like,13,321,1410,0.9172340425531916,0.0529784029726274,0.00000000;0.00000000;0.00000000;0.00000000;0.00000000;0.00000000;0.00000000;0.00000000;0.00000000;0.00000000;0.00000000;0.00000000;0.00425532;0.00212766;0.01631206;0.03617021;0.01985816;0.09007092;0.64680851;0.18439716
HK97-like,13,340,679,0.160861561119293,0.3046262612414044,0.74815906;0.04565538;0.01620029;0.03387334;0.00441826;0.00736377;0.00736377;0.00000000;0.00000000;0.00000000;0.00000000;0.00000000;0.00000000;0.00000000;0.00147275;0.00000000;0.00883652;0.04418262;0.04123711;0.04123711
HK97-like,14,10,324,0.0262345679012345,0.0129703094996609,0.98765432;0.00617284;0.00308642;0.00000000;0.00308642;0.00000000;0.00000000;0.00000000;0.00000000;0.00000000;0.00000000;0.00000000;0.00000000;0.00000000;0.00000000;0.00000000;0.00000000;0.00000000;0.00000000;0.00000000
HK97-like,14,91,1377,0.2882534495279594,0.0426996106655681,0.00508351;0.00145243;0.00000000;0.01161946;0.05954975;0.60421206;0.27305737;0.03413217;0.00580973;0.00508351;0.00000000;0.00000000;0.00000000;0.00000000;0.00000000;0.00000000;0.00000000;0.00000000;0.00000000;0.00000000
HK97-like,14,98,4324,0.3162927844588344,0.0467359019066648,0.00462535;0.00531915;0.00046253;0.00185014;0.03376503;0.21068455;0.60152636;0.12650324;0.00809436;0.00555042;0.00161887;0.00000000;0.00000000;0.00000000;0.00000000;0.00000000;0.00000000;0.00000000;0.00000000;0.00000000
HK97-like,14,105,693,0.347077922077922,0.0475550534185269,0.00144300;0.00432900;0.00577201;0.00000000;0.00721501;0.05339105;0.44155844;0.42857143;0.04473304;0.00721501;0.00577201;0.00000000;0.00000000;0.00000000;0.00000000;0.00000000;0.00000000;0.00000000;0.00000000;0.00000000
HK97-like,14,109,693,0.3427489177489178,0.0469362699495781,0.00144300;0.00577201;0.00432900;0.00000000;0.00721501;0.05916306;0.50216450;0.37373737;0.03318903;0.00865801;0.00432900;0.00000000;0.00000000;0.00000000;0.00000000;0.00000000;0.00000000;0.00000000;0.00000000;0.00000000
HK97-like,14,111,691,0.3496743849493487,0.0481465703682534,0.00144718;0.00434153;0.00578871;0.00000000;0.00723589;0.05354559;0.39797395;0.46309696;0.05354559;0.00723589;0.00578871;0.00000000;0.00000000;0.00000000;0.00000000;0.00000000;0.00000000;0.00000000;0.00000000;0.00000000
HK97-like,14,114,346,0.3661849710982659,0.0481031575114505,0.00000000;0.00578035;0.00578035;0.00000000;0.00578035;0.04335260;0.15606936;0.66184971;0.10693642;0.00289017;0.01156069;0.00000000;0.00000000;0.00000000;0.00000000;0.00000000;0.00000000;0.00000000;0.00000000;0.00000000
HK97-like,14,115,346,0.3686416184971098,0.048563514239597,0.00000000;0.00578035;0.00578035;0.00000000;0.00578035;0.04335260;0.13005780;0.66763006;0.12427746;0.00578035;0.01156069;0.00000000;0.00000000;0.00000000;0.00000000;0.00000000;0.00000000;0.00000000;0.00000000;0.00000000
HK97-like,14,118,1038,0.3607899807321773,0.0481137682716925,0.00000000;0.00481696;0.00578035;0.00096339;0.00385356;0.04238921;0.26396917;0.56551060;0.09633911;0.00770713;0.00867052;0.00000000;0.00000000;0.00000000;0.00000000;0.00000000;0.00000000;0.00000000;0.00000000;0.00000000
HK97-like,14,119,346,0.3751445086705202,0.0458539013968659,0.00000000;0.00289017;0.00578035;0.00289017;0.00000000;0.03468208;0.09537572;0.66473988;0.17341040;0.00867052;0.01156069;0.00000000;0.00000000;0.00000000;0.00000000;0.00000000;0.00000000;0.00000000;0.00000000;0.00000000
HK97-like,14,121,692,0.3829479768786127,0.0458743906917629,0.00000000;0.00144509;0.00433526;0.00578035;0.00000000;0.02167630;0.07369942;0.60404624;0.26589595;0.01011561;0.00867052;0.00433526;0.00000000;0.00000000;0.00000000;0.00000000;0.00000000;0.00000000;0.00000000;0.00000000
HK97-like,14,123,346,0.3793352601156069,0.0447697097043666,0.00000000;0.00000000;0.00578035;0.00578035;0.00000000;0.02890173;0.07803468;0.64161850;0.21965318;0.00867052;0.00867052;0.00289017;0.00000000;0.00000000;0.00000000;0.00000000;0.00000000;0.00000000;0.00000000;0.00000000
HK97-like,14,125,346,0.3929190751445086,0.046833295987123,0.00000000;0.00000000;0.00578035;0.00578035;0.00000000;0.00867052;0.06069364;0.49132948;0.39017341;0.02312139;0.00578035;0.00867052;0.00000000;0.00000000;0.00000000;0.00000000;0.00000000;0.00000000;0.00000000;0.00000000
HK97-like,14,128,692,0.3899566473988439,0.0468316795880472,0.00000000;0.00000000;0.00578035;0.00578035;0.00000000;0.01445087;0.06358382;0.52312139;0.35115607;0.02167630;0.00867052;0.00578035;0.00000000;0.00000000;0.00000000;0.00000000;0.00000000;0.00000000;0.00000000;0.00000000
HK97-like,14,129,701,0.3947574893009985,0.0478326071520584,0.00000000;0.00000000;0.00570613;0.00570613;0.00000000;0.01283880;0.05848787;0.45506419;0.41654779;0.02995720;0.00855920;0.00713267;0.00000000;0.00000000;0.00000000;0.00000000;0.00000000;0.00000000;0.00000000;0.00000000
HK97-like,14,131,346,0.4067919075144509,0.0477919690372124,0.00000000;0.00000000;0.00578035;0.00578035;0.00000000;0.00578035;0.04913295;0.28323699;0.57514451;0.06069364;0.00578035;0.00867052;0.00000000;0.00000000;0.00000000;0.00000000;0.00000000;0.00000000;0.00000000;0.00000000
HK97-like,14,160,1080,0.525,0.0492536894651144,0.00000000;0.00000000;0.00000000;0.00000000;0.00000000;0.00000000;0.00277778;0.01759259;0.04166667;0.12962963;0.60555556;0.14537037;0.04722222;0.00370370;0.00648148;0.00000000;0.00000000;0.00000000;0.00000000;0.00000000
HK97-like,14,163,2524,0.5292194928684627,0.0485835924159664,0.00000000;0.00000000;0.00000000;0.00000000;0.00000000;0.00000000;0.00237718;0.01505547;0.03803487;0.10023772;0.61093502;0.16917591;0.05150555;0.00752773;0.00515055;0.00000000;0.00000000;0.00000000;0.00000000;0.00000000
HK97-like,14,166,2334,0.5637317909168809,0.0504208768746952,0.00000000;0.00000000;0.00000000;0.00000000;0.00000000;0.00000000;0.00000000;0.00342759;0.02913453;0.03470437;0.25706941;0.53213368;0.09725793;0.03898886;0.00214225;0.00514139;0.00000000;0.00000000;0.00000000;0.00000000
HK97-like,14,169,702,0.5465099715099715,0.049788719276917,0.00000000;0.00000000;0.00000000;0.00000000;0.00000000;0.00000000;0.00000000;0.00997151;0.02991453;0.04273504;0.48433048;0.33760684;0.07264957;0.01709402;0.00000000;0.00569801;0.00000000;0.00000000;0.00000000;0.00000000
HK97-like,14,171,692,0.5768063583815028,0.0489815650709164,0.00000000;0.00000000;0.00000000;0.00000000;0.00000000;0.00000000;0.00000000;0.00289017;0.02023121;0.04046243;0.10115607;0.61416185;0.16618497;0.04624277;0.00289017;0.00578035;0.00000000;0.00000000;0.00000000;0.00000000
HK97-like,14,172,692,0.583092485549133,0.0492674968322023,0.00000000;0.00000000;0.00000000;0.00000000;0.00000000;0.00000000;0.00000000;0.00289017;0.01445087;0.03612717;0.07514451;0.59826590;0.20086705;0.06069364;0.00578035;0.00433526;0.00144509;0.00000000;0.00000000;0.00000000
HK97-like,14,173,346,0.5871387283236994,0.0495359197355573,0.00000000;0.00000000;0.00000000;0.00000000;0.00000000;0.00000000;0.00000000;0.00289017;0.01156069;0.02890173;0.06647399;0.58381503;0.22254335;0.07225434;0.00578035;0.00000000;0.00578035;0.00000000;0.00000000;0.00000000
HK97-like,14,175,346,0.5898843930635839,0.0488552591439131,0.00000000;0.00000000;0.00000000;0.00000000;0.00000000;0.00000000;0.00000000;0.00289017;0.00867052;0.02890173;0.05491329;0.56647399;0.25144509;0.07514451;0.00578035;0.00000000;0.00578035;0.00000000;0.00000000;0.00000000
HK97-like,14,178,692,0.5937138728323699,0.0490539891730254,0.00000000;0.00000000;0.00000000;0.00000000;0.00000000;0.00000000;0.00000000;0.00289017;0.00289017;0.03179191;0.05202312;0.52167630;0.29768786;0.07369942;0.01011561;0.00144509;0.00578035;0.00000000;0.00000000;0.00000000
HK97-like,14,179,693,0.6006132756132756,0.0506503784177285,0.00000000;0.00000000;0.00000000;0.00000000;0.00000000;0.00000000;0.00000000;0.00288600;0.00288600;0.03174603;0.04473304;0.41991342;0.39393939;0.07936508;0.01587302;0.00288600;0.00577201;0.00000000;0.00000000;0.00000000
HK97-like,14,180,692,0.6083092485549132,0.0512096707360238,0.00000000;0.00000000;0.00000000;0.00000000;0.00000000;0.00000000;0.00000000;0.00000000;0.00578035;0.03179191;0.03901734;0.30635838;0.50289017;0.07369942;0.03179191;0.00289017;0.00578035;0.00000000;0.00000000;0.00000000
HK97-like,14,185,503,0.6916003976143141,0.0602164201551631,0.00000000;0.00000000;0.00000000;0.00000000;0.00000000;0.00000000;0.00000000;0.00000000;0.00000000;0.00198807;0.03777336;0.02584493;0.05964215;0.45526839;0.32206759;0.07753479;0.00000000;0.01391650;0.00397614;0.00198807
HK97-like,14,189,2370,0.6219198312236287,0.0502840655064143,0.00000000;0.00000000;0.00000000;0.00000000;0.00000000;0.00000000;0.00000000;0.00000000;0.00421941;0.02784810;0.03291139;0.14050633;0.61139241;0.13755274;0.03755274;0.00253165;0.00253165;0.00295359;0.00000000;0.00000000
HK97-like,14,209,1744,0.706651376146789,0.0547766735572371,0.00000000;0.00000000;0.00000000;0.00000000;0.00000000;0.00000000;0.00000000;0.00000000;0.00000000;0.00229358;0.01892202;0.01490826;0.04071101;0.33944954;0.43864679;0.12442661;0.01204128;0.00114679;0.00344037;0.00401376
HK97-like,14,213,345,0.7207971014492753,0.051679216720784,0.00000000;0.00000000;0.00000000;0.00000000;0.00000000;0.00000000;0.00000000;0.00000000;0.00000000;0.00000000;0.00579710;0.02028986;0.04057971;0.17101449;0.57391304;0.14782609;0.03188406;0.00000000;0.00289855;0.00579710
HK97-like,14,216,694,0.7188040345821325,0.0547243202142816,0.00000000;0.00000000;0.00000000;0.00000000;0.00000000;0.00000000;0.00000000;0.00000000;0.00000000;0.00432277;0.01008646;0.01873199;0.04034582;0.17291066;0.56772334;0.14265130;0.03602305;0.00000000;0.00288184;0.00432277
HK97-like,14,224,1352,0.7301405325443788,0.0508927205796705,0.00000000;0.00000000;0.00000000;0.00000000;0.00000000;0.00000000;0.00000000;0.00000000;0.00000000;0.00073964;0.00295858;0.02662722;0.03328402;0.07248521;0.59911243;0.20710059;0.05177515;0.00000000;0.00295858;0.00295858
HK97-like,14,229,3188,0.751129234629862,0.0483525152658931,0.00000000;0.00000000;0.00000000;0.00000000;0.00000000;0.00000000;0.00000000;0.00000000;0.00000000;0.00125471;0.00188206;0.01662484;0.01035132;0.03607277;0.40025094;0.43914680;0.08877039;0.00062735;0.00062735;0.00439147
HK97-like,14,248,689,0.7670174165457185,0.052459062634992,0.00000000;0.00000000;0.00000000;0.00000000;0.00000000;0.00000000;0.00000000;0.00000000;0.00000000;0.00290276;0.00000000;0.02467344;0.00725689;0.02757620;0.19738752;0.51669086;0.21915820;0.00290276;0.00000000;0.00145138
HK97-like,14,252,686,0.7739795918367347,0.0517096304462037,0.00000000;0.00000000;0.00000000;0.00000000;0.00000000;0.00000000;0.00000000;0.00000000;0.00000000;0.00291545;0.00000000;0.02186589;0.01020408;0.02478134;0.11516035;0.55976676;0.25072886;0.01457726;0.00000000;0.00000000
HK97-like,14,259,2124,0.7886770244821092,0.050887520617647,0.00000000;0.00000000;0.00000000;0.00000000;0.00000000;0.00000000;0.00000000;0.00000000;0.00000000;0.00094162;0.00188324;0.01129944;0.01694915;0.02259887;0.03342750;0.50423729;0.35404896;0.05461394;0.00000000;0.00000000
HK97-like,14,297,1028,0.886624513618677,0.0499375783725327,0.00000000;0.00000000;0.00000000;0.00000000;0.00000000;0.00000000;0.00000000;0.00000000;0.00000000;0.00000000;0.00000000;0.00291829;0.00000000;0.01945525;0.00972763;0.02334630;0.02529183;0.49027237;0.42898833;0.00000000
HK97-like,14,301,344,0.8944767441860466,0.0466775746027471,0.00000000;0.00000000;0.00000000;0.00000000;0.00000000;0.00000000;0.00000000;0.00000000;0.00000000;0.00000000;0.00000000;0.00000000;0.00290698;0.00581395;0.02325581;0.01744186;0.02325581;0.37209302;0.55523256;0.00000000
HK97-like,14,302,1029,0.8975461613216715,0.0474001334436253,0.00000000;0.00000000;0.00000000;0.00000000;0.00000000;0.00000000;0.00000000;0.00000000;0.00000000;0.00000000;0.00000000;0.00097182;0.00194363;0.00777454;0.02137998;0.01652089;0.02040816;0.31584062;0.61516035;0.00000000
HK97-like,14,313,1715,0.9083819241982508,0.0454737603488261,0.00000000;0.00000000;0.00000000;0.00000000;0.00000000;0.00000000;0.00000000;0.00000000;0.00000000;0.00000000;0.00000000;0.00000000;0.00291545;0.00408163;0.02507289;0.00991254;0.02040816;0.14110787;0.77900875;0.01749271
HK97-like,14,321,1029,0.9216472303206996,0.04789984839024,0.00000000;0.00000000;0.00000000;0.00000000;0.00000000;0.00000000;0.00000000;0.00000000;0.00000000;0.00000000;0.00000000;0.00000000;0.00291545;0.00291545;0.02623907;0.00291545;0.02429543;0.03692906;0.73955296;0.16423712
HK97-like,14,340,384,0.180078125,0.3450452780382371,0.82291667;0.00781250;0.00000000;0.00000000;0.00260417;0.00000000;0.00000000;0.00000000;0.00000000;0.00000000;0.00000000;0.00000000;0.00000000;0.00260417;0.00000000;0.00000000;0.00260417;0.00781250;0.04427083;0.10937500
HK97-like,15,10,593,0.0260961214165261,0.0120976577861608,0.98650927;0.01011804;0.00168634;0.00000000;0.00000000;0.00168634;0.00000000;0.00000000;0.00000000;0.00000000;0.00000000;0.00000000;0.00000000;0.00000000;0.00000000;0.00000000;0.00000000;0.00000000;0.00000000;0.00000000
HK97-like,15,91,2308,0.425974870017331,0.055718508846726,0.00000000;0.00000000;0.00000000;0.00000000;0.00000000;0.00000000;0.01559792;0.28466205;0.53422877;0.08578856;0.00606586;0.06065858;0.00953206;0.00346620;0.00000000;0.00000000;0.00000000;0.00000000;0.00000000;0.00000000
HK97-like,15,98,6947,0.4433604433568446,0.0537972584748425,0.00000000;0.00000000;0.00000000;0.00000000;0.00000000;0.00000000;0.00359868;0.11587736;0.58341730;0.20872319;0.01367497;0.05138909;0.01770548;0.00446236;0.00115158;0.00000000;0.00000000;0.00000000;0.00000000;0.00000000
HK97-like,15,105,1154,0.4685008665511265,0.0536069566860648,0.00000000;0.00000000;0.00000000;0.00000000;0.00000000;0.00000000;0.00000000;0.01733102;0.36915078;0.48613518;0.04939341;0.01906412;0.05199307;0.00433276;0.00259965;0.00000000;0.00000000;0.00000000;0.00000000;0.00000000
HK97-like,15,109,1154,0.4655112651646447,0.0531796467623517,0.00000000;0.00000000;0.00000000;0.00000000;0.00000000;0.00000000;0.00000000;0.02079723;0.40641248;0.45320624;0.04159445;0.02599653;0.04506066;0.00519931;0.00173310;0.00000000;0.00000000;0.00000000;0.00000000;0.00000000
HK97-like,15,111,1154,0.4716204506065857,0.0535306303524639,0.00000000;0.00000000;0.00000000;0.00000000;0.00000000;0.00000000;0.00000000;0.01386482;0.33102253;0.51559792;0.06065858;0.01559792;0.05632582;0.00433276;0.00259965;0.00000000;0.00000000;0.00000000;0.00000000;0.00000000
HK97-like,15,114,577,0.4819324090121317,0.0525315843583825,0.00000000;0.00000000;0.00000000;0.00000000;0.00000000;0.00000000;0.00000000;0.00519931;0.20623917;0.59965338;0.10918544;0.00693241;0.06239168;0.00693241;0.00346620;0.00000000;0.00000000;0.00000000;0.00000000;0.00000000
HK97-like,15,115,576,0.4842881944444445,0.0523378474652476,0.00000000;0.00000000;0.00000000;0.00000000;0.00000000;0.00000000;0.00000000;0.00347222;0.18402778;0.60590278;0.12500000;0.00868056;0.06076389;0.00868056;0.00347222;0.00000000;0.00000000;0.00000000;0.00000000;0.00000000
HK97-like,15,118,1730,0.4788728323699421,0.0530789140019919,0.00000000;0.00000000;0.00000000;0.00000000;0.00000000;0.00000000;0.00000000;0.00982659;0.24219653;0.56936416;0.09826590;0.01213873;0.05895954;0.00635838;0.00289017;0.00000000;0.00000000;0.00000000;0.00000000;0.00000000
HK97-like,15,119,577,0.4896447140381283,0.0508804996538183,0.00000000;0.00000000;0.00000000;0.00000000;0.00000000;0.00000000;0.00000000;0.00346620;0.12131716;0.62738302;0.16464471;0.00866551;0.06239168;0.00866551;0.00346620;0.00000000;0.00000000;0.00000000;0.00000000;0.00000000
HK97-like,15,121,1154,0.4965771230502599,0.0500236480996021,0.00000000;0.00000000;0.00000000;0.00000000;0.00000000;0.00000000;0.00000000;0.00259965;0.07105719;0.59878683;0.24176776;0.01126516;0.05892548;0.01126516;0.00433276;0.00000000;0.00000000;0.00000000;0.00000000;0.00000000
HK97-like,15,123,577,0.4938908145580589,0.0502004667843606,0.00000000;0.00000000;0.00000000;0.00000000;0.00000000;0.00000000;0.00000000;0.00346620;0.08145581;0.62738302;0.20277296;0.01039861;0.05892548;0.01213172;0.00346620;0.00000000;0.00000000;0.00000000;0.00000000;0.00000000
HK97-like,15,125,577,0.5042027729636047,0.0489124934964504,0.00000000;0.00000000;0.00000000;0.00000000;0.00000000;0.00000000;0.00000000;0.00173310;0.03466205;0.53032929;0.34315425;0.01559792;0.05545927;0.01386482;0.00519931;0.00000000;0.00000000;0.00000000;0.00000000;0.00000000
HK97-like,15,128,1154,0.5016897746967072,0.0497215377536437,0.00000000;0.00000000;0.00000000;0.00000000;0.00000000;0.00000000;0.00000000;0.00259965;0.04592721;0.55459272;0.30762565;0.01473137;0.05545927;0.01386482;0.00519931;0.00000000;0.00000000;0.00000000;0.00000000;0.00000000
HK97-like,15,129,1731,0.5097487001733103,0.0496804676364134,0.00000000;0.00000000;0.00000000;0.00000000;0.00000000;0.00000000;0.00000000;0.00173310;0.02715194;0.45407279;0.41709994;0.02368573;0.04968226;0.02079723;0.00577701;0.00000000;0.00000000;0.00000000;0.00000000;0.00000000
HK97-like,15,131,577,0.5121750433275564,0.0487289984202752,0.00000000;0.00000000;0.00000000;0.00000000;0.00000000;0.00000000;0.00000000;0.00173310;0.01733102;0.42461005;0.45753899;0.02253033;0.05025997;0.01906412;0.00693241;0.00000000;0.00000000;0.00000000;0.00000000;0.00000000
HK97-like,15,160,2892,0.6156639004149378,0.0497848945273498,0.00069156;0.00000000;0.00000000;0.00000000;0.00000000;0.00069156;0.00000000;0.00000000;0.00000000;0.00276625;0.04183956;0.30532503;0.49965422;0.08367911;0.05774550;0.00587828;0.00172891;0.00000000;0.00000000;0.00000000
HK97-like,15,163,4037,0.6158719346049045,0.0476630762311496,0.00000000;0.00000000;0.00000000;0.00000000;0.00000000;0.00024771;0.00000000;0.00000000;0.00000000;0.00297250;0.04830320;0.30740649;0.48278425;0.09412930;0.05622987;0.00619272;0.00173396;0.00000000;0.00000000;0.00000000
HK97-like,15,166,8688,0.6523020257826887,0.0469229996531412,0.00000000;0.00011510;0.00000000;0.00000000;0.00057551;0.00011510;0.00000000;0.00011510;0.00000000;0.00149632;0.00241713;0.09875691;0.36694291;0.42829190;0.07596685;0.01968232;0.00552486;0.00000000;0.00000000;0.00000000
HK97-like,15,169,577,0.6307192374350087,0.0452439280655593,0.00000000;0.00000000;0.00000000;0.00000000;0.00000000;0.00000000;0.00000000;0.00000000;0.00000000;0.00173310;0.00346620;0.23223570;0.49220104;0.19584055;0.06412478;0.00693241;0.00346620;0.00000000;0.00000000;0.00000000
HK97-like,15,171,1154,0.6717504332755633,0.0435662618577259,0.00000000;0.00000000;0.00000000;0.00000000;0.00000000;0.00000000;0.00000000;0.00000000;0.00000000;0.00000000;0.00346620;0.01039861;0.29029463;0.50433276;0.13344887;0.05112652;0.00693241;0.00000000;0.00000000;0.00000000
HK97-like,15,172,1157,0.6767718236819361,0.044185393205594,0.00000000;0.00000000;0.00000000;0.00000000;0.00000000;0.00000000;0.00000000;0.00000000;0.00000000;0.00000000;0.00259291;0.00691443;0.25324114;0.50388937;0.16335350;0.06309421;0.00691443;0.00000000;0.00000000;0.00000000
HK97-like,15,173,574,0.6807491289198607,0.0444875559973127,0.00000000;0.00000000;0.00000000;0.00000000;0.00000000;0.00000000;0.00000000;0.00000000;0.00000000;0.00000000;0.00174216;0.00522648;0.22822300;0.48954704;0.19860627;0.06968641;0.00696864;0.00000000;0.00000000;0.00000000
HK97-like,15,175,578,0.6837370242214533,0.044476540756335,0.00000000;0.00000000;0.00000000;0.00000000;0.00000000;0.00000000;0.00000000;0.00000000;0.00000000;0.00000000;0.00173010;0.00346021;0.21280277;0.46539792;0.24048443;0.06920415;0.00692042;0.00000000;0.00000000;0.00000000
HK97-like,15,178,1156,0.6877162629757786,0.0448283050398679,0.00000000;0.00000000;0.00000000;0.00000000;0.00000000;0.00000000;0.00000000;0.00000000;0.00000000;0.00000000;0.00173010;0.00259516;0.19723183;0.42041522;0.30190311;0.06833910;0.00778547;0.00000000;0.00000000;0.00000000
HK97-like,15,179,1158,0.6928756476683938,0.0459966779350118,0.00000000;0.00000000;0.00000000;0.00000000;0.00086356;0.00000000;0.00000000;0.00000000;0.00000000;0.00000000;0.00172712;0.00172712;0.15803109;0.39291883;0.36614853;0.06994819;0.00863558;0.00000000;0.00000000;0.00000000
HK97-like,15,180,1154,0.6981369150779897,0.0426306165703253,0.00000000;0.00000000;0.00000000;0.00000000;0.00000000;0.00000000;0.00000000;0.00000000;0.00000000;0.00000000;0.00173310;0.00173310;0.11351820;0.39428076;0.40467938;0.07365685;0.00866551;0.00173310;0.00000000;0.00000000
HK97-like,15,185,15821,0.7446827002085834,0.0424286468513819,0.00000000;0.00000000;0.00000000;0.00000000;0.00000000;0.00000000;0.00000000;0.00000000;0.00000000;0.00000000;0.00069528;0.00145376;0.00372922;0.13058593;0.40250300;0.38840781;0.06769484;0.00467733;0.00025283;0.00000000
HK97-like,15,189,1731,0.7103841709994223,0.0396418070129224,0.00000000;0.00000000;0.00000000;0.00000000;0.00000000;0.00000000;0.00000000;0.00000000;0.00000000;0.00000000;0.00173310;0.00173310;0.03928365;0.33391103;0.51068746;0.09705373;0.01155402;0.00404391;0.00000000;0.00000000
HK97-like,15,209,2313,0.7858084738434932,0.0384232473602301,0.00000000;0.00000000;0.00000000;0.00000000;0.00000000;0.00000000;0.00000000;0.00000000;0.00000000;0.00000000;0.00000000;0.00172936;0.00172936;0.00043234;0.16342412;0.45654994;0.36143537;0.01297017;0.00172936;0.00000000
HK97-like,15,213,579,0.7954663212435233,0.0356284339802212,0.00000000;0.00000000;0.00000000;0.00000000;0.00000000;0.00000000;0.00000000;0.00000000;0.00000000;0.00000000;0.00000000;0.00172712;0.00172712;0.00000000;0.08117444;0.43523316;0.45941278;0.01899827;0.00172712;0.00000000
HK97-like,15,216,1154,0.7956672443674178,0.0356857337888126,0.00000000;0.00000000;0.00000000;0.00000000;0.00000000;0.00000000;0.00000000;0.00000000;0.00000000;0.00000000;0.00000000;0.00173310;0.00173310;0.00000000;0.08058925;0.43327556;0.46100520;0.01993068;0.00173310;0.00000000
HK97-like,15,224,1737,0.8026338514680483,0.0341318444186078,0.00000000;0.00000000;0.00000000;0.00000000;0.00000000;0.00000000;0.00000000;0.00000000;0.00000000;0.00000000;0.00000000;0.00172712;0.00000000;0.00172712;0.04605642;0.37938975;0.53598158;0.03223949;0.00287853;0.00000000
HK97-like,15,229,6051,0.81567922657412,0.0336441672736203,0.00000000;0.00000000;0.00000000;0.00000000;0.00000000;0.00000000;0.00000000;0.00000000;0.00000000;0.00000000;0.00000000;0.00099157;0.00033052;0.00181788;0.01536936;0.25665179;0.61725335;0.10246240;0.00512312;0.00000000
HK97-like,15,248,1728,0.8342303240740742,0.0366435875205534,0.00000000;0.00000000;0.00000000;0.00000000;0.00000000;0.00000000;0.00000000;0.00000000;0.00000000;0.00000000;0.00000000;0.00000000;0.00173611;0.00173611;0.00289352;0.14930556;0.49884259;0.34027778;0.00405093;0.00115741
HK97-like,15,252,584,0.8452054794520547,0.0351507356473651,0.00000000;0.00000000;0.00000000;0.00000000;0.00000000;0.00000000;0.00000000;0.00000000;0.00000000;0.00000000;0.00000000;0.00000000;0.00171233;0.00171233;0.00171233;0.08561644;0.41095890;0.49315068;0.00342466;0.00171233
HK97-like,15,259,4871,0.8507134058714843,0.0325848572862919,0.00000000;0.00000000;0.00000000;0.00000000;0.00000000;0.00000000;0.00000000;0.00000000;0.00000000;0.00000000;0.00000000;0.00000000;0.00143708;0.00102648;0.00143708;0.04598645;0.39273250;0.54485732;0.01047013;0.00205297
HK97-like,15,297,1730,0.924971098265896,0.0106846157816155,0.00000000;0.00000000;0.00000000;0.00000000;0.00000000;0.00000000;0.00000000;0.00000000;0.00000000;0.00000000;0.00000000;0.00000000;0.00000000;0.00000000;0.00000000;0.00173410;0.00000000;0.01271676;0.96820809;0.01734104
HK97-like,15,301,577,0.9274263431542462,0.0139075381716761,0.00000000;0.00000000;0.00000000;0.00000000;0.00000000;0.00000000;0.00000000;0.00000000;0.00000000;0.00000000;0.00000000;0.00000000;0.00000000;0.00000000;0.00000000;0.00173310;0.00000000;0.00519931;0.93414211;0.05892548
HK97-like,15,302,1733,0.9325014425851124,0.0206289065809239,0.00000000;0.00000000;0.00000000;0.00000000;0.00000000;0.00000000;0.00000000;0.00000000;0.00000000;0.00000000;0.00000000;0.00000000;0.00000000;0.00057703;0.00000000;0.00057703;0.00115407;0.00577034;0.82919792;0.16272360
HK97-like,15,313,2892,0.9531639004149376,0.0290082159821772,0.00000000;0.00000000;0.00000000;0.00000000;0.00000000;0.00000000;0.00000000;0.00000000;0.00000000;0.00000000;0.00000000;0.00000000;0.00000000;0.00242047;0.00000000;0.00000000;0.00172891;0.00380360;0.40940526;0.58264177
HK97-like,15,321,1731,0.9690496822645868,0.0174767606250158,0.00000000;0.00000000;0.00000000;0.00000000;0.00000000;0.00000000;0.00000000;0.00000000;0.00000000;0.00000000;0.00000000;0.00000000;0.00000000;0.00000000;0.00000000;0.00000000;0.00173310;0.00346620;0.10687464;0.88792605
HK97-like,15,340,2106,0.0651946818613485,0.0858038913918547,0.66619183;0.17948718;0.05175689;0.02991453;0.01282051;0.01899335;0.02991453;0.00664767;0.00094967;0.00000000;0.00000000;0.00000000;0.00000000;0.00000000;0.00000000;0.00189934;0.00142450;0.00000000;0.00000000;0.00000000
HK97-like,16,10,403,0.0274813895781637,0.0143094660943482,0.96526055;0.02233251;0.00992556;0.00248139;0.00000000;0.00000000;0.00000000;0.00000000;0.00000000;0.00000000;0.00000000;0.00000000;0.00000000;0.00000000;0.00000000;0.00000000;0.00000000;0.00000000;0.00000000;0.00000000
HK97-like,16,91,1468,0.5275885558583107,0.0227557144324529,0.00000000;0.00000000;0.00000000;0.00000000;0.00000000;0.00000000;0.00000000;0.00000000;0.00000000;0.06811989;0.82288828;0.09809264;0.01089918;0.00000000;0.00000000;0.00000000;0.00000000;0.00000000;0.00000000;0.00000000
HK97-like,16,98,4173,0.5408039779535107,0.0264082297241625,0.00000000;0.00000000;0.00000000;0.00000000;0.00000000;0.00000000;0.00000000;0.00000000;0.00000000;0.00934579;0.68727534;0.28133237;0.02204649;0.00000000;0.00000000;0.00000000;0.00000000;0.00000000;0.00000000;0.00000000
HK97-like,16,105,741,0.564203778677463,0.0275796045586396,0.00000000;0.00000000;0.00000000;0.00000000;0.00000000;0.00000000;0.00000000;0.00000000;0.00000000;0.00269906;0.27125506;0.66936572;0.05263158;0.00404858;0.00000000;0.00000000;0.00000000;0.00000000;0.00000000;0.00000000
HK97-like,16,109,733,0.5614938608458391,0.0284019392525702,0.00000000;0.00000000;0.00000000;0.00000000;0.00000000;0.00000000;0.00000000;0.00000000;0.00000000;0.00272851;0.32196453;0.62073670;0.05184175;0.00272851;0.00000000;0.00000000;0.00000000;0.00000000;0.00000000;0.00000000
HK97-like,16,111,734,0.5676430517711172,0.0264953977692027,0.00000000;0.00000000;0.00000000;0.00000000;0.00000000;0.00000000;0.00000000;0.00000000;0.00000000;0.00000000;0.21798365;0.71798365;0.05722071;0.00681199;0.00000000;0.00000000;0.00000000;0.00000000;0.00000000;0.00000000
HK97-like,16,114,362,0.5770718232044199,0.0214106219183392,0.00000000;0.00000000;0.00000000;0.00000000;0.00000000;0.00000000;0.00000000;0.00000000;0.00000000;0.00000000;0.06077348;0.84806630;0.08011050;0.01104972;0.00000000;0.00000000;0.00000000;0.00000000;0.00000000;0.00000000
HK97-like,16,115,362,0.5777624309392265,0.0211700278761833,0.00000000;0.00000000;0.00000000;0.00000000;0.00000000;0.00000000;0.00000000;0.00000000;0.00000000;0.00000000;0.05248619;0.85082873;0.08563536;0.01104972;0.00000000;0.00000000;0.00000000;0.00000000;0.00000000;0.00000000
HK97-like,16,118,1101,0.5736830154405087,0.0242150217297851,0.00000000;0.00000000;0.00000000;0.00000000;0.00000000;0.00000000;0.00000000;0.00000000;0.00000000;0.00000000;0.12170754;0.79200727;0.07720254;0.00908265;0.00000000;0.00000000;0.00000000;0.00000000;0.00000000;0.00000000
HK97-like,16,119,366,0.5823770491803278,0.0209136898724148,0.00000000;0.00000000;0.00000000;0.00000000;0.00000000;0.00000000;0.00000000;0.00000000;0.00000000;0.00000000;0.01366120;0.83606557;0.13934426;0.01092896;0.00000000;0.00000000;0.00000000;0.00000000;0.00000000;0.00000000
HK97-like,16,121,735,0.5874489795918366,0.0238644652787444,0.00000000;0.00000000;0.00000000;0.00000000;0.00000000;0.00000000;0.00000000;0.00000000;0.00000000;0.00000000;0.00816327;0.74693878;0.23265306;0.01224490;0.00000000;0.00000000;0.00000000;0.00000000;0.00000000;0.00000000
HK97-like,16,123,367,0.5853542234332425,0.0224915334330067,0.00000000;0.00000000;0.00000000;0.00000000;0.00000000;0.00000000;0.00000000;0.00000000;0.00000000;0.00000000;0.00817439;0.78746594;0.19346049;0.01089918;0.00000000;0.00000000;0.00000000;0.00000000;0.00000000;0.00000000
HK97-like,16,125,367,0.5924386920980926,0.026015734631673,0.00000000;0.00000000;0.00000000;0.00000000;0.00000000;0.00000000;0.00000000;0.00000000;0.00000000;0.00000000;0.00817439;0.64850136;0.32970027;0.01362398;0.00000000;0.00000000;0.00000000;0.00000000;0.00000000;0.00000000
HK97-like,16,128,734,0.5912125340599454,0.0258920112422171,0.00000000;0.00000000;0.00000000;0.00000000;0.00000000;0.00000000;0.00000000;0.00000000;0.00000000;0.00000000;0.00817439;0.67574932;0.29972752;0.01634877;0.00000000;0.00000000;0.00000000;0.00000000;0.00000000;0.00000000
HK97-like,16,129,735,0.5937755102040816,0.0267489705869362,0.00000000;0.00000000;0.00000000;0.00000000;0.00000000;0.00000000;0.00000000;0.00000000;0.00000000;0.00000000;0.00816327;0.62585034;0.34829932;0.01768707;0.00000000;0.00000000;0.00000000;0.00000000;0.00000000;0.00000000
HK97-like,16,131,367,0.6008855585831063,0.0278222850645641,0.00000000;0.00000000;0.00000000;0.00000000;0.00000000;0.00000000;0.00000000;0.00000000;0.00000000;0.00000000;0.00544959;0.49591281;0.47411444;0.02452316;0.00000000;0.00000000;0.00000000;0.00000000;0.00000000;0.00000000
HK97-like,16,160,1101,0.6778156221616713,0.0176058256423128,0.00000000;0.00000000;0.00000000;0.00000000;0.00000000;0.00000000;0.00000000;0.00000000;0.00000000;0.00000000;0.00000000;0.00000000;0.03088102;0.88646685;0.07811081;0.00454133;0.00000000;0.00000000;0.00000000;0.00000000
HK97-like,16,163,2569,0.6798267808485793,0.0182447774029317,0.00000000;0.00000000;0.00000000;0.00000000;0.00000000;0.00000000;0.00000000;0.00000000;0.00000000;0.00000000;0.00000000;0.00000000;0.01829506;0.87154535;0.10548852;0.00467108;0.00000000;0.00000000;0.00000000;0.00000000
HK97-like,16,166,2029,0.698730901922129,0.0263132836646268,0.00000000;0.00000000;0.00000000;0.00000000;0.00000000;0.00000000;0.00000000;0.00000000;0.00000000;0.00000000;0.00000000;0.00000000;0.00295712;0.53031050;0.45588960;0.01084278;0.00000000;0.00000000;0.00000000;0.00000000
HK97-like,16,169,734,0.688623978201635,0.0237424939518007,0.00000000;0.00000000;0.00000000;0.00000000;0.00000000;0.00000000;0.00000000;0.00000000;0.00000000;0.00000000;0.00000000;0.00000000;0.00272480;0.73297003;0.25340599;0.01089918;0.00000000;0.00000000;0.00000000;0.00000000
HK97-like,16,171,734,0.7146457765667575,0.022792390273284,0.00000000;0.00000000;0.00000000;0.00000000;0.00000000;0.00000000;0.00000000;0.00000000;0.00000000;0.00000000;0.00000000;0.00000000;0.00000000;0.22615804;0.75749319;0.01362398;0.00272480;0.00000000;0.00000000;0.00000000
HK97-like,16,172,734,0.7214577656675749,0.0173437041767838,0.00000000;0.00000000;0.00000000;0.00000000;0.00000000;0.00000000;0.00000000;0.00000000;0.00000000;0.00000000;0.00000000;0.00000000;0.00000000;0.09536785;0.88283379;0.01907357;0.00272480;0.00000000;0.00000000;0.00000000
HK97-like,16,173,367,0.723773841961853,0.0149429641233746,0.00000000;0.00000000;0.00000000;0.00000000;0.00000000;0.00000000;0.00000000;0.00000000;0.00000000;0.00000000;0.00000000;0.00000000;0.00000000;0.05449591;0.91825613;0.02452316;0.00272480;0.00000000;0.00000000;0.00000000
HK97-like,16,175,367,0.7251362397820165,0.0149925674602041,0.00000000;0.00000000;0.00000000;0.00000000;0.00000000;0.00000000;0.00000000;0.00000000;0.00000000;0.00000000;0.00000000;0.00000000;0.00000000;0.04087193;0.91825613;0.03814714;0.00272480;0.00000000;0.00000000;0.00000000
HK97-like,16,178,734,0.7264305177111716,0.0138598451813619,0.00000000;0.00000000;0.00000000;0.00000000;0.00000000;0.00000000;0.00000000;0.00000000;0.00000000;0.00000000;0.00000000;0.00000000;0.00000000;0.02179837;0.93051771;0.04495913;0.00272480;0.00000000;0.00000000;0.00000000
HK97-like,16,179,734,0.7274523160762943,0.0143233308970814,0.00000000;0.00000000;0.00000000;0.00000000;0.00000000;0.00000000;0.00000000;0.00000000;0.00000000;0.00000000;0.00000000;0.00000000;0.00000000;0.01498638;0.92370572;0.05858311;0.00272480;0.00000000;0.00000000;0.00000000
HK97-like,16,180,734,0.7292234332425068,0.0155247607864711,0.00000000;0.00000000;0.00000000;0.00000000;0.00000000;0.00000000;0.00000000;0.00000000;0.00000000;0.00000000;0.00000000;0.00000000;0.00000000;0.00681199;0.90463215;0.08583106;0.00272480;0.00000000;0.00000000;0.00000000
HK97-like,16,185,367,0.8034741144414169,0.0253017486599485,0.00000000;0.00000000;0.00000000;0.00000000;0.00000000;0.00000000;0.00000000;0.00000000;0.00000000;0.00000000;0.00000000;0.00000000;0.00000000;0.00000000;0.00272480;0.42779292;0.56675749;0.00272480;0.00000000;0.00000000
HK97-like,16,189,2566,0.7369251753702261,0.0221601345703096,0.00000000;0.00000000;0.00000000;0.00000000;0.00000000;0.00000000;0.00000000;0.00000000;0.00000000;0.00000000;0.00000000;0.00000000;0.00000000;0.00272798;0.76071707;0.23187841;0.00467654;0.00000000;0.00000000;0.00000000
HK97-like,16,209,1835,0.8170435967302452,0.0195847423271959,0.00000000;0.00000000;0.00000000;0.00000000;0.00000000;0.00000000;0.00000000;0.00000000;0.00000000;0.00000000;0.00000000;0.00000000;0.00000000;0.00000000;0.00217984;0.16021798;0.83433243;0.00108992;0.00217984;0.00000000
HK97-like,16,213,367,0.825408719346049,0.007819261499881,0.00000000;0.00000000;0.00000000;0.00000000;0.00000000;0.00000000;0.00000000;0.00000000;0.00000000;0.00000000;0.00000000;0.00000000;0.00000000;0.00000000;0.00000000;0.00544959;0.98365123;0.00817439;0.00272480;0.00000000
HK97-like,16,216,734,0.8252724795640326,0.0078251937224928,0.00000000;0.00000000;0.00000000;0.00000000;0.00000000;0.00000000;0.00000000;0.00000000;0.00000000;0.00000000;0.00000000;0.00000000;0.00000000;0.00000000;0.00000000;0.00681199;0.98365123;0.00681199;0.00272480;0.00000000
HK97-like,16,224,1468,0.8257152588555859,0.0079056501283618,0.00000000;0.00000000;0.00000000;0.00000000;0.00000000;0.00000000;0.00000000;0.00000000;0.00000000;0.00000000;0.00000000;0.00000000;0.00000000;0.00000000;0.00000000;0.00272480;0.98297003;0.01158038;0.00272480;0.00000000
HK97-like,16,229,2224,0.8294964028776978,0.0152177830945414,0.00000000;0.00000000;0.00000000;0.00000000;0.00000000;0.00000000;0.00000000;0.00000000;0.00000000;0.00000000;0.00000000;0.00000000;0.00000000;0.00000000;0.00000000;0.00269784;0.90737410;0.08723022;0.00269784;0.00000000
HK97-like,16,248,734,0.8384877384196184,0.022797275927359,0.00000000;0.00000000;0.00000000;0.00000000;0.00000000;0.00000000;0.00000000;0.00000000;0.00000000;0.00000000;0.00000000;0.00000000;0.00000000;0.00000000;0.00000000;0.00272480;0.72752044;0.26702997;0.00272480;0.00000000
HK97-like,16,252,734,0.8499318801089918,0.0255390547218122,0.00000000;0.00000000;0.00000000;0.00000000;0.00000000;0.00000000;0.00000000;0.00000000;0.00000000;0.00000000;0.00000000;0.00000000;0.00000000;0.00000000;0.00000000;0.00272480;0.49863760;0.49591281;0.00272480;0.00000000
HK97-like,16,259,2209,0.8692507922136713,0.017441424456137,0.00000000;0.00000000;0.00000000;0.00000000;0.00000000;0.00000000;0.00000000;0.00000000;0.00000000;0.00000000;0.00000000;0.00000000;0.00000000;0.00000000;0.00000000;0.00271616;0.11453146;0.88003622;0.00045269;0.00226347
HK97-like,16,297,1099,0.9243630573248408,0.0070455517834964,0.00000000;0.00000000;0.00000000;0.00000000;0.00000000;0.00000000;0.00000000;0.00000000;0.00000000;0.00000000;0.00000000;0.00000000;0.00000000;0.00000000;0.00000000;0.00000000;0.00272975;0.00818926;0.98817106;0.00090992
HK97-like,16,301,366,0.9248633879781422,0.0026099690129156,0.00000000;0.00000000;0.00000000;0.00000000;0.00000000;0.00000000;0.00000000;0.00000000;0.00000000;0.00000000;0.00000000;0.00000000;0.00000000;0.00000000;0.00000000;0.00000000;0.00000000;0.00273224;0.99726776;0.00000000
HK97-like,16,302,1098,0.9248178506375228,0.0036916153368872,0.00000000;0.00000000;0.00000000;0.00000000;0.00000000;0.00000000;0.00000000;0.00000000;0.00000000;0.00000000;0.00000000;0.00000000;0.00000000;0.00000000;0.00000000;0.00000000;0.00091075;0.00182149;0.99726776;0.00000000
HK97-like,16,313,1830,0.9248633879781422,0.0026099690129156,0.00000000;0.00000000;0.00000000;0.00000000;0.00000000;0.00000000;0.00000000;0.00000000;0.00000000;0.00000000;0.00000000;0.00000000;0.00000000;0.00000000;0.00000000;0.00000000;0.00000000;0.00273224;0.99726776;0.00000000
HK97-like,16,321,1098,0.9253642987249544,0.0056341303563648,0.00000000;0.00000000;0.00000000;0.00000000;0.00000000;0.00000000;0.00000000;0.00000000;0.00000000;0.00000000;0.00000000;0.00000000;0.00000000;0.00000000;0.00000000;0.00000000;0.00000000;0.00273224;0.98724954;0.01001821
HK97-like,16,340,13231,0.0558291134456957,0.0397110002656462,0.52581060;0.36081929;0.09288791;0.01556950;0.00400574;0.00060464;0.00000000;0.00000000;0.00000000;0.00000000;0.00000000;0.00000000;0.00000000;0.00000000;0.00030232;0.00000000;0.00000000;0.00000000;0.00000000;0.00000000
HK97-like,17,10,392,0.0257653061224489,0.0071017402587117,0.98724490;0.01020408;0.00255102;0.00000000;0.00000000;0.00000000;0.00000000;0.00000000;0.00000000;0.00000000;0.00000000;0.00000000;0.00000000;0.00000000;0.00000000;0.00000000;0.00000000;0.00000000;0.00000000;0.00000000
HK97-like,17,91,1131,0.3254420866489832,0.0462069591510158,0.00000000;0.00000000;0.00000000;0.00265252;0.02033599;0.14412025;0.73916888;0.04597701;0.01061008;0.02210433;0.00972591;0.00265252;0.00265252;0.00000000;0.00000000;0.00000000;0.00000000;0.00000000;0.00000000;0.00000000
HK97-like,17,98,5321,0.35051212178162,0.0486507087490262,0.00000000;0.00000000;0.00000000;0.00131554;0.00826912;0.05186995;0.49614734;0.37887615;0.02255215;0.01390716;0.02104868;0.00338282;0.00263108;0.00000000;0.00000000;0.00000000;0.00000000;0.00000000;0.00000000;0.00000000
HK97-like,17,105,754,0.3823607427055703,0.0462327160045417,0.00000000;0.00000000;0.00000000;0.00000000;0.00530504;0.01856764;0.09416446;0.69496021;0.13395225;0.01591512;0.02387268;0.00928382;0.00397878;0.00000000;0.00000000;0.00000000;0.00000000;0.00000000;0.00000000;0.00000000
HK97-like,17,109,1131,0.377210433244916,0.0460122798825393,0.00000000;0.00000000;0.00000000;0.00000000;0.00530504;0.02210433;0.13085765;0.70733864;0.08664898;0.01061008;0.02475685;0.00884173;0.00353669;0.00000000;0.00000000;0.00000000;0.00000000;0.00000000;0.00000000;0.00000000
HK97-like,17,111,754,0.3858753315649867,0.0472846546903659,0.00000000;0.00000000;0.00000000;0.00000000;0.00397878;0.01989390;0.07957560;0.65915119;0.18435013;0.01591512;0.02254642;0.00928382;0.00397878;0.00132626;0.00000000;0.00000000;0.00000000;0.00000000;0.00000000;0.00000000
HK97-like,17,114,754,0.3987400530503979,0.0481770201006629,0.00000000;0.00000000;0.00000000;0.00000000;0.00265252;0.01458886;0.04641910;0.50397878;0.37400531;0.01989390;0.01724138;0.01591512;0.00265252;0.00265252;0.00000000;0.00000000;0.00000000;0.00000000;0.00000000;0.00000000
HK97-like,17,115,754,0.4050397877984085,0.0484795180351505,0.00000000;0.00000000;0.00000000;0.00000000;0.00265252;0.01193634;0.03978780;0.41379310;0.46551724;0.02519894;0.01591512;0.01989390;0.00265252;0.00265252;0.00000000;0.00000000;0.00000000;0.00000000;0.00000000;0.00000000
HK97-like,17,118,755,0.3958609271523178,0.051067289686859,0.00132450;0.00000000;0.00000000;0.00000000;0.00397351;0.01456954;0.06357616;0.51390728;0.34172185;0.02119205;0.01854305;0.01589404;0.00397351;0.00132450;0.00000000;0.00000000;0.00000000;0.00000000;0.00000000;0.00000000
HK97-like,17,119,377,0.415053050397878,0.0470678425364908,0.00000000;0.00000000;0.00000000;0.00000000;0.00265252;0.00530504;0.04244032;0.24668435;0.62599469;0.03183024;0.01591512;0.02387268;0.00265252;0.00265252;0.00000000;0.00000000;0.00000000;0.00000000;0.00000000;0.00000000
HK97-like,17,121,757,0.4189894319682959,0.051913859088526,0.00396301;0.00000000;0.00000000;0.00000000;0.00132100;0.00528402;0.03698811;0.17173052;0.68824306;0.04623514;0.01453104;0.02642008;0.00264201;0.00264201;0.00000000;0.00000000;0.00000000;0.00000000;0.00000000;0.00000000
HK97-like,17,123,378,0.4169312169312169,0.0500764022523607,0.00264550;0.00000000;0.00000000;0.00000000;0.00264550;0.00529101;0.03968254;0.19312169;0.67989418;0.03174603;0.01587302;0.02380952;0.00264550;0.00264550;0.00000000;0.00000000;0.00000000;0.00000000;0.00000000;0.00000000
HK97-like,17,125,377,0.4269893899204244,0.0449287073800555,0.00000000;0.00000000;0.00000000;0.00000000;0.00000000;0.00530504;0.02387268;0.12201592;0.72148541;0.07692308;0.01326260;0.02917772;0.00530504;0.00265252;0.00000000;0.00000000;0.00000000;0.00000000;0.00000000;0.00000000
HK97-like,17,128,378,0.4195767195767195,0.0496384354390497,0.00264550;0.00000000;0.00000000;0.00000000;0.00000000;0.00793651;0.03703704;0.16402116;0.69841270;0.04497354;0.01322751;0.02645503;0.00264550;0.00264550;0.00000000;0.00000000;0.00000000;0.00000000;0.00000000;0.00000000
HK97-like,17,129,378,0.4211640211640211,0.0492520198250397,0.00264550;0.00000000;0.00000000;0.00000000;0.00000000;0.00529101;0.03439153;0.15608466;0.70370370;0.05291005;0.01058201;0.02910053;0.00264550;0.00264550;0.00000000;0.00000000;0.00000000;0.00000000;0.00000000;0.00000000
HK97-like,17,160,1891,0.5916049709148599,0.0500322683462553,0.00000000;0.00000000;0.00000000;0.00000000;0.00000000;0.00000000;0.00264410;0.00000000;0.00528821;0.03490217;0.07985193;0.45584347;0.35959810;0.04442094;0.01216288;0.00264410;0.00052882;0.00211528;0.00000000;0.00000000
HK97-like,17,163,2361,0.5953939008894535,0.0496942522742298,0.00000000;0.00000000;0.00000000;0.00000000;0.00000000;0.00000000;0.00169420;0.00084710;0.00508259;0.03261330;0.06903854;0.41380771;0.41507836;0.04235493;0.01397713;0.00254130;0.00042355;0.00254130;0.00000000;0.00000000
HK97-like,17,166,3302,0.6240308903694729,0.0490426174981181,0.00000000;0.00000000;0.00000000;0.00000000;0.00000000;0.00000000;0.00000000;0.00211993;0.00423985;0.01393095;0.02998183;0.15414900;0.58873410;0.16565718;0.03391884;0.00333131;0.00121139;0.00060569;0.00211993;0.00000000
HK97-like,17,169,284,0.6008802816901408,0.0528177816828053,0.00000000;0.00000000;0.00000000;0.00000000;0.00000000;0.00000000;0.00000000;0.00352113;0.00704225;0.03521127;0.04225352;0.40492958;0.39436620;0.07042254;0.03873239;0.00352113;0.00000000;0.00000000;0.00000000;0.00000000
HK97-like,17,171,754,0.6407161803713528,0.0494165328303739,0.00000000;0.00000000;0.00000000;0.00000000;0.00000000;0.00000000;0.00000000;0.00000000;0.00530504;0.00530504;0.03448276;0.07294430;0.46816976;0.35543767;0.04774536;0.00530504;0.00265252;0.00000000;0.00265252;0.00000000
HK97-like,17,172,754,0.6462201591511937,0.0487982564476991,0.00000000;0.00000000;0.00000000;0.00000000;0.00000000;0.00000000;0.00000000;0.00000000;0.00397878;0.00663130;0.03315650;0.05437666;0.40185676;0.44031830;0.04907162;0.00530504;0.00265252;0.00000000;0.00265252;0.00000000
HK97-like,17,173,377,0.6496684350132628,0.0486034010658055,0.00000000;0.00000000;0.00000000;0.00000000;0.00000000;0.00000000;0.00000000;0.00000000;0.00265252;0.00795756;0.03183024;0.04509284;0.36604775;0.48010610;0.05305040;0.00795756;0.00265252;0.00000000;0.00265252;0.00000000
HK97-like,17,175,377,0.651923076923077,0.0492444443871528,0.00000000;0.00000000;0.00000000;0.00000000;0.00000000;0.00000000;0.00000000;0.00000000;0.00265252;0.00795756;0.03183024;0.03713528;0.34217507;0.51193634;0.05039788;0.01061008;0.00265252;0.00000000;0.00000000;0.00265252
HK97-like,17,178,754,0.6544429708222812,0.0481950893927181,0.00000000;0.00000000;0.00000000;0.00000000;0.00000000;0.00000000;0.00000000;0.00000000;0.00265252;0.00663130;0.03050398;0.03183024;0.31167109;0.55039788;0.05039788;0.01061008;0.00265252;0.00000000;0.00000000;0.00265252
HK97-like,17,179,754,0.6617374005305041,0.0478638376714402,0.00000000;0.00000000;0.00000000;0.00000000;0.00000000;0.00000000;0.00000000;0.00000000;0.00265252;0.00530504;0.03050398;0.02254642;0.21750663;0.63395225;0.06498674;0.01724138;0.00265252;0.00000000;0.00000000;0.00265252
HK97-like,17,180,753,0.6674966799468791,0.0471654182871766,0.00000000;0.00000000;0.00000000;0.00000000;0.00000000;0.00000000;0.00000000;0.00000000;0.00000000;0.00796813;0.02921647;0.01992032;0.14608234;0.68260292;0.08632138;0.02257636;0.00265604;0.00000000;0.00000000;0.00265604
HK97-like,17,185,754,0.690318302387268,0.0483216127544091,0.00000000;0.00000000;0.00000000;0.00000000;0.00000000;0.00000000;0.00000000;0.00000000;0.00000000;0.00663130;0.01326260;0.02519894;0.06896552;0.44827586;0.39124668;0.04244032;0.00265252;0.00000000;0.00000000;0.00132626
HK97-like,17,189,1133,0.684532215357458,0.0499077001041983,0.00000000;0.00000000;0.00000000;0.00000000;0.00000000;0.00000000;0.00000000;0.00000000;0.00000000;0.00794351;0.01941748;0.02030009;0.07943513;0.52780229;0.30273610;0.03706973;0.00264784;0.00000000;0.00000000;0.00264784
HK97-like,17,209,1883,0.7608736059479555,0.043108367432008,0.00000000;0.00000000;0.00000000;0.00000000;0.00000000;0.00000000;0.00000000;0.00000000;0.00000000;0.00000000;0.00371747;0.01327669;0.02336697;0.00743494;0.19702602;0.68879448;0.06160382;0.00477961;0.00000000;0.00000000
HK97-like,17,213,377,0.7738063660477453,0.0433039612844103,0.00000000;0.00000000;0.00000000;0.00000000;0.00000000;0.00000000;0.00000000;0.00000000;0.00000000;0.00000000;0.00265252;0.00530504;0.03183024;0.00795756;0.07427056;0.68700265;0.18567639;0.00530504;0.00000000;0.00000000
HK97-like,17,216,755,0.7738741721854305,0.0437715781618426,0.00000000;0.00000000;0.00000000;0.00000000;0.00000000;0.00000000;0.00000000;0.00000000;0.00000000;0.00000000;0.00264901;0.00662252;0.03178808;0.00794702;0.06887417;0.69006623;0.18675497;0.00529801;0.00000000;0.00000000
HK97-like,17,224,1132,0.7847173144876326,0.0462183856292404,0.00000000;0.00000000;0.00000000;0.00000000;0.00000000;0.00000000;0.00000000;0.00000000;0.00000000;0.00000000;0.00176678;0.00618375;0.03180212;0.00883392;0.03003534;0.56360424;0.34452297;0.01325088;0.00000000;0.00000000
HK97-like,17,229,2836,0.7974612129760226,0.0425277671402614,0.00000000;0.00000000;0.00000000;0.00000000;0.00000000;0.00000000;0.00000000;0.00000000;0.00000000;0.00035261;0.00000000;0.00528914;0.01622003;0.00846262;0.01798307;0.43265162;0.48201693;0.03702398;0.00000000;0.00000000
HK97-like,17,248,760,0.8226315789473684,0.0309017296847106,0.00000000;0.00000000;0.00000000;0.00000000;0.00000000;0.00000000;0.00000000;0.00000000;0.00000000;0.00000000;0.00000000;0.00526316;0.00263158;0.00000000;0.00789474;0.08552632;0.80921053;0.08815789;0.00131579;0.00000000
HK97-like,17,252,760,0.8249342105263158,0.0302945346496672,0.00000000;0.00000000;0.00000000;0.00000000;0.00000000;0.00000000;0.00000000;0.00000000;0.00000000;0.00000000;0.00000000;0.00526316;0.00263158;0.00000000;0.00657895;0.05657895;0.82631579;0.10000000;0.00263158;0.00000000
HK97-like,17,259,1138,0.8272847100175746,0.029030311925721,0.00000000;0.00000000;0.00000000;0.00000000;0.00000000;0.00000000;0.00000000;0.00000000;0.00000000;0.00000000;0.00000000;0.00439367;0.00263620;0.00000000;0.00527241;0.03514938;0.83216169;0.11687170;0.00351494;0.00000000
HK97-like,17,297,378,0.9136243386243388,0.0257729533021941,0.00000000;0.00000000;0.00000000;0.00000000;0.00000000;0.00000000;0.00000000;0.00000000;0.00000000;0.00000000;0.00000000;0.00000000;0.00000000;0.00264550;0.00000000;0.00264550;0.00793651;0.19312169;0.79100529;0.00264550
HK97-like,17,301,376,0.9174202127659576,0.019357884092805,0.00000000;0.00000000;0.00000000;0.00000000;0.00000000;0.00000000;0.00000000;0.00000000;0.00000000;0.00000000;0.00000000;0.00000000;0.00000000;0.00000000;0.00000000;0.00000000;0.00797872;0.13829787;0.85106383;0.00265957
HK97-like,17,302,1128,0.9189716312056738,0.0179638894137957,0.00000000;0.00000000;0.00000000;0.00000000;0.00000000;0.00000000;0.00000000;0.00000000;0.00000000;0.00000000;0.00000000;0.00000000;0.00000000;0.00000000;0.00000000;0.00000000;0.00620567;0.11347518;0.87500000;0.00531915
HK97-like,17,313,376,0.9211436170212766,0.0156344753976496,0.00000000;0.00000000;0.00000000;0.00000000;0.00000000;0.00000000;0.00000000;0.00000000;0.00000000;0.00000000;0.00000000;0.00000000;0.00000000;0.00000000;0.00000000;0.00000000;0.00531915;0.07446809;0.91223404;0.00797872
HK97-like,17,340,1365,0.0984432234432234,0.1163385764002645,0.45567766;0.17289377;0.17509158;0.11135531;0.01391941;0.01758242;0.01172161;0.02124542;0.01245421;0.00000000;0.00000000;0.00000000;0.00000000;0.00000000;0.00000000;0.00000000;0.00000000;0.00000000;0.00366300;0.00439560
HK97-like,18,10,872,0.0251146788990825,0.0023918180750704,0.99770642;0.00229358;0.00000000;0.00000000;0.00000000;0.00000000;0.00000000;0.00000000;0.00000000;0.00000000;0.00000000;0.00000000;0.00000000;0.00000000;0.00000000;0.00000000;0.00000000;0.00000000;0.00000000;0.00000000
HK97-like,18,91,2598,0.3653964588144726,0.0638388670172055,0.00269438;0.00115473;0.00000000;0.00230947;0.00346420;0.12933025;0.23287144;0.36797537;0.20284834;0.04849885;0.00423403;0.00115473;0.00000000;0.00000000;0.00000000;0.00346420;0.00000000;0.00000000;0.00000000;0.00000000
HK97-like,18,98,13521,0.3923544856149692,0.0640336505712151,0.00081355;0.00155314;0.00066563;0.00022188;0.00318024;0.04200873;0.19310702;0.28614747;0.33562606;0.11485837;0.01693662;0.00147918;0.00007396;0.00000000;0.00000000;0.00051771;0.00170106;0.00110939;0.00000000;0.00000000
HK97-like,18,105,1733,0.4245672244662435,0.0666015159462712,0.00577034;0.00000000;0.00173110;0.00057703;0.00000000;0.00403924;0.06462781;0.23254472;0.35487594;0.27351414;0.05481823;0.00461627;0.00000000;0.00000000;0.00000000;0.00000000;0.00000000;0.00115407;0.00173110;0.00000000
HK97-like,18,109,2606,0.4194167306216423,0.065105921815655,0.00422103;0.00076746;0.00115119;0.00038373;0.00000000;0.00575595;0.08403684;0.24059862;0.37835764;0.23369148;0.04451266;0.00345357;0.00000000;0.00000000;0.00000000;0.00000000;0.00000000;0.00153492;0.00153492;0.00000000
HK97-like,18,111,1743,0.4272662076878945,0.0677629955680037,0.00573723;0.00057372;0.00172117;0.00057372;0.00000000;0.00401606;0.05909352;0.22145726;0.34595525;0.29087780;0.06138841;0.00516351;0.00000000;0.00057372;0.00000000;0.00000000;0.00000000;0.00057372;0.00229489;0.00000000
HK97-like,18,114,1745,0.4365186246418338,0.0725644684997609,0.00687679;0.00229226;0.00114613;0.00114613;0.00000000;0.00229226;0.04183381;0.18681948;0.30716332;0.34957020;0.08767908;0.00859599;0.00000000;0.00114613;0.00000000;0.00000000;0.00000000;0.00000000;0.00286533;0.00057307
HK97-like,18,115,1751,0.4444460308395202,0.0718538185829669,0.00513992;0.00399772;0.00114220;0.00114220;0.00000000;0.00171331;0.01770417;0.17018846;0.29240434;0.37692747;0.11364934;0.01142204;0.00000000;0.00114220;0.00000000;0.00000000;0.00000000;0.00000000;0.00057110;0.00285551
HK97-like,18,118,1739,0.4372484186313974,0.0684550140565552,0.00402530;0.00287522;0.00172513;0.00057504;0.00000000;0.00230017;0.03622772;0.18573893;0.32892467;0.33352501;0.09200690;0.00920069;0.00000000;0.00000000;0.00000000;0.00000000;0.00000000;0.00000000;0.00115009;0.00172513
HK97-like,18,119,871,0.4516360505166475,0.071574418555234,0.00459242;0.00574053;0.00000000;0.00229621;0.00000000;0.00000000;0.00918485;0.13318025;0.27784156;0.40987371;0.13777268;0.01492537;0.00114811;0.00000000;0.00000000;0.00000000;0.00000000;0.00000000;0.00000000;0.00344432
HK97-like,18,121,1752,0.4576769406392694,0.0694759622551539,0.00399543;0.00570776;0.00171233;0.00171233;0.00057078;0.00000000;0.00513699;0.09817352;0.26940639;0.41438356;0.17694064;0.01826484;0.00171233;0.00000000;0.00000000;0.00000000;0.00000000;0.00000000;0.00000000;0.00228311
HK97-like,18,123,877,0.4561858608893956,0.0727734234249294,0.00570125;0.00456100;0.00114025;0.00228050;0.00000000;0.00000000;0.00570125;0.11174458;0.26681870;0.41505131;0.16419612;0.01710376;0.00114025;0.00114025;0.00000000;0.00000000;0.00000000;0.00000000;0.00000000;0.00342075
HK97-like,18,125,874,0.465274599542334,0.0623466915704628,0.00114416;0.00572082;0.00228833;0.00228833;0.00114416;0.00000000;0.00457666;0.06521739;0.25057208;0.40617849;0.23226545;0.02631579;0.00228833;0.00000000;0.00000000;0.00000000;0.00000000;0.00000000;0.00000000;0.00000000
HK97-like,18,128,875,0.4575714285714285,0.0721246087245779,0.00571429;0.00457143;0.00114286;0.00228571;0.00000000;0.00000000;0.00457143;0.09942857;0.27200000;0.41600000;0.17142857;0.01828571;0.00114286;0.00000000;0.00000000;0.00000000;0.00000000;0.00000000;0.00000000;0.00342857
HK97-like,18,129,872,0.4610665137614678,0.0680091074429417,0.00114679;0.00573394;0.00229358;0.00114679;0.00114679;0.00000000;0.00458716;0.09059633;0.26261468;0.41972477;0.18692661;0.01949541;0.00114679;0.00000000;0.00000000;0.00000000;0.00000000;0.00000000;0.00000000;0.00344037
HK97-like,18,160,4383,0.6001768195300022,0.0586256739617613,0.00000000;0.00000000;0.00022815;0.00182523;0.00250970;0.00296601;0.00319416;0.00296601;0.00205339;0.01049509;0.08943646;0.31713438;0.44284736;0.11727128;0.00616016;0.00045631;0.00045631;0.00000000;0.00000000;0.00000000
HK97-like,18,163,5232,0.6032683486238533,0.0584736918394428,0.00000000;0.00000000;0.00019113;0.00133792;0.00248471;0.00344037;0.00286697;0.00286697;0.00229358;0.00783639;0.08409786;0.30122324;0.44418960;0.13914373;0.00707187;0.00038226;0.00038226;0.00019113;0.00000000;0.00000000
HK97-like,18,166,8468,0.6360474728389232,0.0559877265254009,0.00000000;0.00000000;0.00000000;0.00000000;0.00106282;0.00259802;0.00377893;0.00401512;0.00247992;0.00283420;0.02834199;0.11820973;0.39324516;0.40529051;0.03755314;0.00000000;0.00000000;0.00023618;0.00035427;0.00000000
HK97-like,18,169,878,0.6184510250569477,0.0562175585424242,0.00000000;0.00000000;0.00000000;0.00000000;0.00227790;0.00227790;0.00455581;0.00227790;0.00341686;0.00227790;0.04783599;0.22551253;0.43963554;0.25626424;0.01366743;0.00000000;0.00000000;0.00000000;0.00000000;0.00000000
HK97-like,18,171,1747,0.6507870635374927,0.0505028678485191,0.00000000;0.00000000;0.00000000;0.00000000;0.00000000;0.00114482;0.00228964;0.00400687;0.00400687;0.00228964;0.00457928;0.08070979;0.32741843;0.47681740;0.09673726;0.00000000;0.00000000;0.00000000;0.00000000;0.00000000
HK97-like,18,172,1751,0.6558966304968589,0.0511629031202672,0.00000000;0.00000000;0.00000000;0.00000000;0.00000000;0.00114220;0.00114220;0.00399772;0.00513992;0.00228441;0.00685323;0.06796117;0.28498001;0.49171902;0.13420902;0.00057110;0.00000000;0.00000000;0.00000000;0.00000000
HK97-like,18,173,873,0.661426116838488,0.0516802385958527,0.00000000;0.00000000;0.00000000;0.00000000;0.00000000;0.00114548;0.00114548;0.00343643;0.00458190;0.00343643;0.00343643;0.06071019;0.25200458;0.48682703;0.17983963;0.00343643;0.00000000;0.00000000;0.00000000;0.00000000
HK97-like,18,175,874,0.6643020594965675,0.0525926691811103,0.00000000;0.00000000;0.00000000;0.00000000;0.00000000;0.00114416;0.00114416;0.00343249;0.00457666;0.00343249;0.00343249;0.05606407;0.23913043;0.47254005;0.20823799;0.00686499;0.00000000;0.00000000;0.00000000;0.00000000
HK97-like,18,178,1745,0.6688968481375358,0.0522968243879934,0.00000000;0.00000000;0.00000000;0.00000000;0.00000000;0.00000000;0.00171920;0.00401146;0.00458453;0.00343840;0.00229226;0.04928367;0.21088825;0.46418338;0.25214900;0.00744986;0.00000000;0.00000000;0.00000000;0.00000000
HK97-like,18,179,1745,0.6765472779369629,0.052369758490356,0.00000000;0.00000000;0.00000000;0.00000000;0.00000000;0.00000000;0.00114613;0.00343840;0.00573066;0.00286533;0.00229226;0.04355301;0.15931232;0.43954155;0.33123209;0.01088825;0.00000000;0.00000000;0.00000000;0.00000000
HK97-like,18,180,1744,0.6832282110091743,0.0496225730348364,0.00000000;0.00000000;0.00000000;0.00000000;0.00000000;0.00000000;0.00114679;0.00172018;0.00401376;0.00458716;0.00286697;0.03727064;0.10665138;0.44438073;0.38360092;0.01376147;0.00000000;0.00000000;0.00000000;0.00000000
HK97-like,18,185,1747,0.7004149971379506,0.0465253722353107,0.00000000;0.00000000;0.00000000;0.00000000;0.00000000;0.00000000;0.00000000;0.00114482;0.00343446;0.00572410;0.00343446;0.00400687;0.07155123;0.33657699;0.50314825;0.07097882;0.00000000;0.00000000;0.00000000;0.00000000
HK97-like,18,189,2622,0.6945842868039664,0.0464278796235329,0.00000000;0.00000000;0.00000000;0.00000000;0.00000000;0.00000000;0.00000000;0.00190694;0.00381388;0.00457666;0.00343249;0.00762777;0.08276125;0.38977879;0.46338673;0.04271548;0.00000000;0.00000000;0.00000000;0.00000000
HK97-like,18,209,10010,0.7562037962037962,0.0391161009843543,0.00000000;0.00000000;0.00000000;0.00000000;0.00000000;0.00000000;0.00000000;0.00000000;0.00000000;0.00099900;0.00259740;0.00429570;0.00599401;0.04515485;0.29030969;0.59180819;0.05884116;0.00000000;0.00000000;0.00000000
HK97-like,18,213,873,0.7782073310423825,0.035593792544153,0.00000000;0.00000000;0.00000000;0.00000000;0.00000000;0.00000000;0.00000000;0.00000000;0.00000000;0.00000000;0.00114548;0.00458190;0.00458190;0.01030928;0.10194731;0.65292096;0.22451317;0.00000000;0.00000000;0.00000000
HK97-like,18,216,1746,0.7787227949599083,0.0357844654614584,0.00000000;0.00000000;0.00000000;0.00000000;0.00000000;0.00000000;0.00000000;0.00000000;0.00000000;0.00000000;0.00114548;0.00400916;0.00630011;0.00859107;0.10080183;0.64604811;0.23310424;0.00000000;0.00000000;0.00000000
HK97-like,18,224,2628,0.7878424657534246,0.0376440246977143,0.00000000;0.00000000;0.00000000;0.00000000;0.00000000;0.00000000;0.00000000;0.00000000;0.00000000;0.00000000;0.00076104;0.00304414;0.00570776;0.00799087;0.08447489;0.51103501;0.38356164;0.00342466;0.00000000;0.00000000
HK97-like,18,229,8372,0.8073399426660295,0.0344856072846523,0.00000000;0.00000000;0.00000000;0.00000000;0.00000000;0.00000000;0.00000000;0.00000000;0.00000000;0.00000000;0.00000000;0.00107501;0.00465839;0.00716675;0.04132824;0.24713330;0.67654085;0.02209747;0.00000000;0.00000000
HK97-like,18,248,1741,0.8232481332567491,0.027190446746517,0.00000000;0.00000000;0.00000000;0.00000000;0.00000000;0.00000000;0.00000000;0.00000000;0.00000000;0.00000000;0.00000000;0.00000000;0.00172315;0.00689259;0.00919012;0.07983917;0.81160253;0.09075244;0.00000000;0.00000000
HK97-like,18,252,1744,0.8262901376146788,0.028480207902733,0.00000000;0.00000000;0.00000000;0.00000000;0.00000000;0.00000000;0.00000000;0.00000000;0.00000000;0.00000000;0.00000000;0.00000000;0.00114679;0.00630734;0.00974771;0.06938073;0.77694954;0.13474771;0.00172018;0.00000000
HK97-like,18,259,2622,0.8333524027459954,0.0315931080687818,0.00000000;0.00000000;0.00000000;0.00000000;0.00000000;0.00000000;0.00000000;0.00000000;0.00000000;0.00000000;0.00000000;0.00000000;0.00114416;0.00533944;0.00915332;0.05682685;0.66704805;0.25819985;0.00228833;0.00000000
HK97-like,18,297,874,0.9218535469107552,0.0148927229478552,0.00000000;0.00000000;0.00000000;0.00000000;0.00000000;0.00000000;0.00000000;0.00000000;0.00000000;0.00000000;0.00000000;0.00000000;0.00000000;0.00000000;0.00000000;0.00228833;0.00457666;0.05034325;0.93935927;0.00343249
HK97-like,18,301,877,0.9227194982896236,0.0128777692255759,0.00000000;0.00000000;0.00000000;0.00000000;0.00000000;0.00000000;0.00000000;0.00000000;0.00000000;0.00000000;0.00000000;0.00000000;0.00000000;0.00000000;0.00000000;0.00228050;0.00114025;0.03990878;0.95324971;0.00342075
HK97-like,18,302,2621,0.9229587943533004,0.0128320758588415,0.00000000;0.00000000;0.00000000;0.00000000;0.00000000;0.00000000;0.00000000;0.00000000;0.00000000;0.00000000;0.00000000;0.00000000;0.00000000;0.00000000;0.00000000;0.00190767;0.00152614;0.03815338;0.95230828;0.00610454
HK97-like,18,313,870,0.9232183908045978,0.0119740382834192,0.00000000;0.00000000;0.00000000;0.00000000;0.00000000;0.00000000;0.00000000;0.00000000;0.00000000;0.00000000;0.00000000;0.00000000;0.00000000;0.00000000;0.00000000;0.00229885;0.00000000;0.03333333;0.95977011;0.00459770
HK97-like,18,340,933,0.0394158628081457,0.0878686943340851,0.92711683;0.02893891;0.01929260;0.00535906;0.00750268;0.00214362;0.00000000;0.00000000;0.00000000;0.00000000;0.00000000;0.00107181;0.00000000;0.00000000;0.00000000;0.00000000;0.00214362;0.00107181;0.00214362;0.00321543
HK97-like,20,10,368,0.0335597826086956,0.0541870924783484,0.91847826;0.04619565;0.02717391;0.00271739;0.00271739;0.00000000;0.00000000;0.00000000;0.00000000;0.00000000;0.00000000;0.00000000;0.00000000;0.00000000;0.00000000;0.00000000;0.00000000;0.00000000;0.00000000;0.00271739
HK97-like,20,340,4334,0.4862251961236732,0.2912215073805541,0.05514536;0.04130134;0.06368251;0.06506691;0.05699123;0.05468389;0.04730042;0.04107060;0.04245501;0.04522381;0.04799262;0.05168436;0.04568528;0.05214582;0.05099216;0.04891555;0.04660821;0.04637748;0.05191509;0.04476234
HK97-like,20,341,5436,0.5248528329654157,0.2768724740071415,0.02281089;0.03421634;0.04396615;0.05463576;0.05426784;0.05206034;0.05647535;0.05426784;0.05003679;0.04727741;0.05298013;0.05150846;0.05610743;0.05353201;0.05371597;0.05371597;0.04746137;0.05077263;0.05040471;0.05978661
HK97-like,20,344,12408,0.5399218246292714,0.2590161299817814,0.01410380;0.01966473;0.03127015;0.04642166;0.05262734;0.06020309;0.06294326;0.06302386;0.05544810;0.04892005;0.04964539;0.04432624;0.05141844;0.05834945;0.06826241;0.07140554;0.07172792;0.04771115;0.05037073;0.03215667
HK97-like,20,346,25634,0.5352520090504799,0.2836972907285121,0.03308106;0.03670906;0.04178045;0.04677382;0.04884138;0.04743700;0.04884138;0.04829523;0.05161114;0.05063587;0.05289849;0.05153312;0.05231333;0.05168916;0.05129906;0.04993368;0.05086994;0.06081766;0.06655224;0.05808692
HK97-like,20,347,3390,0.5439233038348081,0.2543825714210233,0.01740413;0.01858407;0.03185841;0.04631268;0.05280236;0.05162242;0.04778761;0.04867257;0.04778761;0.05103245;0.05840708;0.06666667;0.08171091;0.07404130;0.06548673;0.05575221;0.04749263;0.05280236;0.04395280;0.03982301
HK97-like,20,355,1311,0.7291952707856597,0.2784353773358511,0.00305111;0.01906941;0.01220442;0.00991609;0.01678108;0.03051106;0.04195271;0.04118993;0.04042715;0.04195271;0.03737605;0.03890160;0.04347826;0.02212052;0.01372998;0.02517162;0.06483600;0.03890160;0.03966438;0.41876430
HK97-like,20,362,4460,0.524854260089686,0.2433060803083956,0.01659193;0.02062780;0.03295964;0.03677130;0.03968610;0.05246637;0.05762332;0.05717489;0.07130045;0.07982063;0.08071749;0.08228700;0.06816143;0.04865471;0.04461883;0.04103139;0.04641256;0.05022422;0.03946188;0.03340807
HK97-like,20,363,5419,0.5248708248754382,0.263810253230994,0.01900720;0.02546595;0.03819893;0.04484222;0.05499170;0.06163499;0.06052777;0.05886695;0.05554530;0.05572984;0.05646798;0.05591438;0.05554530;0.05609891;0.05351541;0.05130098;0.05462262;0.05314634;0.04299686;0.04558037
HK97-like,21,10,1411,0.0992735648476257,0.0742604950332677,0.38199858;0.16938342;0.17859674;0.14883062;0.09425939;0.02622254;0.00070872;0.00000000;0.00000000;0.00000000;0.00000000;0.00000000;0.00000000;0.00000000;0.00000000;0.00000000;0.00000000;0.00000000;0.00000000;0.00000000
HK97-like,21,104,626,0.5695686900958465,0.0518281373850317,0.00000000;0.00000000;0.00000000;0.00000000;0.00159744;0.00638978;0.00479233;0.00319489;0.00479233;0.04153355;0.14536741;0.58466454;0.19808307;0.00638978;0.00319489;0.00000000;0.00000000;0.00000000;0.00000000;0.00000000
HK97-like,21,340,457,0.0559628008752735,0.053629255863721,0.68490153;0.11159737;0.14223195;0.03501094;0.01312910;0.01312910;0.00000000;0.00000000;0.00000000;0.00000000;0.00000000;0.00000000;0.00000000;0.00000000;0.00000000;0.00000000;0.00000000;0.00000000;0.00000000;0.00000000
HK97-like,21,344,3839,0.583022922636103,0.2898935383995941,0.04714769;0.04428237;0.06564209;0.07371711;0.02422506;0.00885647;0.00312581;0.00052097;0.00260485;0.00651211;0.02839281;0.09533733;0.02891378;0.00494921;0.01510810;0.26465225;0.27455066;0.00651211;0.00208388;0.00286533
HK97-like,21,346,3867,0.76381561934316,0.2722245872348088,0.05559866;0.03361779;0.01603310;0.00775795;0.00543057;0.00155159;0.00051720;0.00025860;0.00025860;0.00362038;0.01086113;0.04835790;0.01629170;0.00103439;0.00284458;0.04965089;0.03542798;0.38557021;0.31833463;0.00698216
HK97-like,21,355,6828,0.9711848271821908,0.0289766757406626,0.00000000;0.00014646;0.00043937;0.00029291;0.00014646;0.00000000;0.00000000;0.00000000;0.00000000;0.00000000;0.00000000;0.00000000;0.00000000;0.00000000;0.00000000;0.00000000;0.00000000;0.00000000;0.05931459;0.93966022
HK97-like,21,360,1559,0.5820558050032072,0.0515468620743725,0.00000000;0.00000000;0.00000000;0.00000000;0.00000000;0.00449006;0.00577293;0.00384862;0.00449006;0.02950609;0.09108403;0.52405388;0.30211674;0.03143040;0.00192431;0.00128287;0.00000000;0.00000000;0.00000000;0.00000000
HK97-like,21,362,9881,0.620081469486894,0.0680269443461596,0.00212529;0.00212529;0.00101204;0.00050602;0.00050602;0.00060723;0.00323854;0.00546503;0.00556624;0.00870357;0.03106973;0.17508349;0.48638802;0.25351685;0.02125291;0.00151806;0.00131566;0.00000000;0.00000000;0.00000000
HK97-like,21,363,930,0.3455913978494623,0.3322668553313879,0.18064516;0.15591398;0.11612903;0.08709677;0.08172043;0.03655914;0.00752688;0.00000000;0.00107527;0.00000000;0.00107527;0.00107527;0.00107527;0.00215054;0.00752688;0.11075269;0.20215054;0.00322581;0.00215054;0.00215054
HK97-like,22,10,435,0.0258045977011494,0.0071468007157286,0.98620690;0.01149425;0.00229885;0.00000000;0.00000000;0.00000000;0.00000000;0.00000000;0.00000000;0.00000000;0.00000000;0.00000000;0.00000000;0.00000000;0.00000000;0.00000000;0.00000000;0.00000000;0.00000000;0.00000000
HK97-like,22,91,1296,0.2791666666666667,0.0555034477852446,0.00231481;0.00231481;0.00000000;0.02546296;0.14429012;0.68441358;0.07407407;0.02083333;0.00694444;0.03395062;0.00540123;0.00000000;0.00000000;0.00000000;0.00000000;0.00000000;0.00000000;0.00000000;0.00000000;0.00000000
HK97-like,22,98,11659,0.3212989964834034,0.0580383812735518,0.00042885;0.00154387;0.00197272;0.00102925;0.04142722;0.30319925;0.45218286;0.13062870;0.02212883;0.02667467;0.01552449;0.00325928;0.00000000;0.00000000;0.00000000;0.00000000;0.00000000;0.00000000;0.00000000;0.00000000
HK97-like,22,105,862,0.3746519721577726,0.0525994317681159,0.00000000;0.00000000;0.00000000;0.00348028;0.00116009;0.04060325;0.19837587;0.59396752;0.09164733;0.02436195;0.03596288;0.01044084;0.00000000;0.00000000;0.00000000;0.00000000;0.00000000;0.00000000;0.00000000;0.00000000
HK97-like,22,109,1288,0.3690217391304348,0.0534084183882971,0.00000000;0.00000000;0.00155280;0.00310559;0.00000000;0.04503106;0.26708075;0.54425466;0.07298137;0.02251553;0.03416149;0.00931677;0.00000000;0.00000000;0.00000000;0.00000000;0.00000000;0.00000000;0.00000000;0.00000000
HK97-like,22,111,858,0.3770979020979021,0.052236950905349,0.00000000;0.00000000;0.00000000;0.00349650;0.00116550;0.03729604;0.17016317;0.61421911;0.10139860;0.02564103;0.03613054;0.00932401;0.00116550;0.00000000;0.00000000;0.00000000;0.00000000;0.00000000;0.00000000;0.00000000
HK97-like,22,114,854,0.3876463700234192,0.051991027911654,0.00000000;0.00000000;0.00000000;0.00234192;0.00234192;0.02693208;0.09718970;0.59484778;0.19789227;0.02927400;0.03747073;0.00702576;0.00468384;0.00000000;0.00000000;0.00000000;0.00000000;0.00000000;0.00000000;0.00000000
HK97-like,22,115,901,0.394589345172031,0.0509809223933116,0.00000000;0.00000000;0.00000000;0.00221976;0.00221976;0.02441731;0.06215316;0.53718091;0.28856826;0.03551609;0.03662597;0.00665927;0.00443951;0.00000000;0.00000000;0.00000000;0.00000000;0.00000000;0.00000000;0.00000000
HK97-like,22,118,849,0.3864840989399293,0.0536152373975564,0.00000000;0.00000000;0.00000000;0.00353357;0.00117786;0.03297998;0.12014134;0.55359246;0.20612485;0.03415783;0.03769140;0.00706714;0.00353357;0.00000000;0.00000000;0.00000000;0.00000000;0.00000000;0.00000000;0.00000000
HK97-like,22,119,428,0.4011682242990654,0.0513125817551562,0.00000000;0.00000000;0.00000000;0.00000000;0.00467290;0.01635514;0.05140187;0.47897196;0.34813084;0.04906542;0.03738318;0.00700935;0.00700935;0.00000000;0.00000000;0.00000000;0.00000000;0.00000000;0.00000000;0.00000000
HK97-like,22,121,864,0.410011574074074,0.0510128873997113,0.00000000;0.00000000;0.00000000;0.00000000;0.00462963;0.00694444;0.04861111;0.36342593;0.46180556;0.05439815;0.04166667;0.01157407;0.00694444;0.00000000;0.00000000;0.00000000;0.00000000;0.00000000;0.00000000;0.00000000
HK97-like,22,123,423,0.406678486997636,0.0512378284971721,0.00000000;0.00000000;0.00000000;0.00000000;0.00472813;0.00709220;0.05673759;0.39952719;0.42789598;0.04728132;0.03782506;0.01182033;0.00709220;0.00000000;0.00000000;0.00000000;0.00000000;0.00000000;0.00000000;0.00000000
HK97-like,22,125,431,0.4182714617169373,0.0504156100144608,0.00000000;0.00000000;0.00000000;0.00000000;0.00232019;0.00232019;0.04872390;0.26450116;0.53828306;0.07424594;0.04640371;0.01624130;0.00696056;0.00000000;0.00000000;0.00000000;0.00000000;0.00000000;0.00000000;0.00000000
HK97-like,22,128,436,0.4096330275229358,0.050503003916555,0.00000000;0.00000000;0.00000000;0.00000000;0.00458716;0.00688073;0.04816514;0.36009174;0.47706422;0.04587156;0.03669725;0.01376147;0.00688073;0.00000000;0.00000000;0.00000000;0.00000000;0.00000000;0.00000000;0.00000000
HK97-like,22,129,429,0.4114801864801864,0.0510172757792618,0.00000000;0.00000000;0.00000000;0.00000000;0.00466200;0.00466200;0.05128205;0.34032634;0.48251748;0.05594406;0.03962704;0.01398601;0.00699301;0.00000000;0.00000000;0.00000000;0.00000000;0.00000000;0.00000000;0.00000000
HK97-like,22,160,2165,0.5921593533487297,0.0468402524389288,0.00000000;0.00000000;0.00000000;0.00000000;0.00000000;0.00000000;0.00000000;0.00046189;0.00785219;0.02448037;0.04480370;0.56674365;0.28083141;0.05219400;0.01847575;0.00184758;0.00000000;0.00184758;0.00046189;0.00000000
HK97-like,22,163,2573,0.5960843373493975,0.0468754570338447,0.00000000;0.00000000;0.00000000;0.00000000;0.00000000;0.00000000;0.00000000;0.00000000;0.00738438;0.02370773;0.03692188;0.51535173;0.33968131;0.05207928;0.02059852;0.00194326;0.00000000;0.00155461;0.00077730;0.00000000
HK97-like,22,166,3888,0.6238811728395062,0.0434425058232682,0.00000000;0.00000000;0.00000000;0.00000000;0.00000000;0.00000000;0.00000000;0.00000000;0.00205761;0.01877572;0.00977366;0.14171811;0.68158436;0.10262346;0.03600823;0.00540123;0.00000000;0.00000000;0.00180041;0.00025720
HK97-like,22,169,433,0.6139145496535796,0.0457624612526589,0.00000000;0.00000000;0.00000000;0.00000000;0.00000000;0.00000000;0.00000000;0.00000000;0.00461894;0.02309469;0.00692841;0.27020785;0.59584296;0.06235566;0.03002309;0.00461894;0.00000000;0.00000000;0.00230947;0.00000000
HK97-like,22,171,863,0.6414542294322133,0.0451770040414688,0.00000000;0.00000000;0.00000000;0.00000000;0.00000000;0.00000000;0.00000000;0.00000000;0.00000000;0.01158749;0.02085747;0.02896871;0.59559676;0.27346466;0.05677868;0.01042874;0.00000000;0.00000000;0.00000000;0.00231750
HK97-like,22,172,864,0.6475694444444445,0.0460210277186847,0.00000000;0.00000000;0.00000000;0.00000000;0.00000000;0.00000000;0.00000000;0.00000000;0.00000000;0.01157407;0.02083333;0.02430556;0.48842593;0.38078704;0.06018519;0.01157407;0.00000000;0.00000000;0.00000000;0.00231481
HK97-like,22,173,431,0.6523781902552205,0.0453636340289936,0.00000000;0.00000000;0.00000000;0.00000000;0.00000000;0.00000000;0.00000000;0.00000000;0.00000000;0.00928074;0.02088167;0.02088167;0.41299304;0.45707657;0.06496520;0.01160093;0.00000000;0.00000000;0.00000000;0.00232019
HK97-like,22,175,431,0.6555104408352668,0.0449616413727665,0.00000000;0.00000000;0.00000000;0.00000000;0.00000000;0.00000000;0.00000000;0.00000000;0.00000000;0.00696056;0.02320186;0.02088167;0.35498840;0.51508121;0.06264501;0.01392111;0.00000000;0.00000000;0.00000000;0.00232019
HK97-like,22,178,863,0.6610950173812282,0.0438994454148836,0.00000000;0.00000000;0.00000000;0.00000000;0.00000000;0.00000000;0.00000000;0.00000000;0.00000000;0.00579374;0.02317497;0.01738123;0.26419467;0.60254925;0.06952491;0.01506373;0.00000000;0.00000000;0.00000000;0.00231750
HK97-like,22,179,861,0.6669279907084785,0.0426530112361069,0.00000000;0.00000000;0.00000000;0.00000000;0.00000000;0.00000000;0.00000000;0.00000000;0.00000000;0.00464576;0.02322880;0.01277584;0.17886179;0.68060395;0.07781649;0.01974448;0.00000000;0.00000000;0.00000000;0.00232288
HK97-like,22,180,860,0.6707558139534884,0.0405200025386577,0.00000000;0.00000000;0.00000000;0.00000000;0.00000000;0.00000000;0.00000000;0.00000000;0.00000000;0.00348837;0.02209302;0.01162791;0.13372093;0.71046512;0.08953488;0.02441860;0.00465116;0.00000000;0.00000000;0.00000000
HK97-like,22,185,874,0.6886155606407324,0.0436856729230078,0.00000000;0.00000000;0.00000000;0.00000000;0.00000000;0.00000000;0.00000000;0.00000000;0.00000000;0.00228833;0.02059497;0.01258581;0.03775744;0.57437071;0.30549199;0.04004577;0.00686499;0.00000000;0.00000000;0.00000000
HK97-like,22,189,1290,0.6812403100775194,0.0413180657962611,0.00000000;0.00000000;0.00000000;0.00000000;0.00000000;0.00000000;0.00000000;0.00000000;0.00000000;0.00232558;0.02170543;0.00775194;0.05503876;0.69147287;0.18062016;0.03410853;0.00697674;0.00000000;0.00000000;0.00000000
HK97-like,22,209,2195,0.7637699316628703,0.0397926219709266,0.00000000;0.00000000;0.00000000;0.00000000;0.00000000;0.00000000;0.00000000;0.00000000;0.00000000;0.00000000;0.00227790;0.00911162;0.01412301;0.01640091;0.18496583;0.69749431;0.07015945;0.00318907;0.00227790;0.00000000
HK97-like,22,213,430,0.7727906976744187,0.0390408600145545,0.00000000;0.00000000;0.00000000;0.00000000;0.00000000;0.00000000;0.00000000;0.00000000;0.00000000;0.00000000;0.00000000;0.00930233;0.01627907;0.00697674;0.09767442;0.72790698;0.13488372;0.00465116;0.00000000;0.00232558
HK97-like,22,216,860,0.7729651162790699,0.0395312498329937,0.00000000;0.00000000;0.00000000;0.00000000;0.00000000;0.00000000;0.00000000;0.00000000;0.00000000;0.00000000;0.00116279;0.00813953;0.01627907;0.00697674;0.10116279;0.71511628;0.14418605;0.00465116;0.00116279;0.00116279
HK97-like,22,224,1296,0.7826774691358026,0.0416306249869564,0.00000000;0.00000000;0.00000000;0.00000000;0.00000000;0.00000000;0.00000000;0.00000000;0.00000000;0.00000000;0.00000000;0.00925926;0.01620370;0.00077160;0.06635802;0.61651235;0.27932099;0.00925926;0.00000000;0.00231481
HK97-like,22,229,3595,0.8032614742698191,0.0395862966912338,0.00000000;0.00000000;0.00000000;0.00000000;0.00000000;0.00000000;0.00000000;0.00000000;0.00000000;0.00000000;0.00000000;0.00305981;0.01502086;0.00194715;0.02698192;0.33324061;0.58831711;0.03031989;0.00000000;0.00111266
HK97-like,22,248,870,0.8143678160919541,0.0415801718170331,0.00000000;0.00000000;0.00000000;0.00000000;0.00000000;0.00000000;0.00000000;0.00000000;0.00000000;0.00000000;0.00000000;0.00459770;0.00919540;0.01149425;0.02873563;0.14482759;0.72988506;0.05977011;0.01034483;0.00114943
HK97-like,22,252,861,0.8208188153310104,0.0418079750433581,0.00000000;0.00000000;0.00000000;0.00000000;0.00000000;0.00000000;0.00000000;0.00000000;0.00000000;0.00000000;0.00000000;0.00348432;0.00929152;0.01277584;0.02555168;0.09291521;0.70499419;0.14982578;0.00000000;0.00116144
HK97-like,22,259,1288,0.8262810559006211,0.0417529916524379,0.00000000;0.00000000;0.00000000;0.00000000;0.00000000;0.00000000;0.00000000;0.00000000;0.00000000;0.00000000;0.00000000;0.00232919;0.00854037;0.01475155;0.02173913;0.05978261;0.67546584;0.21661491;0.00000000;0.00077640
HK97-like,22,297,433,0.9091801385681292,0.0440221954618728,0.00000000;0.00000000;0.00000000;0.00000000;0.00000000;0.00000000;0.00000000;0.00000000;0.00000000;0.00000000;0.00000000;0.00000000;0.00000000;0.01154734;0.01616628;0.01616628;0.01616628;0.11547344;0.82217090;0.00230947
HK97-like,22,301,430,0.9111627906976744,0.0440709946445073,0.00000000;0.00000000;0.00000000;0.00000000;0.00000000;0.00000000;0.00000000;0.00000000;0.00000000;0.00000000;0.00000000;0.00000000;0.00000000;0.01162791;0.01627907;0.01627907;0.01395349;0.08837209;0.84186047;0.01162791
HK97-like,22,302,1287,0.913034188034188,0.0430998415864354,0.00000000;0.00000000;0.00000000;0.00000000;0.00000000;0.00000000;0.00000000;0.00000000;0.00000000;0.00000000;0.00000000;0.00000000;0.00000000;0.00932401;0.01554002;0.01709402;0.01320901;0.08236208;0.83294483;0.02952603
HK97-like,22,313,427,0.913758782201405,0.0412350932419973,0.00000000;0.00000000;0.00000000;0.00000000;0.00000000;0.00000000;0.00000000;0.00000000;0.00000000;0.00000000;0.00000000;0.00000000;0.00000000;0.00702576;0.01639344;0.01639344;0.01405152;0.06791569;0.85714286;0.02107728
HK97-like,22,340,1904,0.1301995798319327,0.1720848496004466,0.33613445;0.16439076;0.18855042;0.21901261;0.05199580;0.00105042;0.00052521;0.00000000;0.00052521;0.00000000;0.00000000;0.00052521;0.00000000;0.00000000;0.00000000;0.00052521;0.00315126;0.00472689;0.00840336;0.02048319
HK97-like,23,10,277,0.0264440433212996,0.0111475795354834,0.98194946;0.00722022;0.01083032;0.00000000;0.00000000;0.00000000;0.00000000;0.00000000;0.00000000;0.00000000;0.00000000;0.00000000;0.00000000;0.00000000;0.00000000;0.00000000;0.00000000;0.00000000;0.00000000;0.00000000
HK97-like,23,91,1002,0.2928642714570859,0.0334364105999813,0.00000000;0.00000000;0.00399202;0.00000000;0.03393214;0.60179641;0.32534930;0.02694611;0.00798403;0.00000000;0.00000000;0.00000000;0.00000000;0.00000000;0.00000000;0.00000000;0.00000000;0.00000000;0.00000000;0.00000000
HK97-like,23,98,5003,0.32587947231661,0.0379389304922166,0.00139916;0.00019988;0.00199880;0.00299820;0.01039376;0.15410754;0.63182091;0.17709374;0.01818909;0.00179892;0.00000000;0.00000000;0.00000000;0.00000000;0.00000000;0.00000000;0.00000000;0.00000000;0.00000000;0.00000000
HK97-like,23,105,532,0.3625,0.0417964769893564,0.00187970;0.00375940;0.00000000;0.00000000;0.00375940;0.02819549;0.25563910;0.60902256;0.08646617;0.01127820;0.00000000;0.00000000;0.00000000;0.00000000;0.00000000;0.00000000;0.00000000;0.00000000;0.00000000;0.00000000
HK97-like,23,109,531,0.3604990583804143,0.0398524290452698,0.00188324;0.00188324;0.00000000;0.00000000;0.00376648;0.02636535;0.29943503;0.58003766;0.07532957;0.01129944;0.00000000;0.00000000;0.00000000;0.00000000;0.00000000;0.00000000;0.00000000;0.00000000;0.00000000;0.00000000
HK97-like,23,111,531,0.3643596986817326,0.044199988443893,0.00376648;0.00376648;0.00000000;0.00000000;0.00376648;0.03013183;0.21092279;0.64030132;0.09604520;0.01129944;0.00000000;0.00000000;0.00000000;0.00000000;0.00000000;0.00000000;0.00000000;0.00000000;0.00000000;0.00000000
HK97-like,23,114,265,0.3744339622641509,0.0424448629840458,0.00377358;0.00377358;0.00000000;0.00000000;0.00377358;0.01886792;0.09056604;0.71320755;0.15471698;0.01132075;0.00000000;0.00000000;0.00000000;0.00000000;0.00000000;0.00000000;0.00000000;0.00000000;0.00000000;0.00000000
HK97-like,23,115,276,0.3757246376811594,0.0458358394228071,0.00362319;0.00724638;0.00000000;0.00000000;0.00362319;0.01449275;0.07971014;0.70289855;0.17391304;0.01449275;0.00000000;0.00000000;0.00000000;0.00000000;0.00000000;0.00000000;0.00000000;0.00000000;0.00000000;0.00000000
HK97-like,23,118,806,0.3727667493796526,0.0416915911225125,0.00372208;0.00124069;0.00000000;0.00000000;0.00248139;0.02481390;0.13275434;0.67369727;0.14516129;0.01488834;0.00124069;0.00000000;0.00000000;0.00000000;0.00000000;0.00000000;0.00000000;0.00000000;0.00000000;0.00000000
HK97-like,23,119,262,0.3843511450381679,0.0423358840564545,0.00000000;0.00763359;0.00000000;0.00000000;0.00000000;0.01145038;0.04961832;0.66030534;0.24045802;0.02671756;0.00381679;0.00000000;0.00000000;0.00000000;0.00000000;0.00000000;0.00000000;0.00000000;0.00000000;0.00000000
HK97-like,23,121,542,0.3936346863468634,0.0424522668325139,0.00000000;0.00369004;0.00369004;0.00000000;0.00000000;0.00553506;0.04428044;0.51845018;0.38560886;0.03321033;0.00553506;0.00000000;0.00000000;0.00000000;0.00000000;0.00000000;0.00000000;0.00000000;0.00000000;0.00000000
HK97-like,23,123,265,0.3891509433962263,0.0425345126134171,0.00000000;0.00377358;0.00377358;0.00000000;0.00000000;0.00754717;0.05660377;0.56981132;0.32830189;0.02264151;0.00754717;0.00000000;0.00000000;0.00000000;0.00000000;0.00000000;0.00000000;0.00000000;0.00000000;0.00000000
HK97-like,23,125,275,0.4033636363636363,0.043641666344473,0.00000000;0.00363636;0.00363636;0.00000000;0.00000000;0.00363636;0.03636364;0.37090909;0.52363636;0.04727273;0.01090909;0.00000000;0.00000000;0.00000000;0.00000000;0.00000000;0.00000000;0.00000000;0.00000000;0.00000000
HK97-like,23,128,537,0.4000465549348231,0.0441266130766211,0.00000000;0.00372439;0.00372439;0.00000000;0.00000000;0.00558659;0.04283054;0.40968343;0.48230912;0.04283054;0.00931099;0.00000000;0.00000000;0.00000000;0.00000000;0.00000000;0.00000000;0.00000000;0.00000000;0.00000000
HK97-like,23,129,804,0.4088308457711442,0.0443274927187119,0.00000000;0.00248756;0.00497512;0.00000000;0.00000000;0.00373134;0.03606965;0.28980100;0.57711443;0.07587065;0.00870647;0.00124378;0.00000000;0.00000000;0.00000000;0.00000000;0.00000000;0.00000000;0.00000000;0.00000000
HK97-like,23,131,269,0.4132899628252788,0.0435682340070923,0.00000000;0.00371747;0.00371747;0.00000000;0.00000000;0.00371747;0.03345725;0.20817844;0.65799257;0.07806691;0.01115242;0.00000000;0.00000000;0.00000000;0.00000000;0.00000000;0.00000000;0.00000000;0.00000000;0.00000000
HK97-like,23,160,1455,0.5118384879725086,0.0444551362300541,0.00000000;0.00000000;0.00000000;0.00000000;0.00274914;0.00412371;0.00274914;0.01649485;0.02611684;0.22336770;0.62542955;0.09072165;0.00549828;0.00274914;0.00000000;0.00000000;0.00000000;0.00000000;0.00000000;0.00000000
HK97-like,23,163,1651,0.5142792247122956,0.0461756205482386,0.00000000;0.00000000;0.00000000;0.00000000;0.00302847;0.00605694;0.00242277;0.01393095;0.02543913;0.20109025;0.62386432;0.11447608;0.00605694;0.00363416;0.00000000;0.00000000;0.00000000;0.00000000;0.00000000;0.00000000
HK97-like,23,166,2042,0.5397159647404506,0.0490870883499773,0.00000000;0.00000000;0.00000000;0.00000000;0.00000000;0.00391773;0.01224290;0.00293830;0.02791381;0.03525955;0.50391773;0.37414300;0.03232125;0.00538688;0.00195886;0.00000000;0.00000000;0.00000000;0.00000000;0.00000000
HK97-like,23,169,299,0.5298494983277592,0.0434879073425314,0.00000000;0.00000000;0.00000000;0.00000000;0.00334448;0.00000000;0.00668896;0.00334448;0.03344482;0.05685619;0.63545151;0.24749164;0.01003344;0.00334448;0.00000000;0.00000000;0.00000000;0.00000000;0.00000000;0.00000000
HK97-like,23,171,535,0.556682242990654,0.0424811333892401,0.00000000;0.00000000;0.00000000;0.00000000;0.00000000;0.00000000;0.00000000;0.01121495;0.02616822;0.01869159;0.27102804;0.61869159;0.04672897;0.00373832;0.00373832;0.00000000;0.00000000;0.00000000;0.00000000;0.00000000
HK97-like,23,172,557,0.5627917414721724,0.0418809083992895,0.00000000;0.00000000;0.00000000;0.00000000;0.00000000;0.00000000;0.00000000;0.01077199;0.02333932;0.01615799;0.19210054;0.67504488;0.07540395;0.00359066;0.00359066;0.00000000;0.00000000;0.00000000;0.00000000;0.00000000
HK97-like,23,173,266,0.5659774436090226,0.041960680873045,0.00000000;0.00000000;0.00000000;0.00000000;0.00000000;0.00000000;0.00000000;0.01127820;0.02255639;0.01879699;0.13909774;0.71052632;0.09022556;0.00375940;0.00375940;0.00000000;0.00000000;0.00000000;0.00000000;0.00000000
HK97-like,23,175,277,0.5683212996389891,0.042065120751883,0.00000000;0.00000000;0.00000000;0.00000000;0.00000000;0.00000000;0.00000000;0.01083032;0.01805054;0.02166065;0.12996390;0.69675090;0.11191336;0.00722022;0.00361011;0.00000000;0.00000000;0.00000000;0.00000000;0.00000000
HK97-like,23,178,539,0.5726808905380334,0.0426314645351196,0.00000000;0.00000000;0.00000000;0.00000000;0.00000000;0.00000000;0.00000000;0.00927644;0.02040816;0.01855288;0.09461967;0.69016698;0.15584416;0.00556586;0.00556586;0.00000000;0.00000000;0.00000000;0.00000000;0.00000000
HK97-like,23,179,538,0.5784386617100371,0.0427045368126149,0.00000000;0.00000000;0.00000000;0.00000000;0.00000000;0.00000000;0.00000000;0.00743494;0.01486989;0.02416357;0.07063197;0.63940520;0.23234201;0.00371747;0.00743494;0.00000000;0.00000000;0.00000000;0.00000000;0.00000000
HK97-like,23,180,541,0.5841497227356747,0.0432550120493657,0.00000000;0.00000000;0.00000000;0.00000000;0.00000000;0.00000000;0.00000000;0.00369686;0.01478743;0.02218115;0.05914972;0.58780037;0.29020333;0.01478743;0.00369686;0.00369686;0.00000000;0.00000000;0.00000000;0.00000000
HK97-like,23,185,4754,0.6269352124526714,0.0465742630475848,0.00000000;0.00000000;0.00000000;0.00000000;0.00000000;0.00000000;0.00000000;0.00000000;0.00294489;0.02334876;0.02776609;0.11464030;0.57614640;0.22864956;0.01998317;0.00441733;0.00189314;0.00000000;0.00021035;0.00000000
HK97-like,23,189,791,0.5969974715549937,0.0436519389736664,0.00000000;0.00000000;0.00000000;0.00000000;0.00000000;0.00000000;0.00000000;0.00000000;0.01264223;0.02781290;0.02654867;0.42983565;0.45764855;0.03792668;0.00379267;0.00379267;0.00000000;0.00000000;0.00000000;0.00000000
HK97-like,23,209,1363,0.6613169479090243,0.0432731863429924,0.00000000;0.00000000;0.00000000;0.00000000;0.00000000;0.00000000;0.00000000;0.00000000;0.00000000;0.00366838;0.01760822;0.03668379;0.27146001;0.55245781;0.10198092;0.01173881;0.00440205;0.00000000;0.00000000;0.00000000
HK97-like,23,213,269,0.6725836431226766,0.0440061404987706,0.00000000;0.00000000;0.00000000;0.00000000;0.00000000;0.00000000;0.00000000;0.00000000;0.00000000;0.00000000;0.01858736;0.02973978;0.16356877;0.59107807;0.17472119;0.01486989;0.00371747;0.00371747;0.00000000;0.00000000
HK97-like,23,216,533,0.6719043151969983,0.0440107465998463,0.00000000;0.00000000;0.00000000;0.00000000;0.00000000;0.00000000;0.00000000;0.00000000;0.00000000;0.00000000;0.01876173;0.02814259;0.17260788;0.59287054;0.16322702;0.01688555;0.00375235;0.00375235;0.00000000;0.00000000
HK97-like,23,224,1093,0.6814501372369626,0.0424762624897192,0.00000000;0.00000000;0.00000000;0.00000000;0.00000000;0.00000000;0.00000000;0.00000000;0.00000000;0.00000000;0.01646844;0.02287283;0.08600183;0.60201281;0.24519671;0.02104300;0.00274474;0.00365965;0.00000000;0.00000000
HK97-like,23,229,1848,0.7013528138528137,0.0518417190501392,0.00000000;0.00000000;0.00000000;0.00000000;0.00000000;0.00000000;0.00000000;0.00000000;0.00000000;0.00000000;0.01623377;0.01352814;0.05952381;0.41071429;0.38257576;0.07954545;0.03192641;0.00487013;0.00108225;0.00000000
HK97-like,23,248,534,0.709925093632959,0.0463286380508095,0.00000000;0.00000000;0.00000000;0.00000000;0.00000000;0.00000000;0.00000000;0.00000000;0.00000000;0.00000000;0.01123596;0.00374532;0.04868914;0.29213483;0.53558052;0.08614232;0.01310861;0.00561798;0.00374532;0.00000000
HK97-like,23,252,543,0.7156998158379374,0.0465283546885265,0.00000000;0.00000000;0.00000000;0.00000000;0.00000000;0.00000000;0.00000000;0.00000000;0.00000000;0.00184162;0.00184162;0.01289134;0.03867403;0.24309392;0.55432781;0.11970534;0.01657459;0.00736648;0.00368324;0.00000000
HK97-like,23,259,1644,0.7277676399026762,0.0466969004324882,0.00000000;0.00000000;0.00000000;0.00000000;0.00000000;0.00000000;0.00000000;0.00000000;0.00000000;0.00000000;0.00000000;0.01459854;0.02189781;0.16666667;0.55474453;0.19343066;0.03345499;0.01155718;0.00364964;0.00000000
HK97-like,23,297,366,0.8836065573770492,0.0489057682145069,0.00000000;0.00000000;0.00000000;0.00000000;0.00000000;0.00000000;0.00000000;0.00000000;0.00000000;0.00000000;0.00000000;0.00000000;0.00000000;0.02185792;0.02185792;0.00546448;0.04098361;0.53278689;0.37704918;0.00000000
HK97-like,23,301,220,0.8990909090909092,0.0416870473571272,0.00000000;0.00000000;0.00000000;0.00000000;0.00000000;0.00000000;0.00000000;0.00000000;0.00000000;0.00000000;0.00000000;0.00000000;0.00000000;0.00909091;0.01818182;0.00000000;0.02272727;0.35454545;0.59545455;0.00000000
HK97-like,23,302,818,0.9026894865525672,0.0426123300449941,0.00000000;0.00000000;0.00000000;0.00000000;0.00000000;0.00000000;0.00000000;0.00000000;0.00000000;0.00000000;0.00000000;0.00000000;0.00000000;0.00733496;0.02200489;0.00366748;0.02322738;0.26405868;0.67970660;0.00000000
HK97-like,23,313,1361,0.9087986774430566,0.0431600820214978,0.00000000;0.00000000;0.00000000;0.00000000;0.00000000;0.00000000;0.00000000;0.00000000;0.00000000;0.00000000;0.00000000;0.00000000;0.00000000;0.00661278;0.02792065;0.00440852;0.01249082;0.14474651;0.80014695;0.00367377
HK97-like,23,321,349,0.91797994269341,0.0469804830415375,0.00000000;0.00000000;0.00000000;0.00000000;0.00000000;0.00000000;0.00000000;0.00000000;0.00000000;0.00000000;0.00000000;0.00000000;0.00000000;0.00000000;0.03724928;0.00859599;0.00859599;0.07163324;0.75071633;0.12320917
HK97-like,23,340,354,0.1634180790960452,0.3019826861328207,0.77401130;0.02259887;0.02259887;0.00847458;0.00000000;0.00282486;0.00847458;0.00000000;0.00000000;0.00282486;0.00564972;0.01129944;0.00282486;0.00564972;0.00847458;0.01412429;0.01694915;0.02259887;0.03107345;0.03954802
HK97-like,24,10,436,0.0254587155963302,0.0058474994421935,0.99311927;0.00458716;0.00229358;0.00000000;0.00000000;0.00000000;0.00000000;0.00000000;0.00000000;0.00000000;0.00000000;0.00000000;0.00000000;0.00000000;0.00000000;0.00000000;0.00000000;0.00000000;0.00000000;0.00000000
HK97-like,24,91,876,0.2760844748858447,0.0227019035685886,0.00000000;0.00000000;0.00228311;0.00000000;0.03424658;0.92009132;0.03538813;0.00342466;0.00228311;0.00000000;0.00000000;0.00228311;0.00000000;0.00000000;0.00000000;0.00000000;0.00000000;0.00000000;0.00000000;0.00000000
HK97-like,24,98,1756,0.3131833712984054,0.0313179098515947,0.00000000;0.00056948;0.00056948;0.00170843;0.00740319;0.25683371;0.70387244;0.02277904;0.00227790;0.00170843;0.00000000;0.00056948;0.00170843;0.00000000;0.00000000;0.00000000;0.00000000;0.00000000;0.00000000;0.00000000
HK97-like,24,105,877,0.3322976054732041,0.0271885876557282,0.00000000;0.00000000;0.00000000;0.00228050;0.00000000;0.02052452;0.82782212;0.13797035;0.00684151;0.00114025;0.00114025;0.00000000;0.00228050;0.00000000;0.00000000;0.00000000;0.00000000;0.00000000;0.00000000;0.00000000
HK97-like,24,109,438,0.333675799086758,0.0273248663020587,0.00000000;0.00000000;0.00000000;0.00228311;0.00000000;0.01141553;0.81735160;0.15981735;0.00456621;0.00000000;0.00228311;0.00000000;0.00228311;0.00000000;0.00000000;0.00000000;0.00000000;0.00000000;0.00000000;0.00000000
HK97-like,24,111,876,0.335958904109589,0.0286650177504679,0.00000000;0.00000000;0.00000000;0.00228311;0.00000000;0.01369863;0.76826484;0.20433790;0.00684932;0.00114155;0.00114155;0.00000000;0.00228311;0.00000000;0.00000000;0.00000000;0.00000000;0.00000000;0.00000000;0.00000000
HK97-like,24,114,438,0.3541095890410959,0.0308314292782213,0.00000000;0.00000000;0.00000000;0.00000000;0.00228311;0.00456621;0.42922374;0.55022831;0.00913242;0.00000000;0.00228311;0.00000000;0.00228311;0.00000000;0.00000000;0.00000000;0.00000000;0.00000000;0.00000000;0.00000000
HK97-like,24,115,878,0.3604783599088838,0.0337879810557675,0.00227790;0.00000000;0.00000000;0.00000000;0.00227790;0.00455581;0.29271071;0.67995444;0.01138952;0.00227790;0.00227790;0.00000000;0.00227790;0.00000000;0.00000000;0.00000000;0.00000000;0.00000000;0.00000000;0.00000000
HK97-like,24,118,439,0.3656605922551252,0.0318992015897547,0.00227790;0.00000000;0.00000000;0.00000000;0.00227790;0.00227790;0.19817768;0.77220957;0.01594533;0.00227790;0.00227790;0.00000000;0.00227790;0.00000000;0.00000000;0.00000000;0.00000000;0.00000000;0.00000000;0.00000000
HK97-like,24,119,438,0.3690639269406393,0.0305791214938743,0.00228311;0.00000000;0.00000000;0.00000000;0.00228311;0.00228311;0.13698630;0.82648402;0.02283105;0.00228311;0.00228311;0.00000000;0.00228311;0.00000000;0.00000000;0.00000000;0.00000000;0.00000000;0.00000000;0.00000000
HK97-like,24,121,880,0.3734659090909091,0.0288102920623691,0.00227273;0.00000000;0.00000000;0.00000000;0.00227273;0.00113636;0.06590909;0.88522727;0.03636364;0.00227273;0.00113636;0.00113636;0.00227273;0.00000000;0.00000000;0.00000000;0.00000000;0.00000000;0.00000000;0.00000000
HK97-like,24,123,439,0.3724943052391799,0.0283262692603891,0.00227790;0.00000000;0.00000000;0.00000000;0.00227790;0.00227790;0.07061503;0.89066059;0.02505695;0.00227790;0.00227790;0.00000000;0.00227790;0.00000000;0.00000000;0.00000000;0.00000000;0.00000000;0.00000000;0.00000000
HK97-like,24,125,439,0.3768223234624145,0.0287769737277043,0.00227790;0.00000000;0.00000000;0.00000000;0.00227790;0.00000000;0.03189066;0.89066059;0.06605923;0.00227790;0.00000000;0.00227790;0.00227790;0.00000000;0.00000000;0.00000000;0.00000000;0.00000000;0.00000000;0.00000000
HK97-like,24,128,439,0.3736332574031891,0.0280001608538299,0.00227790;0.00000000;0.00000000;0.00000000;0.00227790;0.00000000;0.05466970;0.90888383;0.02505695;0.00227790;0.00000000;0.00227790;0.00227790;0.00000000;0.00000000;0.00000000;0.00000000;0.00000000;0.00000000;0.00000000
HK97-like,24,129,440,0.3747727272727272,0.028000700994767,0.00227273;0.00000000;0.00000000;0.00000000;0.00227273;0.00000000;0.04318182;0.90909091;0.03636364;0.00227273;0.00000000;0.00227273;0.00227273;0.00000000;0.00000000;0.00000000;0.00000000;0.00000000;0.00000000;0.00000000
HK97-like,24,131,439,0.3854783599088838,0.0315434236047505,0.00000000;0.00227790;0.00000000;0.00000000;0.00000000;0.00227790;0.01594533;0.75854214;0.21184510;0.00227790;0.00227790;0.00227790;0.00227790;0.00000000;0.00000000;0.00000000;0.00000000;0.00000000;0.00000000;0.00000000
HK97-like,24,160,1758,0.769397042093288,0.0354341741345522,0.00000000;0.00113766;0.00000000;0.00000000;0.00000000;0.00000000;0.00000000;0.00000000;0.00000000;0.00056883;0.00170648;0.00000000;0.00341297;0.00398180;0.12172924;0.81399317;0.05119454;0.00227531;0.00000000;0.00000000
HK97-like,24,163,2197,0.7704483386436048,0.0266851992174746,0.00000000;0.00000000;0.00000000;0.00000000;0.00000000;0.00000000;0.00000000;0.00000000;0.00000000;0.00045517;0.00182066;0.00000000;0.00409650;0.00273100;0.12016386;0.81429222;0.05416477;0.00227583;0.00000000;0.00000000
HK97-like,24,166,4467,0.8006100291023058,0.034640410848216,0.00000000;0.00000000;0.00067159;0.00000000;0.00000000;0.00000000;0.00000000;0.00000000;0.00000000;0.00000000;0.00022386;0.00156705;0.00044773;0.00313409;0.01992389;0.42108798;0.55003358;0.00291023;0.00000000;0.00000000
HK97-like,24,169,443,0.7936230248306998,0.0433855112333751,0.00000000;0.00000000;0.00225734;0.00000000;0.00000000;0.00000000;0.00000000;0.00000000;0.00000000;0.00000000;0.00000000;0.00225734;0.00000000;0.00451467;0.01354402;0.54853273;0.42437923;0.00451467;0.00000000;0.00000000
HK97-like,24,171,880,0.8214772727272727,0.0184353768563246,0.00000000;0.00000000;0.00000000;0.00000000;0.00000000;0.00000000;0.00000000;0.00000000;0.00000000;0.00000000;0.00000000;0.00000000;0.00227273;0.00227273;0.00681818;0.04886364;0.93181818;0.00795455;0.00000000;0.00000000
HK97-like,24,172,882,0.8222789115646257,0.0285410431235349,0.00000000;0.00000000;0.00113379;0.00000000;0.00000000;0.00000000;0.00000000;0.00000000;0.00000000;0.00000000;0.00000000;0.00000000;0.00226757;0.00000000;0.00453515;0.03628118;0.93990930;0.01587302;0.00000000;0.00000000
HK97-like,24,173,440,0.8244318181818181,0.0173439768524364,0.00000000;0.00000000;0.00000000;0.00000000;0.00000000;0.00000000;0.00000000;0.00000000;0.00000000;0.00000000;0.00000000;0.00000000;0.00227273;0.00000000;0.00454545;0.02954545;0.92727273;0.03636364;0.00000000;0.00000000
HK97-like,24,175,440,0.8279545454545453,0.0213817621365994,0.00000000;0.00000000;0.00000000;0.00000000;0.00000000;0.00000000;0.00000000;0.00000000;0.00000000;0.00000000;0.00000000;0.00000000;0.00227273;0.00000000;0.00454545;0.02500000;0.86818182;0.09772727;0.00227273;0.00000000
HK97-like,24,178,880,0.8324431818181817,0.024627847299415,0.00000000;0.00000000;0.00000000;0.00000000;0.00000000;0.00000000;0.00000000;0.00000000;0.00000000;0.00000000;0.00000000;0.00000000;0.00227273;0.00000000;0.00454545;0.01931818;0.78977273;0.18181818;0.00227273;0.00000000
HK97-like,24,179,880,0.8427840909090909,0.0283881172578648,0.00000000;0.00000000;0.00000000;0.00000000;0.00000000;0.00000000;0.00000000;0.00000000;0.00000000;0.00000000;0.00000000;0.00000000;0.00000000;0.00227273;0.00454545;0.01590909;0.59318182;0.38068182;0.00340909;0.00000000
HK97-like,24,180,880,0.8551136363636362,0.0285439978638169,0.00000000;0.00000000;0.00000000;0.00000000;0.00000000;0.00000000;0.00000000;0.00000000;0.00000000;0.00000000;0.00000000;0.00000000;0.00000000;0.00227273;0.00227273;0.01818182;0.35000000;0.62272727;0.00454545;0.00000000
HK97-like,24,185,2639,0.8738253126184161,0.0158903793706457,0.00000000;0.00000000;0.00000000;0.00000000;0.00000000;0.00000000;0.00000000;0.00000000;0.00000000;0.00000000;0.00000000;0.00000000;0.00000000;0.00000000;0.00227359;0.00378931;0.03751421;0.92800303;0.02841986;0.00000000
HK97-like,24,189,1320,0.8684090909090909,0.0201821082425238,0.00000000;0.00000000;0.00000000;0.00000000;0.00000000;0.00000000;0.00000000;0.00000000;0.00000000;0.00000000;0.00000000;0.00000000;0.00000000;0.00151515;0.00075758;0.00833333;0.11136364;0.87348485;0.00454545;0.00000000
HK97-like,24,209,2198,0.9490445859872612,0.0258323110496206,0.00000000;0.00000000;0.00000000;0.00000000;0.00000000;0.00000000;0.00000000;0.00000000;0.00000000;0.00000000;0.00000000;0.00000000;0.00000000;0.00000000;0.00000000;0.00000000;0.00000000;0.00864422;0.50181984;0.48953594
HK97-like,24,213,438,0.9723744292237444,0.0116533446712011,0.00000000;0.00000000;0.00000000;0.00000000;0.00000000;0.00000000;0.00000000;0.00000000;0.00000000;0.00000000;0.00000000;0.00000000;0.00000000;0.00000000;0.00000000;0.00000000;0.00000000;0.00228311;0.04794521;0.94977169
HK97-like,24,216,876,0.9720890410958904,0.0121856386200403,0.00000000;0.00000000;0.00000000;0.00000000;0.00000000;0.00000000;0.00000000;0.00000000;0.00000000;0.00000000;0.00000000;0.00000000;0.00000000;0.00000000;0.00000000;0.00000000;0.00000000;0.00228311;0.05365297;0.94406393
HK97-like,24,224,1314,0.9738584474885844,0.00819695117398,0.00000000;0.00000000;0.00000000;0.00000000;0.00000000;0.00000000;0.00000000;0.00000000;0.00000000;0.00000000;0.00000000;0.00000000;0.00000000;0.00000000;0.00000000;0.00000000;0.00000000;0.00228311;0.01826484;0.97945205
HK97-like,24,229,1803,0.9738352745424294,0.0082445321815405,0.00000000;0.00000000;0.00000000;0.00000000;0.00000000;0.00000000;0.00000000;0.00000000;0.00000000;0.00000000;0.00000000;0.00000000;0.00000000;0.00000000;0.00000000;0.00000000;0.00000000;0.00221852;0.01885746;0.97892402
HK97-like,24,340,499,0.051753507014028,0.0854710006178627,0.86172345;0.02805611;0.01603206;0.01402806;0.02404810;0.04609218;0.00601202;0.00000000;0.00000000;0.00000000;0.00000000;0.00000000;0.00000000;0.00000000;0.00000000;0.00000000;0.00200401;0.00000000;0.00000000;0.00200401
HK97-like,25,10,981,0.025407747196738,0.0055149598347498,0.99388379;0.00407747;0.00203874;0.00000000;0.00000000;0.00000000;0.00000000;0.00000000;0.00000000;0.00000000;0.00000000;0.00000000;0.00000000;0.00000000;0.00000000;0.00000000;0.00000000;0.00000000;0.00000000;0.00000000
HK97-like,25,98,1962,0.4987003058103976,0.0487244837941603,0.00000000;0.00000000;0.00000000;0.00000000;0.00000000;0.00203874;0.00101937;0.00458716;0.01936799;0.61824669;0.25637105;0.06982671;0.01580020;0.00458716;0.00305810;0.00101937;0.00203874;0.00203874;0.00000000;0.00000000
HK97-like,25,111,1962,0.512512742099898,0.0507289482278262,0.00000000;0.00000000;0.00000000;0.00000000;0.00000000;0.00101937;0.00152905;0.00254842;0.01121305;0.41794088;0.43730887;0.08766565;0.02548420;0.00509684;0.00356779;0.00203874;0.00152905;0.00254842;0.00050968;0.00000000
HK97-like,25,115,2943,0.5300628610261637,0.0490811368255296,0.00000000;0.00000000;0.00000000;0.00000000;0.00000000;0.00067958;0.00135916;0.00305810;0.00407747;0.15494393;0.66428814;0.10975195;0.04247367;0.00815494;0.00407747;0.00203874;0.00101937;0.00203874;0.00203874;0.00000000
HK97-like,25,121,1961,0.5391509433962265,0.0485895469184189,0.00000000;0.00000000;0.00000000;0.00000000;0.00000000;0.00000000;0.00152983;0.00356961;0.00356961;0.06272310;0.69148394;0.15808261;0.05660377;0.01121877;0.00407955;0.00152983;0.00152983;0.00152983;0.00203978;0.00050994
HK97-like,25,123,981,0.5371304791029561,0.0482692002929013,0.00000000;0.00000000;0.00000000;0.00000000;0.00000000;0.00000000;0.00203874;0.00305810;0.00407747;0.07543323;0.70030581;0.13863405;0.05402650;0.01121305;0.00407747;0.00203874;0.00101937;0.00203874;0.00203874;0.00000000
HK97-like,25,125,979,0.5451225740551583,0.0483495242744143,0.00000000;0.00000000;0.00000000;0.00000000;0.00000000;0.00000000;0.00102145;0.00408580;0.00306435;0.02247191;0.66394280;0.22063330;0.06026558;0.01327886;0.00408580;0.00102145;0.00204290;0.00102145;0.00204290;0.00102145
HK97-like,25,128,981,0.5384046890927624,0.0477978705656622,0.00000000;0.00000000;0.00000000;0.00000000;0.00000000;0.00000000;0.00101937;0.00407747;0.00407747;0.06422018;0.69826707;0.15188583;0.05402650;0.01121305;0.00407747;0.00203874;0.00101937;0.00203874;0.00203874;0.00000000
HK97-like,25,129,1962,0.5372324159021405,0.0484805940681119,0.00000000;0.00000000;0.00000000;0.00000000;0.00000000;0.00000000;0.00152905;0.00356779;0.00356779;0.07951070;0.69062181;0.14627931;0.05351682;0.01019368;0.00407747;0.00152905;0.00152905;0.00203874;0.00152905;0.00050968
HK97-like,25,131,980,0.5521938775510205,0.0493093438517188,0.00000000;0.00000000;0.00000000;0.00000000;0.00000000;0.00000000;0.00102041;0.00204082;0.00204082;0.01428571;0.56734694;0.31530612;0.07346939;0.01326531;0.00306122;0.00204082;0.00102041;0.00102041;0.00204082;0.00204082
HK97-like,25,166,19806,0.6733565586186004,0.0395968308910311,0.00000000;0.00000000;0.00000000;0.00000000;0.00000000;0.00000000;0.00000000;0.00000000;0.00000000;0.00262547;0.00292841;0.00514995;0.21872160;0.58941735;0.15848733;0.01555084;0.00439261;0.00136322;0.00095931;0.00040392
HK97-like,25,171,1950,0.6982820512820511,0.035827184005179,0.00000000;0.00000000;0.00000000;0.00000000;0.00000000;0.00000000;0.00000000;0.00000000;0.00000000;0.00102564;0.00205128;0.00307692;0.01179487;0.54666667;0.39487179;0.03076923;0.00461538;0.00307692;0.00102564;0.00102564
HK97-like,25,172,1950,0.7043076923076922,0.0360737519791612,0.00000000;0.00000000;0.00000000;0.00000000;0.00000000;0.00000000;0.00000000;0.00000000;0.00000000;0.00051282;0.00256410;0.00307692;0.00769231;0.44666667;0.48820513;0.04051282;0.00564103;0.00307692;0.00102564;0.00102564
HK97-like,25,173,975,0.7086410256410256,0.0356848651244201,0.00000000;0.00000000;0.00000000;0.00000000;0.00000000;0.00000000;0.00000000;0.00000000;0.00000000;0.00000000;0.00307692;0.00307692;0.00615385;0.36923077;0.56307692;0.04410256;0.00615385;0.00205128;0.00205128;0.00102564
HK97-like,25,175,975,0.7107948717948719,0.0354568567649506,0.00000000;0.00000000;0.00000000;0.00000000;0.00000000;0.00000000;0.00000000;0.00000000;0.00000000;0.00000000;0.00307692;0.00307692;0.00512821;0.33333333;0.59589744;0.04717949;0.00717949;0.00205128;0.00205128;0.00102564
HK97-like,25,178,1950,0.713948717948718,0.0347101172851099,0.00000000;0.00000000;0.00000000;0.00000000;0.00000000;0.00000000;0.00000000;0.00000000;0.00000000;0.00000000;0.00307692;0.00205128;0.00410256;0.28461538;0.63743590;0.05641026;0.00717949;0.00205128;0.00205128;0.00102564
HK97-like,25,179,1949,0.7178681375064134,0.0340212946876102,0.00000000;0.00000000;0.00000000;0.00000000;0.00000000;0.00000000;0.00000000;0.00000000;0.00000000;0.00000000;0.00307850;0.00102617;0.00513084;0.22780913;0.67316573;0.07696254;0.00769625;0.00256542;0.00205233;0.00051308
HK97-like,25,180,1948,0.7234599589322384,0.0336470681252835,0.00000000;0.00000000;0.00000000;0.00000000;0.00000000;0.00000000;0.00000000;0.00000000;0.00000000;0.00000000;0.00308008;0.00102669;0.00462012;0.15862423;0.70225873;0.11601643;0.00924025;0.00308008;0.00154004;0.00051335
HK97-like,25,185,5844,0.743463381245722,0.0333832646996968,0.00000000;0.00000000;0.00000000;0.00000000;0.00000000;0.00000000;0.00000000;0.00000000;0.00000000;0.00000000;0.00102669;0.00205339;0.00359343;0.01522930;0.61276523;0.34171800;0.01676934;0.00273785;0.00205339;0.00205339
HK97-like,25,189,2922,0.7346851471594799,0.0327337084023842,0.00000000;0.00000000;0.00000000;0.00000000;0.00000000;0.00000000;0.00000000;0.00000000;0.00000000;0.00000000;0.00273785;0.00068446;0.00479124;0.04380561;0.71629021;0.21423682;0.01163587;0.00273785;0.00102669;0.00205339
HK97-like,25,209,4855,0.8101184346035014,0.0314507016195029,0.00000000;0.00000000;0.00000000;0.00000000;0.00000000;0.00000000;0.00000000;0.00000000;0.00000000;0.00000000;0.00000000;0.00102987;0.00205973;0.00102987;0.00885685;0.31349125;0.63069001;0.03707518;0.00432544;0.00144181
HK97-like,25,213,971,0.8199536560247168,0.0302797277053222,0.00000000;0.00000000;0.00000000;0.00000000;0.00000000;0.00000000;0.00000000;0.00000000;0.00000000;0.00000000;0.00000000;0.00102987;0.00205973;0.00102987;0.00617920;0.16992791;0.72914521;0.08444902;0.00514933;0.00102987
HK97-like,25,216,1939,0.8205647240845796,0.0298859498513683,0.00000000;0.00000000;0.00000000;0.00000000;0.00000000;0.00000000;0.00000000;0.00000000;0.00000000;0.00000000;0.00000000;0.00103146;0.00206292;0.00103146;0.00515730;0.16090768;0.73800928;0.08561114;0.00515730;0.00103146
HK97-like,25,224,2911,0.8281260735142563,0.0295480251241831,0.00000000;0.00000000;0.00000000;0.00000000;0.00000000;0.00000000;0.00000000;0.00000000;0.00000000;0.00000000;0.00000000;0.00103057;0.00206115;0.00103057;0.00309172;0.08244589;0.75197527;0.15115081;0.00515287;0.00206115
HK97-like,25,229,8285,0.8370519010259505,0.0296308360205728,0.00000000;0.00000000;0.00000000;0.00000000;0.00000000;0.00000000;0.00000000;0.00000000;0.00000000;0.00000000;0.00000000;0.00036210;0.00253470;0.00084490;0.00217260;0.02293301;0.70537115;0.25057333;0.01339771;0.00181050
HK97-like,25,248,1939,0.8523078906652914,0.0311507604377458,0.00000000;0.00000000;0.00000000;0.00000000;0.00000000;0.00000000;0.00000000;0.00000000;0.00000000;0.00000000;0.00000000;0.00000000;0.00309438;0.00000000;0.00154719;0.01083032;0.43321300;0.53274884;0.01598762;0.00257865
HK97-like,25,252,1938,0.8597781217750257,0.0297560999839621,0.00000000;0.00000000;0.00000000;0.00000000;0.00000000;0.00000000;0.00000000;0.00000000;0.00000000;0.00000000;0.00000000;0.00000000;0.00309598;0.00000000;0.00103199;0.00928793;0.29102167;0.67595459;0.01547988;0.00412797
HK97-like,25,259,2910,0.8656872852233676,0.0266556598604428,0.00000000;0.00000000;0.00000000;0.00000000;0.00000000;0.00000000;0.00000000;0.00000000;0.00000000;0.00000000;0.00000000;0.00000000;0.00206186;0.00103093;0.00103093;0.00618557;0.18247423;0.78522337;0.01786942;0.00412371
HK97-like,25,297,1932,0.9248447204968944,0.0194376613605182,0.00000000;0.00000000;0.00000000;0.00000000;0.00000000;0.00000000;0.00000000;0.00000000;0.00000000;0.00000000;0.00000000;0.00000000;0.00000000;0.00103520;0.00207039;0.00103520;0.00621118;0.01604555;0.93167702;0.04192547
HK97-like,25,301,966,0.9269668737060042,0.0210063319833327,0.00000000;0.00000000;0.00000000;0.00000000;0.00000000;0.00000000;0.00000000;0.00000000;0.00000000;0.00000000;0.00000000;0.00000000;0.00000000;0.00103520;0.00207039;0.00103520;0.00621118;0.00828157;0.90476190;0.07660455
HK97-like,25,302,2904,0.9301997245179064,0.0239193732914742,0.00000000;0.00000000;0.00000000;0.00000000;0.00000000;0.00000000;0.00000000;0.00000000;0.00000000;0.00000000;0.00000000;0.00000000;0.00000000;0.00103306;0.00206612;0.00103306;0.00550964;0.00895317;0.84090909;0.14049587
HK97-like,25,313,4837,0.9430897250361794,0.0294570432847012,0.00000000;0.00000000;0.00000000;0.00000000;0.00000000;0.00000000;0.00000000;0.00000000;0.00000000;0.00000000;0.00000000;0.00000000;0.00000000;0.00103370;0.00206740;0.00103370;0.00248088;0.00826959;0.59354972;0.39156502
HK97-like,25,321,2898,0.964095928226363,0.0256753590451157,0.00000000;0.00000000;0.00000000;0.00000000;0.00000000;0.00000000;0.00000000;0.00000000;0.00000000;0.00000000;0.00000000;0.00000000;0.00000000;0.00000000;0.00310559;0.00103520;0.00103520;0.00621118;0.18288475;0.80572809
HK97-like,25,340,299,0.1430602006688963,0.1727456315860599,0.25752508;0.20401338;0.25752508;0.10702341;0.06354515;0.05016722;0.01672241;0.00334448;0.00334448;0.00000000;0.00000000;0.00000000;0.00000000;0.00000000;0.00000000;0.00000000;0.00000000;0.01003344;0.01337793;0.01337793
HK97-like,26,10,1170,0.0259829059829059,0.0148026810380497,0.99059829;0.00512821;0.00341880;0.00000000;0.00000000;0.00000000;0.00000000;0.00000000;0.00000000;0.00085470;0.00000000;0.00000000;0.00000000;0.00000000;0.00000000;0.00000000;0.00000000;0.00000000;0.00000000;0.00000000
HK97-like,26,91,4684,0.221295900939368,0.0255521180079489,0.00085397;0.00512383;0.00426985;0.08518360;0.88129804;0.01579846;0.00491033;0.00000000;0.00170794;0.00000000;0.00000000;0.00085397;0.00000000;0.00000000;0.00000000;0.00000000;0.00000000;0.00000000;0.00000000;0.00000000
HK97-like,26,98,15102,0.2297576479936432,0.0282597527728334,0.00198649;0.00278109;0.00556218;0.02456628;0.83856443;0.11356112;0.01066084;0.00000000;0.00092703;0.00059595;0.00000000;0.00079460;0.00000000;0.00000000;0.00000000;0.00000000;0.00000000;0.00000000;0.00000000;0.00000000
HK97-like,26,105,2337,0.2629118528027386,0.0319526409396756,0.00256739;0.00128370;0.00513479;0.00470689;0.23277706;0.73127942;0.01754386;0.00213950;0.00000000;0.00171160;0.00000000;0.00085580;0.00000000;0.00000000;0.00000000;0.00000000;0.00000000;0.00000000;0.00000000;0.00000000
HK97-like,26,109,2371,0.2590151834668916,0.0332683036981955,0.00295234;0.00084353;0.00590468;0.00421763;0.30746520;0.65710671;0.01771404;0.00126529;0.00000000;0.00168705;0.00000000;0.00084353;0.00000000;0.00000000;0.00000000;0.00000000;0.00000000;0.00000000;0.00000000;0.00000000
HK97-like,26,111,2361,0.2660419313850063,0.0313337355818229,0.00296485;0.00127065;0.00508259;0.00465904;0.17153748;0.79076662;0.01778907;0.00338839;0.00000000;0.00169420;0.00000000;0.00042355;0.00042355;0.00000000;0.00000000;0.00000000;0.00000000;0.00000000;0.00000000;0.00000000
HK97-like,26,114,1179,0.2722434266327396,0.0276832492160071,0.00169635;0.00169635;0.00424088;0.00593723;0.06276506;0.89228159;0.02290076;0.00593723;0.00000000;0.00169635;0.00000000;0.00000000;0.00084818;0.00000000;0.00000000;0.00000000;0.00000000;0.00000000;0.00000000;0.00000000
HK97-like,26,115,1182,0.2728003384094755,0.0278878719320909,0.00169205;0.00253807;0.00423012;0.00592217;0.05076142;0.90101523;0.02538071;0.00592217;0.00000000;0.00169205;0.00000000;0.00000000;0.00084602;0.00000000;0.00000000;0.00000000;0.00000000;0.00000000;0.00000000;0.00000000
HK97-like,26,118,3542,0.2702710333145116,0.0295996713551069,0.00225861;0.00197628;0.00479955;0.00451722;0.09909656;0.85573123;0.02343309;0.00564653;0.00000000;0.00169396;0.00000000;0.00028233;0.00056465;0.00000000;0.00000000;0.00000000;0.00000000;0.00000000;0.00000000;0.00000000
HK97-like,26,119,1182,0.2752538071065989,0.0278217047838471,0.00169205;0.00253807;0.00338409;0.00592217;0.02622673;0.90778342;0.04060914;0.00930626;0.00000000;0.00169205;0.00000000;0.00000000;0.00084602;0.00000000;0.00000000;0.00000000;0.00000000;0.00000000;0.00000000;0.00000000
HK97-like,26,121,2362,0.2797205757832345,0.0302394170822969,0.00169348;0.00254022;0.00169348;0.00762066;0.01566469;0.84377646;0.11346317;0.01016088;0.00084674;0.00169348;0.00000000;0.00000000;0.00084674;0.00000000;0.00000000;0.00000000;0.00000000;0.00000000;0.00000000;0.00000000
HK97-like,26,123,1179,0.2784775233248516,0.0291342736056873,0.00169635;0.00254453;0.00169635;0.00763359;0.01526718;0.86768448;0.09075488;0.01017812;0.00000000;0.00169635;0.00000000;0.00000000;0.00084818;0.00000000;0.00000000;0.00000000;0.00000000;0.00000000;0.00000000;0.00000000
HK97-like,26,125,1182,0.286590524534687,0.032600356753713,0.00084602;0.00338409;0.00084602;0.00761421;0.00592217;0.73181049;0.23519459;0.01015228;0.00169205;0.00169205;0.00000000;0.00000000;0.00084602;0.00000000;0.00000000;0.00000000;0.00000000;0.00000000;0.00000000;0.00000000
HK97-like,26,128,2363,0.28560093101989,0.0327660288115003,0.00126957;0.00296234;0.00084638;0.00804063;0.00973339;0.74312315;0.21836648;0.01184934;0.00126957;0.00169276;0.00000000;0.00000000;0.00084638;0.00000000;0.00000000;0.00000000;0.00000000;0.00000000;0.00000000;0.00000000
HK97-like,26,129,3546,0.2972081218274112,0.0361680074376665,0.00197406;0.00253807;0.00112803;0.00676819;0.00705020;0.52002256;0.44303440;0.01297236;0.00197406;0.00112803;0.00056402;0.00000000;0.00084602;0.00000000;0.00000000;0.00000000;0.00000000;0.00000000;0.00000000;0.00000000
HK97-like,26,131,1180,0.3027966101694915,0.0349730063756281,0.00084746;0.00254237;0.00169492;0.00677966;0.00423729;0.41864407;0.54745763;0.01271186;0.00254237;0.00169492;0.00000000;0.00000000;0.00084746;0.00000000;0.00000000;0.00000000;0.00000000;0.00000000;0.00000000;0.00000000
HK97-like,26,160,4700,0.3626063829787234,0.039425587890787,0.00297872;0.00297872;0.00170213;0.00212766;0.00404255;0.00744681;0.20638298;0.74148936;0.02574468;0.00212766;0.00191489;0.00021277;0.00042553;0.00042553;0.00000000;0.00000000;0.00000000;0.00000000;0.00000000;0.00000000
HK97-like,26,163,7126,0.3609388156048274,0.0400516599531395,0.00308729;0.00266629;0.00210497;0.00210497;0.00378894;0.00757788;0.23968566;0.70783048;0.02638226;0.00196464;0.00140331;0.00056132;0.00028066;0.00056132;0.00000000;0.00000000;0.00000000;0.00000000;0.00000000;0.00000000
HK97-like,26,166,11229,0.3798802208567102,0.042305922369196,0.00356221;0.00338409;0.00231543;0.00204827;0.00267165;0.00730252;0.01816725;0.77513581;0.17526049;0.00614480;0.00160299;0.00169205;0.00000000;0.00071244;0.00000000;0.00000000;0.00000000;0.00000000;0.00000000;0.00000000
HK97-like,26,169,1189,0.3724768713204374,0.0367684388322956,0.00252313;0.00336417;0.00168209;0.00252313;0.00168209;0.00756939;0.04541632;0.87636669;0.05382675;0.00168209;0.00084104;0.00168209;0.00000000;0.00084104;0.00000000;0.00000000;0.00000000;0.00000000;0.00000000;0.00000000
HK97-like,26,171,1188,0.3952020202020202,0.0449480762459123,0.00252525;0.00336700;0.00336700;0.00168350;0.00168350;0.00505051;0.00925926;0.50757576;0.45033670;0.01010101;0.00252525;0.00168350;0.00000000;0.00084175;0.00000000;0.00000000;0.00000000;0.00000000;0.00000000;0.00000000
HK97-like,26,172,2387,0.4014976958525346,0.0465235534913508,0.00335149;0.00293255;0.00377042;0.00167574;0.00167574;0.00460829;0.00879765;0.38290742;0.57100964;0.01424382;0.00167574;0.00251362;0.00000000;0.00083787;0.00000000;0.00000000;0.00000000;0.00000000;0.00000000;0.00000000
HK97-like,26,173,1191,0.4071158690176322,0.0455774408572139,0.00251889;0.00335852;0.00419815;0.00167926;0.00167926;0.00419815;0.00755668;0.27791772;0.67506297;0.01679261;0.00167926;0.00251889;0.00000000;0.00083963;0.00000000;0.00000000;0.00000000;0.00000000;0.00000000;0.00000000
HK97-like,26,175,1193,0.4103310980720872,0.0458074088549325,0.00335289;0.00335289;0.00335289;0.00167645;0.00251467;0.00335289;0.00838223;0.21123219;0.73931266;0.01844091;0.00167645;0.00251467;0.00000000;0.00083822;0.00000000;0.00000000;0.00000000;0.00000000;0.00000000;0.00000000
HK97-like,26,178,2388,0.4137981574539363,0.0460447797111526,0.00335008;0.00418760;0.00335008;0.00167504;0.00209380;0.00335008;0.00837521;0.14405360;0.79983250;0.02470687;0.00167504;0.00251256;0.00000000;0.00083752;0.00000000;0.00000000;0.00000000;0.00000000;0.00000000;0.00000000
HK97-like,26,179,2386,0.4173093042749371,0.0427049357754232,0.00167645;0.00419111;0.00335289;0.00209556;0.00167645;0.00335289;0.00754401;0.09597653;0.84325231;0.03185247;0.00125733;0.00293378;0.00000000;0.00083822;0.00000000;0.00000000;0.00000000;0.00000000;0.00000000;0.00000000
HK97-like,26,180,2385,0.4198008385744234,0.0413124840818834,0.00125786;0.00335430;0.00377358;0.00209644;0.00251572;0.00335430;0.00796646;0.05911950;0.87085954;0.03941300;0.00209644;0.00335430;0.00000000;0.00083857;0.00000000;0.00000000;0.00000000;0.00000000;0.00000000;0.00000000
HK97-like,26,185,27692,0.4608334537050411,0.0467808360673242,0.00036112;0.00137224;0.00288892;0.00397227;0.00310559;0.00209447;0.00357504;0.00964177;0.25072223;0.65513506;0.06070345;0.00220280;0.00303337;0.00057778;0.00061390;0.00000000;0.00000000;0.00000000;0.00000000;0.00000000
HK97-like,26,189,3584,0.42568359375,0.0444956395690228,0.00167411;0.00334821;0.00362723;0.00334821;0.00167411;0.00279018;0.00837054;0.02343750;0.82310268;0.12053571;0.00334821;0.00279018;0.00111607;0.00083705;0.00000000;0.00000000;0.00000000;0.00000000;0.00000000;0.00000000
HK97-like,26,209,6085,0.4968241577649958,0.044715391126367,0.00000000;0.00000000;0.00131471;0.00262942;0.00476582;0.00295809;0.00312243;0.00295809;0.01544782;0.46458505;0.48627773;0.01068200;0.00180772;0.00246508;0.00098603;0.00000000;0.00000000;0.00000000;0.00000000;0.00000000
HK97-like,26,213,1193,0.509953897736798,0.0431125786501708,0.00000000;0.00000000;0.00083822;0.00251467;0.00419111;0.00419111;0.00251467;0.00335289;0.01005868;0.22296731;0.72841576;0.01424979;0.00251467;0.00335289;0.00083822;0.00000000;0.00000000;0.00000000;0.00000000;0.00000000
HK97-like,26,216,2387,0.5097297863426895,0.0429138746038052,0.00000000;0.00000000;0.00083787;0.00209468;0.00460829;0.00418936;0.00251362;0.00293255;0.01005446;0.22915794;0.72224550;0.01508169;0.00209468;0.00335149;0.00083787;0.00000000;0.00000000;0.00000000;0.00000000;0.00000000
HK97-like,26,224,4778,0.5168794474675595,0.040183032894959,0.00000000;0.00000000;0.00062788;0.00104646;0.00460444;0.00544161;0.00167434;0.00230222;0.00941817;0.10652993;0.83800753;0.02365006;0.00167434;0.00334868;0.00167434;0.00000000;0.00000000;0.00000000;0.00000000;0.00000000
HK97-like,26,229,8372,0.6503344481605352,0.1519468984718865,0.00000000;0.00000000;0.00000000;0.00083612;0.00155280;0.00334448;0.00191113;0.00203058;0.00346393;0.02878643;0.49104157;0.03619207;0.00155280;0.00286670;0.00561395;0.01373626;0.40277114;0.00238892;0.00155280;0.00035834
HK97-like,26,248,2396,0.8212854757929883,0.0340132838539574,0.00000000;0.00000000;0.00000000;0.00000000;0.00000000;0.00000000;0.00166945;0.00083472;0.00000000;0.00083472;0.00125209;0.00125209;0.00083472;0.00125209;0.00959933;0.02128548;0.95075125;0.00459098;0.00500835;0.00083472
HK97-like,26,252,2397,0.8218710888610763,0.0326900793457853,0.00000000;0.00000000;0.00000000;0.00000000;0.00000000;0.00000000;0.00125156;0.00125156;0.00000000;0.00000000;0.00166875;0.00166875;0.00083438;0.00083438;0.00709220;0.01960784;0.95327493;0.00667501;0.00500626;0.00083438
HK97-like,26,259,7188,0.8245756816917085,0.0322936190014077,0.00000000;0.00000000;0.00000000;0.00000000;0.00000000;0.00000000;0.00013912;0.00139121;0.00097385;0.00000000;0.00069560;0.00250417;0.00013912;0.00166945;0.00514747;0.01655537;0.91805787;0.04549249;0.00486923;0.00236505
HK97-like,26,297,3563,0.9237931518383388,0.0141144290421653,0.00000000;0.00000000;0.00000000;0.00000000;0.00000000;0.00000000;0.00000000;0.00000000;0.00000000;0.00000000;0.00000000;0.00000000;0.00084199;0.00000000;0.00028066;0.00224530;0.00252596;0.01066517;0.97895032;0.00449060
HK97-like,26,301,1189,0.9249158957106814,0.0149288074930055,0.00000000;0.00000000;0.00000000;0.00000000;0.00000000;0.00000000;0.00000000;0.00000000;0.00000000;0.00000000;0.00000000;0.00000000;0.00084104;0.00000000;0.00000000;0.00252313;0.00168209;0.00756939;0.96551724;0.02186712
HK97-like,26,302,3565,0.9341023842917252,0.0240507156397975,0.00000000;0.00000000;0.00000000;0.00000000;0.00000000;0.00000000;0.00000000;0.00000000;0.00000000;0.00000000;0.00000000;0.00000000;0.00084151;0.00000000;0.00000000;0.00140252;0.00252454;0.00757363;0.78373072;0.20392707
HK97-like,26,313,5943,0.961648157496214,0.025528343686357,0.00000000;0.00000000;0.00000000;0.00000000;0.00000000;0.00000000;0.00000000;0.00000000;0.00000000;0.00000000;0.00000000;0.00000000;0.00084133;0.00000000;0.00000000;0.00016827;0.00218745;0.00723540;0.23944136;0.75012620
HK97-like,26,321,3563,0.972684535503789,0.0155215929548061,0.00000000;0.00000000;0.00000000;0.00000000;0.00000000;0.00000000;0.00000000;0.00000000;0.00000000;0.00000000;0.00000000;0.00000000;0.00084199;0.00000000;0.00000000;0.00000000;0.00084199;0.00589391;0.02610160;0.96632052
HK97-like,26,340,1354,0.0939807976366322,0.2164695807612064,0.83087149;0.02511078;0.03914328;0.01846381;0.00886263;0.00886263;0.00516987;0.00147710;0.00073855;0.00073855;0.00000000;0.00000000;0.00000000;0.00000000;0.00000000;0.00147710;0.00221566;0.01329394;0.02437223;0.01920236
HK97-like,27,10,188,0.0252659574468085,0.0036369133859514,0.99468085;0.00531915;0.00000000;0.00000000;0.00000000;0.00000000;0.00000000;0.00000000;0.00000000;0.00000000;0.00000000;0.00000000;0.00000000;0.00000000;0.00000000;0.00000000;0.00000000;0.00000000;0.00000000;0.00000000
HK97-like,27,91,366,0.278415300546448,0.0685172961753665,0.00000000;0.00546448;0.00000000;0.03278689;0.46448087;0.13387978;0.13934426;0.19125683;0.03278689;0.00000000;0.00000000;0.00000000;0.00000000;0.00000000;0.00000000;0.00000000;0.00000000;0.00000000;0.00000000;0.00000000
HK97-like,27,98,751,0.2969041278295605,0.0675535699761032,0.00399467;0.00266312;0.00266312;0.01198402;0.23302264;0.35552597;0.12117177;0.19440746;0.07456724;0.00000000;0.00000000;0.00000000;0.00000000;0.00000000;0.00000000;0.00000000;0.00000000;0.00000000;0.00000000;0.00000000
HK97-like,27,105,366,0.3132513661202186,0.0657965251112317,0.00546448;0.00000000;0.00546448;0.00000000;0.06557377;0.50000000;0.11202186;0.17759563;0.12841530;0.00546448;0.00000000;0.00000000;0.00000000;0.00000000;0.00000000;0.00000000;0.00000000;0.00000000;0.00000000;0.00000000
HK97-like,27,109,184,0.3135869565217392,0.0647332573912078,0.00543478;0.00000000;0.00543478;0.00000000;0.05434783;0.51086957;0.10869565;0.19021739;0.11956522;0.00543478;0.00000000;0.00000000;0.00000000;0.00000000;0.00000000;0.00000000;0.00000000;0.00000000;0.00000000;0.00000000
HK97-like,27,111,365,0.3145890410958904,0.0656983216600204,0.00273973;0.00273973;0.00547945;0.00000000;0.06027397;0.49863014;0.11780822;0.16712329;0.13972603;0.00547945;0.00000000;0.00000000;0.00000000;0.00000000;0.00000000;0.00000000;0.00000000;0.00000000;0.00000000;0.00000000
HK97-like,27,114,183,0.3228142076502732,0.0656670556863504,0.00000000;0.00546448;0.00546448;0.00000000;0.01639344;0.49180328;0.14754098;0.14754098;0.17486339;0.01092896;0.00000000;0.00000000;0.00000000;0.00000000;0.00000000;0.00000000;0.00000000;0.00000000;0.00000000;0.00000000
HK97-like,27,115,366,0.324863387978142,0.0663755907097896,0.00000000;0.00546448;0.00546448;0.00000000;0.01639344;0.46994536;0.16393443;0.14480874;0.17759563;0.01639344;0.00000000;0.00000000;0.00000000;0.00000000;0.00000000;0.00000000;0.00000000;0.00000000;0.00000000;0.00000000
HK97-like,27,118,185,0.3266216216216216,0.0667594922297627,0.00000000;0.00540541;0.00540541;0.00000000;0.01621622;0.44864865;0.18918919;0.12432432;0.19459459;0.01621622;0.00000000;0.00000000;0.00000000;0.00000000;0.00000000;0.00000000;0.00000000;0.00000000;0.00000000;0.00000000
HK97-like,27,119,183,0.328551912568306,0.0673540217431443,0.00000000;0.00546448;0.00546448;0.00000000;0.01639344;0.43169399;0.19672131;0.12021858;0.20765027;0.01639344;0.00000000;0.00000000;0.00000000;0.00000000;0.00000000;0.00000000;0.00000000;0.00000000;0.00000000;0.00000000
HK97-like,27,121,366,0.3353825136612022,0.067660887961966,0.00000000;0.00546448;0.00273224;0.00273224;0.01639344;0.35519126;0.24590164;0.13387978;0.20491803;0.03278689;0.00000000;0.00000000;0.00000000;0.00000000;0.00000000;0.00000000;0.00000000;0.00000000;0.00000000;0.00000000
HK97-like,27,123,183,0.3329234972677595,0.0675896865803608,0.00000000;0.00546448;0.00546448;0.00000000;0.01639344;0.37704918;0.23497268;0.13114754;0.20218579;0.02732240;0.00000000;0.00000000;0.00000000;0.00000000;0.00000000;0.00000000;0.00000000;0.00000000;0.00000000;0.00000000
HK97-like,27,125,183,0.3413934426229508,0.067176452749422,0.00000000;0.00546448;0.00000000;0.00546448;0.01639344;0.28415301;0.29508197;0.14754098;0.19672131;0.04918033;0.00000000;0.00000000;0.00000000;0.00000000;0.00000000;0.00000000;0.00000000;0.00000000;0.00000000;0.00000000
HK97-like,27,128,183,0.3353825136612022,0.0681637863585253,0.00000000;0.00546448;0.00546448;0.00000000;0.01639344;0.35519126;0.24590164;0.13114754;0.20765027;0.03278689;0.00000000;0.00000000;0.00000000;0.00000000;0.00000000;0.00000000;0.00000000;0.00000000;0.00000000;0.00000000
HK97-like,27,129,184,0.3369565217391304,0.0675139137098675,0.00000000;0.00543478;0.00543478;0.00000000;0.01630435;0.33152174;0.26086957;0.14130435;0.20652174;0.03260870;0.00000000;0.00000000;0.00000000;0.00000000;0.00000000;0.00000000;0.00000000;0.00000000;0.00000000;0.00000000
HK97-like,27,160,747,0.6438085676037483,0.1443873621256011,0.00535475;0.00133869;0.00401606;0.00000000;0.00000000;0.00535475;0.00401606;0.12315930;0.04953146;0.00535475;0.00267738;0.00267738;0.00937082;0.24497992;0.49263722;0.04417671;0.00000000;0.00000000;0.00535475;0.00000000
HK97-like,27,163,562,0.6481316725978646,0.1439422596786701,0.00533808;0.00000000;0.00533808;0.00000000;0.00000000;0.00533808;0.00355872;0.10676157;0.06583630;0.00533808;0.00177936;0.00355872;0.00889680;0.19928826;0.52313167;0.06049822;0.00000000;0.00000000;0.00533808;0.00000000
HK97-like,27,166,2084,0.6646113243761995,0.1457369010399684,0.00191939;0.00239923;0.00431862;0.00000000;0.00000000;0.00143954;0.00335893;0.04462572;0.15019194;0.00335893;0.00335893;0.00671785;0.00575816;0.05566219;0.46161228;0.24904031;0.00143954;0.00000000;0.00287908;0.00191939
HK97-like,27,171,377,0.678183023872679,0.149012490987943,0.00530504;0.00530504;0.00000000;0.00530504;0.00000000;0.00000000;0.00530504;0.00530504;0.15384615;0.01591512;0.00530504;0.00000000;0.01061008;0.00530504;0.41379310;0.35809019;0.00530504;0.00000000;0.00000000;0.00530504
HK97-like,27,172,374,0.6831550802139038,0.142012154007874,0.00000000;0.00534759;0.00000000;0.00534759;0.00000000;0.00000000;0.00534759;0.00534759;0.15240642;0.01871658;0.00534759;0.00000000;0.00534759;0.01069519;0.39037433;0.38502674;0.00534759;0.00000000;0.00000000;0.00534759
HK97-like,27,173,187,0.6798128342245989,0.1497889504431314,0.00534759;0.00534759;0.00000000;0.00534759;0.00000000;0.00000000;0.00534759;0.00534759;0.14973262;0.02139037;0.00534759;0.00000000;0.00534759;0.01069519;0.37967914;0.39037433;0.00534759;0.00000000;0.00000000;0.00534759
HK97-like,27,175,189,0.6810846560846561,0.1494346071967813,0.00529101;0.00529101;0.00000000;0.00529101;0.00000000;0.00000000;0.00529101;0.00529101;0.14814815;0.02116402;0.00529101;0.00000000;0.00529101;0.01058201;0.37037037;0.40211640;0.00529101;0.00000000;0.00000000;0.00529101
HK97-like,27,178,376,0.6824468085106383,0.1481189585909572,0.00531915;0.00531915;0.00000000;0.00531915;0.00000000;0.00000000;0.00531915;0.00531915;0.12500000;0.04521277;0.00531915;0.00000000;0.00531915;0.01063830;0.35904255;0.41223404;0.00531915;0.00000000;0.00000000;0.00531915
HK97-like,27,179,376,0.6855053191489361,0.1473706066907085,0.00531915;0.00531915;0.00000000;0.00531915;0.00000000;0.00000000;0.00531915;0.00000000;0.11702128;0.05851064;0.00265957;0.00265957;0.00531915;0.01063830;0.32180851;0.44680851;0.00797872;0.00000000;0.00000000;0.00531915
HK97-like,27,180,376,0.6902925531914893,0.14448705878836,0.00531915;0.00000000;0.00531915;0.00531915;0.00000000;0.00000000;0.00531915;0.00000000;0.08244681;0.09308511;0.00000000;0.00531915;0.00531915;0.00797872;0.27659574;0.49202128;0.01063830;0.00000000;0.00000000;0.00531915
HK97-like,27,185,1347,0.7111172976985894,0.14810205721686,0.00000000;0.00445434;0.01113586;0.00000000;0.00519673;0.00000000;0.00000000;0.00519673;0.01707498;0.14996288;0.00519673;0.00519673;0.00000000;0.01039347;0.03786192;0.59762435;0.14996288;0.00000000;0.00000000;0.00074239
HK97-like,27,189,191,0.6969895287958113,0.1513057301430568,0.01047120;0.00000000;0.00523560;0.00523560;0.00000000;0.00000000;0.00000000;0.00523560;0.04712042;0.12565445;0.00000000;0.00523560;0.00523560;0.00523560;0.15706806;0.58638743;0.03664921;0.00000000;0.00000000;0.00523560
HK97-like,27,209,941,0.7773379383634431,0.1533884254785093,0.00000000;0.00000000;0.00743889;0.00318810;0.00531350;0.00000000;0.00531350;0.00000000;0.00531350;0.00531350;0.16259299;0.00212540;0.00000000;0.00531350;0.00956429;0.00637620;0.37088204;0.40595112;0.00531350;0.00000000
HK97-like,27,213,188,0.7893617021276595,0.1556766869948693,0.00000000;0.00000000;0.00531915;0.00531915;0.00531915;0.00000000;0.00531915;0.00000000;0.00000000;0.00531915;0.15957447;0.01063830;0.00000000;0.00000000;0.01063830;0.01063830;0.15957447;0.61702128;0.00531915;0.00000000
HK97-like,27,216,374,0.788101604278075,0.1550470183907604,0.00000000;0.00000000;0.00534759;0.00534759;0.00534759;0.00000000;0.00534759;0.00000000;0.00000000;0.00534759;0.15508021;0.01604278;0.00000000;0.00000000;0.00802139;0.01336898;0.18449198;0.59090909;0.00534759;0.00000000
HK97-like,27,224,485,0.8404639175257732,0.1074927052768967,0.00000000;0.00000000;0.00206186;0.00618557;0.00000000;0.00206186;0.00206186;0.00000000;0.00000000;0.00206186;0.03917526;0.01649485;0.00000000;0.00000000;0.00618557;0.01855670;0.09072165;0.80412371;0.01030928;0.00000000
HK97-like,27,229,489,0.8631390593047035,0.066017388549799,0.00000000;0.00000000;0.00000000;0.00408998;0.00000000;0.00204499;0.00204499;0.00000000;0.00000000;0.00204499;0.00204499;0.00000000;0.00000000;0.00000000;0.01022495;0.01840491;0.04703476;0.89979550;0.01226994;0.00000000
HK97-like,27,248,8507,0.6799371106147878,0.1282403635724885,0.00000000;0.00070530;0.00152815;0.00141060;0.00117550;0.00199835;0.00246856;0.00270366;0.00199835;0.00329141;0.05395557;0.21887857;0.25943341;0.11026214;0.02256965;0.09145410;0.09674386;0.09392265;0.00399671;0.03150347
HK97-like,27,252,309,0.8727346278317153,0.0222819705573027,0.00000000;0.00000000;0.00000000;0.00000000;0.00000000;0.00000000;0.00000000;0.00000000;0.00000000;0.00000000;0.00000000;0.00000000;0.00000000;0.00000000;0.01294498;0.01294498;0.00647249;0.94174757;0.02588997;0.00000000
HK97-like,27,259,461,0.8726138828633405,0.0206916873261405,0.00000000;0.00000000;0.00000000;0.00000000;0.00000000;0.00000000;0.00000000;0.00000000;0.00000000;0.00000000;0.00000000;0.00000000;0.00000000;0.00000000;0.00216920;0.03036876;0.00650759;0.93492408;0.02603037;0.00000000
HK97-like,27,297,413,0.9263317191283292,0.0283427463370428,0.00000000;0.00000000;0.00000000;0.00000000;0.00000000;0.00000000;0.00000000;0.00000000;0.00000000;0.00000000;0.00000000;0.00000000;0.00000000;0.00242131;0.00484262;0.00000000;0.01210654;0.02663438;0.84503632;0.10895884
HK97-like,27,301,187,0.9378342245989304,0.0313849533895633,0.00000000;0.00000000;0.00000000;0.00000000;0.00000000;0.00000000;0.00000000;0.00000000;0.00000000;0.00000000;0.00000000;0.00000000;0.00000000;0.00000000;0.00534759;0.00000000;0.01069519;0.01604278;0.65240642;0.31550802
HK97-like,27,302,562,0.9446619217081852,0.0488340162991787,0.00000000;0.00177936;0.00000000;0.00000000;0.00000000;0.00000000;0.00000000;0.00000000;0.00000000;0.00000000;0.00000000;0.00000000;0.00000000;0.00000000;0.00355872;0.00177936;0.00889680;0.01245552;0.49822064;0.47330961
HK97-like,27,313,936,0.964690170940171,0.0270131763823023,0.00000000;0.00000000;0.00000000;0.00000000;0.00000000;0.00000000;0.00000000;0.00000000;0.00000000;0.00000000;0.00000000;0.00000000;0.00000000;0.00000000;0.00106838;0.00427350;0.00641026;0.00854701;0.14743590;0.83226496
HK97-like,27,321,486,0.9712962962962962,0.0174703354297344,0.00000000;0.00000000;0.00000000;0.00000000;0.00000000;0.00000000;0.00000000;0.00000000;0.00000000;0.00000000;0.00000000;0.00000000;0.00000000;0.00000000;0.00000000;0.00000000;0.00823045;0.00205761;0.04526749;0.94444444
HK97-like,27,340,184,0.0404891304347826,0.1203110998678749,0.98369565;0.00000000;0.00000000;0.00000000;0.00000000;0.00000000;0.00000000;0.00000000;0.00000000;0.00000000;0.00000000;0.00000000;0.00000000;0.00000000;0.00000000;0.00000000;0.00000000;0.00000000;0.00000000;0.01630435
HK97-like,28,10,710,0.0256338028169014,0.0077108656400475,0.99154930;0.00563380;0.00140845;0.00140845;0.00000000;0.00000000;0.00000000;0.00000000;0.00000000;0.00000000;0.00000000;0.00000000;0.00000000;0.00000000;0.00000000;0.00000000;0.00000000;0.00000000;0.00000000;0.00000000
HK97-like,28,91,2822,0.2849043231750531,0.0292577330347159,0.00212615;0.00000000;0.00141743;0.00602410;0.01204819;0.76080794;0.19985826;0.01594614;0.00177179;0.00000000;0.00000000;0.00000000;0.00000000;0.00000000;0.00000000;0.00000000;0.00000000;0.00000000;0.00000000;0.00000000
HK97-like,28,98,8535,0.3093350908025776,0.0353169623738883,0.00257762;0.00140598;0.00070299;0.00269479;0.00831869;0.32278852;0.60995899;0.04463972;0.00585823;0.00105448;0.00000000;0.00000000;0.00000000;0.00000000;0.00000000;0.00000000;0.00000000;0.00000000;0.00000000;0.00000000
HK97-like,28,105,1413,0.3372434536447275,0.0327787005130185,0.00000000;0.00283086;0.00141543;0.00141543;0.00495400;0.01203114;0.71054494;0.24840764;0.01344657;0.00424628;0.00070771;0.00000000;0.00000000;0.00000000;0.00000000;0.00000000;0.00000000;0.00000000;0.00000000;0.00000000
HK97-like,28,109,1413,0.3346602972399151,0.0320963356913064,0.00070771;0.00283086;0.00070771;0.00141543;0.00566171;0.01203114;0.75513093;0.20594480;0.01132343;0.00353857;0.00070771;0.00000000;0.00000000;0.00000000;0.00000000;0.00000000;0.00000000;0.00000000;0.00000000;0.00000000
HK97-like,28,111,1414,0.3386845827439887,0.0330306030563015,0.00000000;0.00282885;0.00141443;0.00141443;0.00353607;0.01131542;0.68882603;0.27086280;0.01485149;0.00424328;0.00070721;0.00000000;0.00000000;0.00000000;0.00000000;0.00000000;0.00000000;0.00000000;0.00000000;0.00000000
HK97-like,28,114,707,0.3481966053748233,0.0350706635998877,0.00000000;0.00282885;0.00141443;0.00000000;0.00282885;0.00848656;0.52475248;0.42998586;0.02263083;0.00565771;0.00141443;0.00000000;0.00000000;0.00000000;0.00000000;0.00000000;0.00000000;0.00000000;0.00000000;0.00000000
HK97-like,28,115,706,0.3526912181303115,0.0357267066996662,0.00000000;0.00283286;0.00141643;0.00000000;0.00283286;0.00849858;0.44050992;0.51133144;0.02407932;0.00566572;0.00283286;0.00000000;0.00000000;0.00000000;0.00000000;0.00000000;0.00000000;0.00000000;0.00000000;0.00000000
HK97-like,28,118,2122,0.3482092365692742,0.0356998503005441,0.00047125;0.00235627;0.00188501;0.00047125;0.00329877;0.00895382;0.51319510;0.44392083;0.01932139;0.00377003;0.00235627;0.00000000;0.00000000;0.00000000;0.00000000;0.00000000;0.00000000;0.00000000;0.00000000;0.00000000
HK97-like,28,119,708,0.3677966101694915,0.0326179457352739,0.00141243;0.00000000;0.00282486;0.00141243;0.00282486;0.00706215;0.14406780;0.80084746;0.03107345;0.00423729;0.00423729;0.00000000;0.00000000;0.00000000;0.00000000;0.00000000;0.00000000;0.00000000;0.00000000;0.00000000
HK97-like,28,121,1416,0.3756709039548023,0.0325131724852954,0.00141243;0.00000000;0.00282486;0.00141243;0.00282486;0.00635593;0.05296610;0.82909605;0.09392655;0.00494350;0.00353107;0.00070621;0.00000000;0.00000000;0.00000000;0.00000000;0.00000000;0.00000000;0.00000000;0.00000000
HK97-like,28,123,708,0.3747175141242938,0.0307611424583978,0.00141243;0.00000000;0.00282486;0.00141243;0.00282486;0.00564972;0.04519774;0.86440678;0.06779661;0.00423729;0.00423729;0.00000000;0.00000000;0.00000000;0.00000000;0.00000000;0.00000000;0.00000000;0.00000000;0.00000000
HK97-like,28,125,708,0.3822033898305085,0.0335781134970857,0.00141243;0.00000000;0.00282486;0.00141243;0.00282486;0.00282486;0.01271186;0.79519774;0.16807910;0.00847458;0.00141243;0.00282486;0.00000000;0.00000000;0.00000000;0.00000000;0.00000000;0.00000000;0.00000000;0.00000000
HK97-like,28,128,1416,0.3806497175141243,0.0333488903656593,0.00141243;0.00000000;0.00282486;0.00141243;0.00282486;0.00423729;0.02048023;0.80437853;0.15112994;0.00706215;0.00211864;0.00211864;0.00000000;0.00000000;0.00000000;0.00000000;0.00000000;0.00000000;0.00000000;0.00000000
HK97-like,28,129,2122,0.3874646559849199,0.0355898846757635,0.00094251;0.00047125;0.00188501;0.00188501;0.00235627;0.00377003;0.01319510;0.69839774;0.25918944;0.01225259;0.00282752;0.00282752;0.00000000;0.00000000;0.00000000;0.00000000;0.00000000;0.00000000;0.00000000;0.00000000
HK97-like,28,131,707,0.3907708628005657,0.0360075208192646,0.00000000;0.00141443;0.00282885;0.00141443;0.00141443;0.00141443;0.01131542;0.64497878;0.31824611;0.01131542;0.00141443;0.00424328;0.00000000;0.00000000;0.00000000;0.00000000;0.00000000;0.00000000;0.00000000;0.00000000
HK97-like,28,160,3565,0.4765287517531556,0.0477228096892988,0.00084151;0.00504909;0.00112202;0.00084151;0.00112202;0.00280505;0.00224404;0.00280505;0.05946704;0.76830295;0.14277700;0.00701262;0.00140252;0.00224404;0.00168303;0.00028050;0.00000000;0.00000000;0.00000000;0.00000000
HK97-like,28,163,4278,0.4797218326320711,0.0479710324896054,0.00093502;0.00374007;0.00233754;0.00093502;0.00093502;0.00257129;0.00257129;0.00257129;0.04464703;0.73772791;0.18723703;0.00818139;0.00116877;0.00257129;0.00140252;0.00046751;0.00000000;0.00000000;0.00000000;0.00000000
HK97-like,28,166,17883,0.5344670916512889,0.0510594688675634,0.00000000;0.00005592;0.00178941;0.00279595;0.00262819;0.00078287;0.00268411;0.00240452;0.00296371;0.09992731;0.55818375;0.30313706;0.01554549;0.00178941;0.00178941;0.00167757;0.00111838;0.00044735;0.00027960;0.00000000
HK97-like,28,169,713,0.4949158485273493,0.049289409957489,0.00000000;0.00280505;0.00420757;0.00000000;0.00140252;0.00140252;0.00420757;0.00140252;0.00841515;0.52875175;0.42496494;0.01683029;0.00000000;0.00140252;0.00280505;0.00140252;0.00000000;0.00000000;0.00000000;0.00000000
HK97-like,28,171,1426,0.5753155680224403,0.0423483019458015,0.00000000;0.00000000;0.00000000;0.00000000;0.00350631;0.00350631;0.00000000;0.00420757;0.00210379;0.00210379;0.04558205;0.84782609;0.07713885;0.00701262;0.00140252;0.00140252;0.00280505;0.00000000;0.00140252;0.00000000
HK97-like,28,172,1426,0.5816269284712482,0.0435123068301937,0.00000000;0.00000000;0.00000000;0.00000000;0.00140252;0.00561010;0.00000000;0.00350631;0.00210379;0.00280505;0.02664797;0.76718093;0.17251052;0.01122020;0.00140252;0.00140252;0.00280505;0.00000000;0.00140252;0.00000000
HK97-like,28,173,713,0.586781206171108,0.044328207694685,0.00000000;0.00000000;0.00000000;0.00000000;0.00000000;0.00701262;0.00000000;0.00280505;0.00280505;0.00140252;0.01542777;0.69424965;0.25806452;0.01122020;0.00140252;0.00140252;0.00280505;0.00000000;0.00000000;0.00140252
HK97-like,28,175,713,0.5892356241234222,0.0449872728635737,0.00000000;0.00000000;0.00000000;0.00000000;0.00000000;0.00701262;0.00000000;0.00280505;0.00140252;0.00280505;0.01122020;0.65778401;0.29733520;0.01262272;0.00140252;0.00140252;0.00140252;0.00140252;0.00000000;0.00140252
HK97-like,28,178,1426,0.5924614305750352,0.0459068694016702,0.00000000;0.00000000;0.00000000;0.00000000;0.00000000;0.00701262;0.00000000;0.00280505;0.00140252;0.00280505;0.01051893;0.59747546;0.35624123;0.01472651;0.00140252;0.00140252;0.00070126;0.00210379;0.00000000;0.00140252
HK97-like,28,179,1426,0.5963884992987378,0.0466827402880914,0.00000000;0.00000000;0.00000000;0.00000000;0.00000000;0.00701262;0.00000000;0.00280505;0.00140252;0.00280505;0.00841515;0.52805049;0.42356241;0.01893408;0.00140252;0.00140252;0.00000000;0.00280505;0.00000000;0.00140252
HK97-like,28,180,1425,0.603421052631579,0.0447915042729346,0.00000000;0.00000000;0.00000000;0.00000000;0.00000000;0.00350877;0.00350877;0.00140351;0.00280702;0.00280702;0.00421053;0.40631579;0.54175439;0.02736842;0.00000000;0.00210526;0.00070175;0.00280702;0.00000000;0.00070175
HK97-like,28,185,16585,0.6575957190232138,0.0454891707395335,0.00000000;0.00000000;0.00000000;0.00000000;0.00000000;0.00000000;0.00126620;0.00295448;0.00428098;0.00162798;0.00229123;0.01169732;0.37015375;0.52264094;0.07289720;0.00500452;0.00120591;0.00096473;0.00162798;0.00138680
HK97-like,28,189,2143,0.6197736817545496,0.0392502365754955,0.00000000;0.00000000;0.00000000;0.00000000;0.00000000;0.00000000;0.00699953;0.00046664;0.00326645;0.00093327;0.00419972;0.11479235;0.81427905;0.04386374;0.00559963;0.00139991;0.00139991;0.00279981;0.00000000;0.00000000
HK97-like,28,209,3551,0.6970360461841737,0.0378906643659942,0.00000000;0.00000000;0.00000000;0.00000000;0.00000000;0.00000000;0.00000000;0.00000000;0.00112644;0.00732188;0.00028161;0.00253450;0.00957477;0.52464095;0.42889327;0.01971276;0.00281611;0.00140805;0.00140805;0.00028161
HK97-like,28,213,710,0.713169014084507,0.0362040328916478,0.00000000;0.00000000;0.00000000;0.00000000;0.00000000;0.00000000;0.00000000;0.00000000;0.00000000;0.00704225;0.00140845;0.00281690;0.00422535;0.23943662;0.69859155;0.03661972;0.00704225;0.00140845;0.00140845;0.00000000
HK97-like,28,216,1419,0.713231148696265,0.0359455012198687,0.00000000;0.00000000;0.00000000;0.00000000;0.00000000;0.00000000;0.00000000;0.00000000;0.00000000;0.00634249;0.00211416;0.00281889;0.00352361;0.24031008;0.69837914;0.03664553;0.00704722;0.00140944;0.00140944;0.00000000
HK97-like,28,224,2837,0.724418399718012,0.0349557369516834,0.00000000;0.00000000;0.00000000;0.00000000;0.00000000;0.00000000;0.00000000;0.00000000;0.00000000;0.00493479;0.00352485;0.00176243;0.00246740;0.09728587;0.77123722;0.10856539;0.00740219;0.00140994;0.00000000;0.00140994
HK97-like,28,229,15965,0.7582790479173191,0.0361936554919797,0.00000000;0.00000000;0.00000000;0.00000000;0.00000000;0.00000000;0.00000000;0.00000000;0.00000000;0.00087692;0.00238021;0.00313185;0.00394613;0.00958346;0.33091137;0.60294394;0.03939868;0.00394613;0.00162856;0.00125274
HK97-like,28,248,1419,0.7970225510923185,0.0325051660486224,0.00000000;0.00000000;0.00000000;0.00000000;0.00000000;0.00000000;0.00000000;0.00000000;0.00000000;0.00000000;0.00140944;0.00000000;0.00352361;0.00493305;0.00563777;0.52783650;0.44679352;0.00422833;0.00422833;0.00140944
HK97-like,28,252,1416,0.810840395480226,0.0301080906944848,0.00000000;0.00000000;0.00000000;0.00000000;0.00000000;0.00000000;0.00000000;0.00000000;0.00000000;0.00000000;0.00141243;0.00000000;0.00211864;0.00564972;0.00635593;0.25282486;0.72104520;0.00564972;0.00423729;0.00070621
HK97-like,28,259,4247,0.8194784553802684,0.0250641737150593,0.00000000;0.00000000;0.00000000;0.00000000;0.00000000;0.00000000;0.00000000;0.00000000;0.00000000;0.00000000;0.00141276;0.00000000;0.00000000;0.00588651;0.00565105;0.09771603;0.87120320;0.01224394;0.00518013;0.00070638
HK97-like,28,297,2111,0.9207603031738514,0.0198234117148409,0.00000000;0.00000000;0.00000000;0.00000000;0.00000000;0.00000000;0.00000000;0.00000000;0.00000000;0.00000000;0.00000000;0.00142113;0.00000000;0.00000000;0.00000000;0.00000000;0.00568451;0.06774041;0.92089057;0.00426338
HK97-like,28,301,702,0.923076923076923,0.0164474405110477,0.00000000;0.00000000;0.00000000;0.00000000;0.00000000;0.00000000;0.00000000;0.00000000;0.00000000;0.00000000;0.00000000;0.00142450;0.00000000;0.00000000;0.00000000;0.00000000;0.00142450;0.02991453;0.96296296;0.00427350
HK97-like,28,302,2107,0.9231964878974844,0.0163485216295967,0.00000000;0.00000000;0.00000000;0.00000000;0.00000000;0.00000000;0.00000000;0.00000000;0.00000000;0.00000000;0.00000000;0.00142383;0.00000000;0.00000000;0.00000000;0.00000000;0.00142383;0.02800190;0.96440437;0.00474608
HK97-like,28,313,3512,0.9238610478359908,0.0153308630546355,0.00000000;0.00000000;0.00000000;0.00000000;0.00000000;0.00000000;0.00000000;0.00000000;0.00000000;0.00000000;0.00000000;0.00142369;0.00000000;0.00000000;0.00000000;0.00000000;0.00028474;0.01793850;0.97465831;0.00569476
HK97-like,28,321,2107,0.9327361177028952,0.0236038866572104,0.00000000;0.00000000;0.00000000;0.00000000;0.00000000;0.00000000;0.00000000;0.00000000;0.00000000;0.00000000;0.00000000;0.00142383;0.00000000;0.00000000;0.00000000;0.00000000;0.00000000;0.00616991;0.82154722;0.17085904
HK97-like,28,340,750,0.0558666666666666,0.1518022251337429,0.94666667;0.00933333;0.00533333;0.00133333;0.00000000;0.00000000;0.00000000;0.00000000;0.00000000;0.00000000;0.00000000;0.00000000;0.00000000;0.00133333;0.00933333;0.00933333;0.00400000;0.00400000;0.00400000;0.00533333
HK97-like,29,10,166,0.025,0.0,1.00000000;0.00000000;0.00000000;0.00000000;0.00000000;0.00000000;0.00000000;0.00000000;0.00000000;0.00000000;0.00000000;0.00000000;0.00000000;0.00000000;0.00000000;0.00000000;0.00000000;0.00000000;0.00000000;0.00000000
HK97-like,29,91,671,0.3679210134128167,0.0551231491331816,0.00000000;0.00000000;0.00000000;0.00000000;0.00149031;0.01937407;0.46795827;0.27719821;0.11028316;0.11773472;0.00000000;0.00596125;0.00000000;0.00000000;0.00000000;0.00000000;0.00000000;0.00000000;0.00000000;0.00000000
HK97-like,29,98,2150,0.3909767441860464,0.0518885157218654,0.00000000;0.00000000;0.00000000;0.00000000;0.00000000;0.01627907;0.14976744;0.52976744;0.12930233;0.16046512;0.00837209;0.00372093;0.00232558;0.00000000;0.00000000;0.00000000;0.00000000;0.00000000;0.00000000;0.00000000
HK97-like,29,105,334,0.4118263473053891,0.0508030106651746,0.00000000;0.00000000;0.00000000;0.00000000;0.00000000;0.00000000;0.03293413;0.49401198;0.24850299;0.16467066;0.05389222;0.00000000;0.00598802;0.00000000;0.00000000;0.00000000;0.00000000;0.00000000;0.00000000;0.00000000
HK97-like,29,109,334,0.4089820359281437,0.0507961728312095,0.00000000;0.00000000;0.00000000;0.00000000;0.00000000;0.00299401;0.02994012;0.53892216;0.20359281;0.17365269;0.04491018;0.00000000;0.00598802;0.00000000;0.00000000;0.00000000;0.00000000;0.00000000;0.00000000;0.00000000
HK97-like,29,111,334,0.4145209580838323,0.052005393354961,0.00000000;0.00000000;0.00000000;0.00000000;0.00000000;0.00000000;0.02994012;0.46407186;0.27844311;0.15568862;0.06586826;0.00000000;0.00299401;0.00299401;0.00000000;0.00000000;0.00000000;0.00000000;0.00000000;0.00000000
HK97-like,29,114,167,0.4282934131736526,0.0528067668700934,0.00000000;0.00000000;0.00000000;0.00000000;0.00000000;0.00000000;0.01796407;0.28742515;0.45508982;0.10778443;0.12574850;0.00000000;0.00000000;0.00598802;0.00000000;0.00000000;0.00000000;0.00000000;0.00000000;0.00000000
HK97-like,29,115,167,0.4309880239520958,0.0515631103366761,0.00000000;0.00000000;0.00000000;0.00000000;0.00000000;0.00000000;0.01796407;0.23952096;0.49700599;0.11377246;0.12574850;0.00000000;0.00000000;0.00598802;0.00000000;0.00000000;0.00000000;0.00000000;0.00000000;0.00000000
HK97-like,29,118,501,0.423502994011976,0.0524143107469306,0.00000000;0.00000000;0.00000000;0.00000000;0.00000000;0.00000000;0.01996008;0.35329341;0.38522954;0.13572854;0.09980040;0.00000000;0.00199601;0.00399202;0.00000000;0.00000000;0.00000000;0.00000000;0.00000000;0.00000000
HK97-like,29,119,168,0.4380952380952381,0.0537958263223571,0.00000000;0.00000000;0.00595238;0.00000000;0.00000000;0.00000000;0.01190476;0.11904762;0.58928571;0.12500000;0.14285714;0.00000000;0.00000000;0.00595238;0.00000000;0.00000000;0.00000000;0.00000000;0.00000000;0.00000000
HK97-like,29,121,335,0.4426119402985074,0.050846257944725,0.00000000;0.00000000;0.00298507;0.00000000;0.00000000;0.00000000;0.01194030;0.09253731;0.58208955;0.15223881;0.15223881;0.00000000;0.00000000;0.00597015;0.00000000;0.00000000;0.00000000;0.00000000;0.00000000;0.00000000
HK97-like,29,123,168,0.4404761904761904,0.0539930498592788,0.00000000;0.00000000;0.00595238;0.00000000;0.00000000;0.00000000;0.01190476;0.10119048;0.58928571;0.13095238;0.15476190;0.00000000;0.00000000;0.00595238;0.00000000;0.00000000;0.00000000;0.00000000;0.00000000;0.00000000
HK97-like,29,125,168,0.4458333333333332,0.0541208597522014,0.00000000;0.00000000;0.00595238;0.00000000;0.00000000;0.00000000;0.00000000;0.08333333;0.57142857;0.16666667;0.16666667;0.00000000;0.00000000;0.00000000;0.00595238;0.00000000;0.00000000;0.00000000;0.00000000;0.00000000
HK97-like,29,128,334,0.4473053892215569,0.0489813862451972,0.00000000;0.00000000;0.00000000;0.00000000;0.00000000;0.00000000;0.00598802;0.08383234;0.57185629;0.15868263;0.17065868;0.00299401;0.00000000;0.00299401;0.00299401;0.00000000;0.00000000;0.00000000;0.00000000;0.00000000
HK97-like,29,129,502,0.4528884462151394,0.0514638648803449,0.00000000;0.00000000;0.00199203;0.00000000;0.00000000;0.00000000;0.00398406;0.05378486;0.54382470;0.19521912;0.18326693;0.01195219;0.00000000;0.00199203;0.00398406;0.00000000;0.00000000;0.00000000;0.00000000;0.00000000
HK97-like,29,131,168,0.4544642857142857,0.0554554618437113,0.00000000;0.00000000;0.00595238;0.00000000;0.00000000;0.00000000;0.00000000;0.03571429;0.55357143;0.19047619;0.19047619;0.01785714;0.00000000;0.00000000;0.00595238;0.00000000;0.00000000;0.00000000;0.00000000;0.00000000
HK97-like,29,160,835,0.543622754491018,0.0474867289076948,0.00000000;0.00000000;0.00000000;0.00000000;0.00000000;0.00000000;0.00000000;0.00000000;0.01437126;0.04910180;0.64431138;0.16287425;0.12335329;0.00000000;0.00000000;0.00000000;0.00119760;0.00479042;0.00000000;0.00000000
HK97-like,29,163,1002,0.545808383233533,0.0476874932823034,0.00000000;0.00000000;0.00000000;0.00000000;0.00000000;0.00000000;0.00000000;0.00000000;0.01297405;0.03992016;0.62974052;0.18263473;0.12874251;0.00000000;0.00000000;0.00000000;0.00000000;0.00598802;0.00000000;0.00000000
HK97-like,29,166,4191,0.5890539250775472,0.0490720957663279,0.00000000;0.00000000;0.00000000;0.00000000;0.00000000;0.00000000;0.00000000;0.00000000;0.00023861;0.01121451;0.13505130;0.52660463;0.24457170;0.07683131;0.00000000;0.00000000;0.00000000;0.00000000;0.00286328;0.00262467
HK97-like,29,169,167,0.5540419161676647,0.0471744568676676,0.00000000;0.00000000;0.00000000;0.00000000;0.00000000;0.00000000;0.00000000;0.00000000;0.00598802;0.01796407;0.56287425;0.24550898;0.16167665;0.00000000;0.00000000;0.00000000;0.00000000;0.00598802;0.00000000;0.00000000
HK97-like,29,171,332,0.6242469879518072,0.0337117363187712,0.00000000;0.00000000;0.00000000;0.00000000;0.00000000;0.00000000;0.00000000;0.00000000;0.00000000;0.00000000;0.01506024;0.18975904;0.59036145;0.20481928;0.00000000;0.00000000;0.00000000;0.00000000;0.00000000;0.00000000
HK97-like,29,172,333,0.6296546546546546,0.0359464602410267,0.00000000;0.00000000;0.00000000;0.00000000;0.00000000;0.00000000;0.00000000;0.00000000;0.00000000;0.00000000;0.01201201;0.11711712;0.65465465;0.21321321;0.00000000;0.00000000;0.00000000;0.00000000;0.00000000;0.00300300
HK97-like,29,173,166,0.6316265060240963,0.0288024893683901,0.00000000;0.00000000;0.00000000;0.00000000;0.00000000;0.00000000;0.00000000;0.00000000;0.00000000;0.00000000;0.00602410;0.09036145;0.66867470;0.23493976;0.00000000;0.00000000;0.00000000;0.00000000;0.00000000;0.00000000
HK97-like,29,175,166,0.6334337349397591,0.0298785464280415,0.00000000;0.00000000;0.00000000;0.00000000;0.00000000;0.00000000;0.00000000;0.00000000;0.00000000;0.00000000;0.00602410;0.07831325;0.66867470;0.23493976;0.01204819;0.00000000;0.00000000;0.00000000;0.00000000;0.00000000
HK97-like,29,178,332,0.6355421686746988,0.0302152124794178,0.00000000;0.00000000;0.00000000;0.00000000;0.00000000;0.00000000;0.00000000;0.00000000;0.00000000;0.00000000;0.00602410;0.06325301;0.66265060;0.25000000;0.01807229;0.00000000;0.00000000;0.00000000;0.00000000;0.00000000
HK97-like,29,179,333,0.6356606606606606,0.0417217529429504,0.00000000;0.00000000;0.00300300;0.00000000;0.00000000;0.00000000;0.00000000;0.00000000;0.00000000;0.00000000;0.00600601;0.05405405;0.65465465;0.25525526;0.02702703;0.00000000;0.00000000;0.00000000;0.00000000;0.00000000
HK97-like,29,180,332,0.6414156626506025,0.0323774165751217,0.00000000;0.00000000;0.00000000;0.00000000;0.00000000;0.00000000;0.00000000;0.00000000;0.00000000;0.00000000;0.00602410;0.03614458;0.62650602;0.28614458;0.04518072;0.00000000;0.00000000;0.00000000;0.00000000;0.00000000
HK97-like,29,185,4938,0.6952004860267315,0.0373740669811614,0.00000000;0.00000000;0.00000000;0.00000000;0.00000000;0.00000000;0.00000000;0.00000000;0.00000000;0.00000000;0.00000000;0.00587282;0.08100446;0.47671122;0.37606318;0.06034832;0.00000000;0.00000000;0.00000000;0.00000000
HK97-like,29,189,499,0.6512525050100201,0.0382768154100278,0.00000000;0.00000000;0.00000000;0.00000000;0.00000000;0.00000000;0.00000000;0.00000000;0.00000000;0.00000000;0.00000000;0.02605210;0.56513026;0.26653307;0.14228457;0.00000000;0.00000000;0.00000000;0.00000000;0.00000000
HK97-like,29,209,830,0.7353012048192771,0.0265353753153544,0.00000000;0.00000000;0.00000000;0.00000000;0.00000000;0.00000000;0.00000000;0.00000000;0.00000000;0.00000000;0.00000000;0.00000000;0.00602410;0.04096386;0.69397590;0.25903614;0.00000000;0.00000000;0.00000000;0.00000000
HK97-like,29,213,166,0.7403614457831325,0.0266987109084834,0.00000000;0.00000000;0.00000000;0.00000000;0.00000000;0.00000000;0.00000000;0.00000000;0.00000000;0.00000000;0.00000000;0.00000000;0.00602410;0.01807229;0.63855422;0.33734940;0.00000000;0.00000000;0.00000000;0.00000000
HK97-like,29,216,332,0.7403614457831326,0.0269792773279535,0.00000000;0.00000000;0.00000000;0.00000000;0.00000000;0.00000000;0.00000000;0.00000000;0.00000000;0.00000000;0.00000000;0.00000000;0.00602410;0.02108434;0.63253012;0.34036145;0.00000000;0.00000000;0.00000000;0.00000000
HK97-like,29,224,666,0.7475975975975976,0.0490511493186828,0.00300300;0.00000000;0.00000000;0.00000000;0.00000000;0.00000000;0.00000000;0.00000000;0.00000000;0.00000000;0.00000000;0.00000000;0.00000000;0.02102102;0.48198198;0.47297297;0.02102102;0.00000000;0.00000000;0.00000000
HK97-like,29,229,4672,0.7925299657534247,0.0317487454071862,0.00000000;0.00000000;0.00000000;0.00000000;0.00000000;0.00000000;0.00000000;0.00000000;0.00000000;0.00000000;0.00000000;0.00000000;0.00000000;0.00663527;0.05736301;0.52525685;0.40025685;0.01048801;0.00000000;0.00000000
HK97-like,29,248,333,0.8277027027027027,0.0460958515512289,0.00000000;0.00300300;0.00000000;0.00000000;0.00000000;0.00000000;0.00000000;0.00000000;0.00000000;0.00000000;0.00000000;0.00000000;0.00000000;0.00000000;0.00600601;0.02102102;0.83783784;0.13213213;0.00000000;0.00000000
HK97-like,29,252,332,0.8356927710843374,0.023254787216091,0.00000000;0.00000000;0.00000000;0.00000000;0.00000000;0.00000000;0.00000000;0.00000000;0.00000000;0.00000000;0.00000000;0.00000000;0.00000000;0.00000000;0.00301205;0.01506024;0.74698795;0.23493976;0.00000000;0.00000000
HK97-like,29,259,996,0.8397590361445783,0.0237761094841757,0.00000000;0.00000000;0.00000000;0.00000000;0.00000000;0.00000000;0.00000000;0.00000000;0.00000000;0.00000000;0.00000000;0.00000000;0.00000000;0.00000000;0.00000000;0.00803213;0.68975904;0.30120482;0.00100402;0.00000000
HK97-like,29,297,497,0.9231891348088532,0.0108372096655897,0.00000000;0.00000000;0.00000000;0.00000000;0.00000000;0.00000000;0.00000000;0.00000000;0.00000000;0.00000000;0.00000000;0.00000000;0.00000000;0.00000000;0.00000000;0.00000000;0.00603622;0.02414487;0.96981891;0.00000000
HK97-like,29,301,167,0.9184131736526946,0.0664657172005374,0.00000000;0.00598802;0.00000000;0.00000000;0.00000000;0.00000000;0.00000000;0.00000000;0.00000000;0.00000000;0.00000000;0.00000000;0.00000000;0.00000000;0.00000000;0.00000000;0.00598802;0.02395210;0.95808383;0.00598802
HK97-like,29,302,499,0.9242985971943888,0.0432232056776701,0.00200401;0.00000000;0.00000000;0.00000000;0.00000000;0.00000000;0.00000000;0.00000000;0.00000000;0.00000000;0.00000000;0.00000000;0.00000000;0.00000000;0.00000000;0.00000000;0.00601202;0.02004008;0.91783567;0.05410822
HK97-like,29,313,832,0.9423076923076924,0.0264204455077578,0.00000000;0.00000000;0.00000000;0.00000000;0.00000000;0.00000000;0.00000000;0.00000000;0.00000000;0.00000000;0.00000000;0.00000000;0.00000000;0.00000000;0.00000000;0.00000000;0.00600962;0.00841346;0.61899038;0.36658654
HK97-like,29,321,498,0.9706827309236948,0.0160457348037869,0.00000000;0.00000000;0.00000000;0.00000000;0.00000000;0.00000000;0.00000000;0.00000000;0.00000000;0.00000000;0.00000000;0.00000000;0.00000000;0.00000000;0.00000000;0.00000000;0.00000000;0.01204819;0.06224900;0.92570281
HK97-like,29,340,170,0.0273529411764705,0.0208719941167178,0.98235294;0.00588235;0.00588235;0.00000000;0.00000000;0.00588235;0.00000000;0.00000000;0.00000000;0.00000000;0.00000000;0.00000000;0.00000000;0.00000000;0.00000000;0.00000000;0.00000000;0.00000000;0.00000000;0.00000000
HK97-like,30,10,498,0.0257028112449799,0.0058861378341766,0.98594378;0.01405622;0.00000000;0.00000000;0.00000000;0.00000000;0.00000000;0.00000000;0.00000000;0.00000000;0.00000000;0.00000000;0.00000000;0.00000000;0.00000000;0.00000000;0.00000000;0.00000000;0.00000000;0.00000000
HK97-like,30,91,971,0.4702111225540679,0.0564138719042585,0.00205973;0.00102987;0.00102987;0.00000000;0.00411946;0.00102987;0.01235839;0.01956746;0.23789907;0.50669413;0.16477858;0.04325438;0.00205973;0.00205973;0.00102987;0.00102987;0.00000000;0.00000000;0.00000000;0.00000000
HK97-like,30,98,3403,0.4906626506024096,0.0596915883957745,0.00176315;0.00264473;0.00088158;0.00029386;0.00205701;0.00205701;0.00558331;0.01851308;0.09932413;0.46018219;0.30796356;0.08257420;0.01116662;0.00264473;0.00146929;0.00088158;0.00000000;0.00000000;0.00000000;0.00000000
HK97-like,30,105,486,0.516872427983539,0.056298661448885,0.00000000;0.00411523;0.00000000;0.00205761;0.00000000;0.00411523;0.00000000;0.01646091;0.01234568;0.24074074;0.53292181;0.15843621;0.02263374;0.00411523;0.00205761;0.00000000;0.00000000;0.00000000;0.00000000;0.00000000
HK97-like,30,109,972,0.5101851851851852,0.0570779074348979,0.00000000;0.00411523;0.00000000;0.00205761;0.00000000;0.00411523;0.00000000;0.01851852;0.02263374;0.31790123;0.46913580;0.13580247;0.02057613;0.00308642;0.00205761;0.00000000;0.00000000;0.00000000;0.00000000;0.00000000
HK97-like,30,111,972,0.5144547325102881,0.057102634911336,0.00000000;0.00411523;0.00000000;0.00205761;0.00000000;0.00411523;0.00000000;0.01748971;0.01851852;0.26851852;0.50308642;0.15226337;0.02469136;0.00308642;0.00205761;0.00000000;0.00000000;0.00000000;0.00000000;0.00000000
HK97-like,30,114,486,0.523559670781893,0.0559061487513169,0.00000000;0.00411523;0.00000000;0.00205761;0.00000000;0.00205761;0.00205761;0.01440329;0.01440329;0.15432099;0.59053498;0.17283951;0.03703704;0.00411523;0.00205761;0.00000000;0.00000000;0.00000000;0.00000000;0.00000000
HK97-like,30,115,486,0.5257201646090536,0.054945688530027,0.00000000;0.00205761;0.00205761;0.00205761;0.00000000;0.00205761;0.00205761;0.01440329;0.01234568;0.13580247;0.59259259;0.19135802;0.03703704;0.00411523;0.00205761;0.00000000;0.00000000;0.00000000;0.00000000;0.00000000
HK97-like,30,118,1458,0.5207475994513031,0.0565869392936827,0.00000000;0.00274348;0.00137174;0.00205761;0.00000000;0.00342936;0.00068587;0.01508916;0.01646091;0.19958848;0.54389575;0.17489712;0.03360768;0.00411523;0.00205761;0.00000000;0.00000000;0.00000000;0.00000000;0.00000000
HK97-like,30,119,486,0.5306584362139918,0.0544697465849422,0.00000000;0.00000000;0.00411523;0.00000000;0.00205761;0.00205761;0.00205761;0.01028807;0.01440329;0.11934156;0.55555556;0.23251029;0.05144033;0.00411523;0.00205761;0.00000000;0.00000000;0.00000000;0.00000000;0.00000000
HK97-like,30,121,972,0.537448559670782,0.055964903280181,0.00000000;0.00000000;0.00411523;0.00000000;0.00205761;0.00205761;0.00205761;0.00823045;0.01646091;0.08847737;0.50617284;0.29320988;0.06893004;0.00514403;0.00308642;0.00000000;0.00000000;0.00000000;0.00000000;0.00000000
HK97-like,30,123,486,0.5348765432098765,0.0552322554525124,0.00000000;0.00000000;0.00411523;0.00000000;0.00205761;0.00205761;0.00205761;0.00823045;0.01646091;0.10493827;0.51028807;0.28395062;0.05967078;0.00411523;0.00205761;0.00000000;0.00000000;0.00000000;0.00000000;0.00000000
HK97-like,30,125,486,0.5443415637860083,0.0566228825113312,0.00000000;0.00000000;0.00411523;0.00000000;0.00205761;0.00205761;0.00205761;0.00411523;0.02057613;0.06584362;0.43827160;0.36625514;0.08436214;0.00617284;0.00411523;0.00000000;0.00000000;0.00000000;0.00000000;0.00000000
HK97-like,30,128,973,0.5418550873586845,0.0563863541337346,0.00000000;0.00000000;0.00411100;0.00000000;0.00205550;0.00205550;0.00205550;0.00411100;0.01952724;0.07297020;0.47070915;0.33504625;0.07810894;0.00411100;0.00411100;0.00102775;0.00000000;0.00000000;0.00000000;0.00000000
HK97-like,30,129,1458,0.5489026063100136,0.0560441121215709,0.00000000;0.00000000;0.00274348;0.00137174;0.00137174;0.00205761;0.00205761;0.00411523;0.01851852;0.05349794;0.40534979;0.39574760;0.10082305;0.00754458;0.00480110;0.00000000;0.00000000;0.00000000;0.00000000;0.00000000
HK97-like,30,131,486,0.5504115226337448,0.055808087077755,0.00000000;0.00000000;0.00205761;0.00205761;0.00205761;0.00205761;0.00205761;0.00205761;0.02057613;0.04526749;0.39300412;0.40946502;0.10905350;0.00617284;0.00411523;0.00000000;0.00000000;0.00000000;0.00000000;0.00000000
HK97-like,30,160,2436,0.6549671592775039,0.0519030190627212,0.00000000;0.00000000;0.00000000;0.00000000;0.00000000;0.00041051;0.00369458;0.00328407;0.00287356;0.00615764;0.01600985;0.01477833;0.35960591;0.48727422;0.09318555;0.00903120;0.00246305;0.00082102;0.00000000;0.00041051
HK97-like,30,163,2923,0.6575521724255902,0.0519222055309655,0.00000000;0.00000000;0.00000000;0.00000000;0.00000000;0.00000000;0.00410537;0.00307903;0.00307903;0.00581594;0.01573726;0.01402668;0.32671912;0.50701334;0.10776599;0.00889497;0.00239480;0.00102634;0.00000000;0.00034211
HK97-like,30,166,3898,0.6791816316059518,0.047464818882086,0.00000000;0.00000000;0.00000000;0.00000000;0.00000000;0.00000000;0.00051308;0.00359159;0.00436121;0.00538738;0.01026167;0.01693176;0.05849153;0.64853771;0.23576193;0.01077476;0.00359159;0.00179579;0.00000000;0.00000000
HK97-like,30,169,487,0.670482546201232,0.0492252418855549,0.00000000;0.00000000;0.00000000;0.00000000;0.00000000;0.00000000;0.00205339;0.00205339;0.00616016;0.00410678;0.01232033;0.01437372;0.15605749;0.61601643;0.17453799;0.00821355;0.00205339;0.00205339;0.00000000;0.00000000
HK97-like,30,171,976,0.687704918032787,0.0464129166102709,0.00000000;0.00000000;0.00000000;0.00000000;0.00000000;0.00000000;0.00000000;0.00409836;0.00204918;0.00614754;0.00614754;0.02049180;0.01434426;0.59426230;0.32581967;0.02049180;0.00409836;0.00204918;0.00000000;0.00000000
HK97-like,30,172,976,0.6921618852459016,0.0466614773158577,0.00000000;0.00000000;0.00000000;0.00000000;0.00000000;0.00000000;0.00000000;0.00307377;0.00307377;0.00614754;0.00614754;0.01434426;0.01741803;0.52663934;0.38831967;0.02868852;0.00409836;0.00204918;0.00000000;0.00000000
HK97-like,30,173,488,0.6963114754098362,0.0472254935957703,0.00000000;0.00000000;0.00000000;0.00000000;0.00000000;0.00000000;0.00000000;0.00204918;0.00409836;0.00614754;0.00614754;0.01229508;0.01844262;0.46106557;0.44262295;0.04098361;0.00409836;0.00204918;0.00000000;0.00000000
HK97-like,30,175,488,0.6987704918032788,0.0478912338200563,0.00000000;0.00000000;0.00000000;0.00000000;0.00000000;0.00000000;0.00000000;0.00204918;0.00409836;0.00614754;0.00614754;0.01229508;0.01639344;0.42827869;0.46516393;0.05327869;0.00409836;0.00204918;0.00000000;0.00000000
HK97-like,30,178,976,0.7023053278688525,0.0480651561311195,0.00000000;0.00000000;0.00000000;0.00000000;0.00000000;0.00000000;0.00000000;0.00000000;0.00614754;0.00614754;0.00614754;0.01229508;0.01639344;0.37397541;0.50717213;0.06352459;0.00614754;0.00204918;0.00000000;0.00000000
HK97-like,30,179,976,0.7078381147540984,0.0482271608024855,0.00000000;0.00000000;0.00000000;0.00000000;0.00000000;0.00000000;0.00000000;0.00000000;0.00614754;0.00614754;0.00512295;0.01127049;0.01536885;0.29508197;0.56864754;0.08196721;0.00819672;0.00204918;0.00000000;0.00000000
HK97-like,30,180,976,0.712858606557377,0.0473003189400326,0.00000000;0.00000000;0.00000000;0.00000000;0.00000000;0.00000000;0.00000000;0.00000000;0.00614754;0.00307377;0.00717213;0.01127049;0.01434426;0.22540984;0.61987705;0.10143443;0.00922131;0.00204918;0.00000000;0.00000000
HK97-like,30,185,13743,0.7548551990104052,0.0472910269671853,0.00000000;0.00000000;0.00000000;0.00000000;0.00000000;0.00000000;0.00000000;0.00000000;0.00007276;0.00414757;0.00683985;0.00865895;0.00996871;0.01739067;0.33260569;0.53787383;0.07698465;0.00480244;0.00058211;0.00007276
HK97-like,30,189,1468,0.7234332425068118,0.0466989055307458,0.00000000;0.00000000;0.00000000;0.00000000;0.00000000;0.00000000;0.00000000;0.00000000;0.00340599;0.00476839;0.00613079;0.01226158;0.01430518;0.09673025;0.68732970;0.15803815;0.01226158;0.00204360;0.00272480;0.00000000
HK97-like,30,209,1963,0.7891110545084055,0.0437605895203573,0.00000000;0.00000000;0.00000000;0.00000000;0.00000000;0.00000000;0.00000000;0.00000000;0.00000000;0.00000000;0.00407539;0.00713194;0.01273561;0.00560367;0.01986755;0.57666836;0.35455935;0.01477331;0.00203770;0.00254712
HK97-like,30,213,487,0.7978952772073922,0.042682574603935,0.00000000;0.00000000;0.00000000;0.00000000;0.00000000;0.00000000;0.00000000;0.00000000;0.00000000;0.00000000;0.00410678;0.00410678;0.01232033;0.00616016;0.01642710;0.41889117;0.51950719;0.01642710;0.00000000;0.00205339
HK97-like,30,216,974,0.7986652977412732,0.0431916469301847,0.00000000;0.00000000;0.00000000;0.00000000;0.00000000;0.00000000;0.00000000;0.00000000;0.00000000;0.00000000;0.00410678;0.00410678;0.01334702;0.00513347;0.01540041;0.40862423;0.52874743;0.01642710;0.00205339;0.00205339
HK97-like,30,224,1471,0.8063052345343305,0.0430475204961462,0.00000000;0.00000000;0.00000000;0.00000000;0.00000000;0.00000000;0.00000000;0.00000000;0.00000000;0.00000000;0.00407886;0.00407886;0.01019714;0.00815772;0.01563562;0.27056424;0.65873555;0.02175391;0.00407886;0.00271924
HK97-like,30,229,2533,0.810965258586656,0.0475352423658567,0.00000000;0.00000000;0.00000000;0.00000000;0.00000000;0.00000000;0.00000000;0.00000000;0.00000000;0.00000000;0.00750099;0.00710620;0.01105409;0.01144887;0.00552704;0.16344256;0.74812475;0.03987367;0.00473747;0.00118437
HK97-like,30,248,978,0.8213701431492841,0.0370101131398113,0.00000000;0.00000000;0.00000000;0.00000000;0.00000000;0.00000000;0.00000000;0.00000000;0.00000000;0.00000000;0.00000000;0.00613497;0.00511247;0.01431493;0.00613497;0.05316973;0.83844581;0.06850716;0.00613497;0.00204499
HK97-like,30,252,487,0.8232546201232033,0.0369809437331402,0.00000000;0.00000000;0.00000000;0.00000000;0.00000000;0.00000000;0.00000000;0.00000000;0.00000000;0.00000000;0.00000000;0.00616016;0.00410678;0.01437372;0.00616016;0.04517454;0.81930185;0.09650924;0.00821355;0.00000000
HK97-like,30,259,9245,0.8462925905895078,0.0422540329870751,0.00000000;0.00000000;0.00000000;0.00000000;0.00000000;0.00000000;0.00000000;0.00000000;0.00000000;0.00000000;0.00000000;0.00573283;0.00313683;0.00919416;0.01060032;0.01222282;0.44791779;0.49572742;0.01406165;0.00140617
HK97-like,30,302,487,0.9108316221765914,0.0383766643090256,0.00000000;0.00000000;0.00000000;0.00000000;0.00000000;0.00000000;0.00000000;0.00000000;0.00000000;0.00000000;0.00000000;0.00000000;0.00616016;0.00205339;0.00821355;0.00205339;0.01232033;0.18480493;0.77207392;0.01232033
HK97-like,30,313,1945,0.912840616966581,0.0374298355848281,0.00000000;0.00000000;0.00000000;0.00000000;0.00000000;0.00000000;0.00000000;0.00000000;0.00000000;0.00000000;0.00000000;0.00000000;0.00616967;0.00205656;0.00771208;0.00308483;0.00925450;0.14755784;0.81388175;0.01028278
HK97-like,30,321,1946,0.9187564234326826,0.0350937706186127,0.00000000;0.00000000;0.00000000;0.00000000;0.00000000;0.00000000;0.00000000;0.00000000;0.00000000;0.00000000;0.00000000;0.00000000;0.00411100;0.00359712;0.00822199;0.00256937;0.00565262;0.06166495;0.88283659;0.03134635
HK97-like,30,340,1346,0.3932392273402674,0.1553759926284852,0.04086181;0.03566122;0.02823180;0.04383358;0.04309064;0.03194651;0.03343239;0.04309064;0.30534918;0.26002972;0.08395245;0.01708767;0.00148588;0.01040119;0.00520059;0.00222883;0.00668648;0.00445765;0.00222883;0.00074294
HK97-like,32,10,3040,0.0353618421052631,0.038574952560278,0.90361842;0.04210526;0.02500000;0.01578947;0.00493421;0.00460526;0.00296053;0.00065789;0.00032895;0.00000000;0.00000000;0.00000000;0.00000000;0.00000000;0.00000000;0.00000000;0.00000000;0.00000000;0.00000000;0.00000000
HK97-like,32,104,5461,0.4016800952206555,0.1122408387480667,0.00567662;0.00476103;0.00256363;0.00439480;0.01757920;0.03827138;0.15821278;0.37502289;0.22102179;0.06903498;0.03900385;0.01336752;0.01043765;0.00860648;0.00750778;0.00714155;0.00585973;0.00476103;0.00494415;0.00183117
HK97-like,32,340,5448,0.10268906020558,0.1376163272897099,0.49357562;0.10517621;0.18447137;0.12665198;0.03689427;0.01688693;0.00734214;0.00367107;0.00165198;0.00128488;0.00091777;0.00073421;0.00000000;0.00091777;0.00091777;0.00201909;0.00055066;0.00550661;0.00734214;0.00348752
HK97-like,32,344,31294,0.4760273534862912,0.2260962776452724,0.04342685;0.05205471;0.02406212;0.01281396;0.01581773;0.02652266;0.11139516;0.15625999;0.06812808;0.03281779;0.01987601;0.01588164;0.04176519;0.19799323;0.13647984;0.02134594;0.00718988;0.00655078;0.00514476;0.00447370
HK97-like,32,346,35290,0.6927656559931993,0.3148816417983113,0.04162652;0.03955795;0.05638991;0.03221876;0.01076792;0.00716917;0.01470672;0.03134032;0.01802210;0.00688580;0.00510060;0.00544063;0.02085577;0.03828280;0.01275149;0.01260980;0.02748654;0.29971663;0.31014452;0.00892604
HK97-like,32,355,14937,0.9682081408582712,0.0439736952431731,0.00033474;0.00040169;0.00033474;0.00020084;0.00026779;0.00020084;0.00013390;0.00000000;0.00000000;0.00000000;0.00000000;0.00000000;0.00046863;0.00100422;0.00073643;0.00234317;0.00836848;0.01144808;0.03441119;0.93934525
HK97-like,32,360,10957,0.4262777220041983,0.1147401092893968,0.00675367;0.00520215;0.00465456;0.00319431;0.00721000;0.02664963;0.06415990;0.28246783;0.34699279;0.11818929;0.05941407;0.01852697;0.00967418;0.00985671;0.00839646;0.00830519;0.00584101;0.00529342;0.00538469;0.00383317
HK97-like,32,362,61553,0.4703893392685978,0.1182315918665405,0.00646597;0.00729453;0.00646597;0.00534499;0.00529625;0.00956899;0.02454795;0.08534109;0.25434991;0.31122772;0.16156808;0.05291375;0.01663607;0.00948776;0.00908160;0.00862671;0.00862671;0.00670966;0.00584862;0.00459766
HK97-like,32,363,4017,0.3419653970624844,0.2016741655593698,0.10804083;0.07916355;0.04232014;0.02489420;0.01767488;0.02887727;0.08264874;0.25491660;0.18322131;0.05875031;0.03684342;0.01344287;0.00796614;0.00871297;0.00672143;0.00796614;0.00771720;0.00622355;0.01120239;0.01269604
HK97-like,33,10,323,0.0287151702786377,0.016742614994664,0.93808050;0.05572755;0.00309598;0.00000000;0.00309598;0.00000000;0.00000000;0.00000000;0.00000000;0.00000000;0.00000000;0.00000000;0.00000000;0.00000000;0.00000000;0.00000000;0.00000000;0.00000000;0.00000000;0.00000000
HK97-like,33,91,1064,0.5276315789473683,0.0312284749769601,0.00000000;0.00000000;0.00000000;0.00000000;0.00000000;0.00000000;0.00000000;0.00000000;0.00375940;0.12593985;0.71334586;0.13157895;0.02161654;0.00375940;0.00000000;0.00000000;0.00000000;0.00000000;0.00000000;0.00000000
HK97-like,33,98,3109,0.544154068832422,0.0313821996952548,0.00000000;0.00000000;0.00000000;0.00000000;0.00000000;0.00000000;0.00000000;0.00000000;0.00032165;0.02476681;0.61145063;0.32454165;0.03473786;0.00225153;0.00192988;0.00000000;0.00000000;0.00000000;0.00000000;0.00000000
HK97-like,33,105,532,0.5628759398496241,0.0321328250184379,0.00000000;0.00000000;0.00000000;0.00000000;0.00000000;0.00000000;0.00000000;0.00000000;0.00000000;0.00751880;0.31766917;0.59774436;0.06766917;0.00563910;0.00375940;0.00000000;0.00000000;0.00000000;0.00000000;0.00000000
HK97-like,33,109,531,0.5604048964218455,0.0323116867160412,0.00000000;0.00000000;0.00000000;0.00000000;0.00000000;0.00000000;0.00000000;0.00000000;0.00000000;0.00753296;0.35781544;0.56685499;0.05838041;0.00564972;0.00376648;0.00000000;0.00000000;0.00000000;0.00000000;0.00000000
HK97-like,33,111,532,0.5645676691729322,0.0322874939100001,0.00000000;0.00000000;0.00000000;0.00000000;0.00000000;0.00000000;0.00000000;0.00000000;0.00000000;0.00751880;0.29135338;0.62030075;0.06766917;0.00939850;0.00375940;0.00000000;0.00000000;0.00000000;0.00000000;0.00000000
HK97-like,33,114,266,0.5729323308270676,0.0301227302801331,0.00000000;0.00000000;0.00000000;0.00000000;0.00000000;0.00000000;0.00000000;0.00000000;0.00000000;0.00751880;0.15789474;0.72180451;0.09774436;0.01127820;0.00375940;0.00000000;0.00000000;0.00000000;0.00000000;0.00000000
HK97-like,33,115,266,0.5768796992481203,0.0280346288533867,0.00000000;0.00000000;0.00000000;0.00000000;0.00000000;0.00000000;0.00000000;0.00000000;0.00000000;0.00375940;0.10526316;0.75939850;0.11654135;0.01127820;0.00375940;0.00000000;0.00000000;0.00000000;0.00000000;0.00000000
HK97-like,33,118,796,0.5714195979899497,0.0313493817566121,0.00000000;0.00000000;0.00000000;0.00000000;0.00000000;0.00000000;0.00000000;0.00000000;0.00000000;0.00502513;0.19723618;0.68090452;0.10175879;0.01130653;0.00376884;0.00000000;0.00000000;0.00000000;0.00000000;0.00000000
HK97-like,33,119,266,0.5843984962406015,0.0285293516840664,0.00000000;0.00000000;0.00000000;0.00000000;0.00000000;0.00000000;0.00000000;0.00000000;0.00000000;0.00000000;0.04887218;0.74812030;0.17293233;0.02631579;0.00375940;0.00000000;0.00000000;0.00000000;0.00000000;0.00000000
HK97-like,33,121,532,0.5887218045112782,0.0304980840969698,0.00000000;0.00000000;0.00000000;0.00000000;0.00000000;0.00000000;0.00000000;0.00000000;0.00000000;0.00000000;0.03947368;0.68609023;0.24060150;0.03007519;0.00187970;0.00187970;0.00000000;0.00000000;0.00000000;0.00000000
HK97-like,33,123,266,0.5859022556390977,0.0293016114062404,0.00000000;0.00000000;0.00000000;0.00000000;0.00000000;0.00000000;0.00000000;0.00000000;0.00000000;0.00000000;0.04887218;0.71804511;0.20300752;0.02631579;0.00375940;0.00000000;0.00000000;0.00000000;0.00000000;0.00000000
HK97-like,33,125,266,0.5947368421052632,0.0317936000409128,0.00000000;0.00000000;0.00000000;0.00000000;0.00000000;0.00000000;0.00000000;0.00000000;0.00000000;0.00000000;0.02631579;0.59774436;0.33834586;0.03383459;0.00000000;0.00375940;0.00000000;0.00000000;0.00000000;0.00000000
HK97-like,33,128,532,0.5926691729323308,0.031530799313227,0.00000000;0.00000000;0.00000000;0.00000000;0.00000000;0.00000000;0.00000000;0.00000000;0.00000000;0.00000000;0.02631579;0.63909774;0.29887218;0.03007519;0.00187970;0.00375940;0.00000000;0.00000000;0.00000000;0.00000000
HK97-like,33,129,575,0.5953478260869565,0.0323548379497157,0.00000000;0.00000000;0.00000000;0.00000000;0.00000000;0.00000000;0.00000000;0.00000000;0.00000000;0.00000000;0.02434783;0.59652174;0.33565217;0.03826087;0.00173913;0.00347826;0.00000000;0.00000000;0.00000000;0.00000000
HK97-like,33,131,266,0.6026315789473684,0.0318247016380206,0.00000000;0.00000000;0.00000000;0.00000000;0.00000000;0.00000000;0.00000000;0.00000000;0.00000000;0.00000000;0.01127820;0.47744361;0.46992481;0.03383459;0.00375940;0.00375940;0.00000000;0.00000000;0.00000000;0.00000000
HK97-like,33,160,798,0.6713032581453635,0.0283549514651763,0.00000000;0.00000000;0.00000000;0.00000000;0.00000000;0.00000000;0.00000000;0.00000000;0.00000000;0.00000000;0.00000000;0.00250627;0.16666667;0.75187970;0.06641604;0.00751880;0.00375940;0.00125313;0.00000000;0.00000000
HK97-like,33,163,1862,0.6751611170784104,0.0286648066656594,0.00000000;0.00000000;0.00000000;0.00000000;0.00000000;0.00000000;0.00000000;0.00000000;0.00000000;0.00000000;0.00000000;0.00268528;0.11868958;0.77551020;0.08807734;0.00859291;0.00375940;0.00268528;0.00000000;0.00000000
HK97-like,33,166,2069,0.6936805219913001,0.0308216609306043,0.00000000;0.00000000;0.00000000;0.00000000;0.00000000;0.00000000;0.00000000;0.00000000;0.00000000;0.00000000;0.00000000;0.00000000;0.02126631;0.62058966;0.33252779;0.01836636;0.00338328;0.00386660;0.00000000;0.00000000
HK97-like,33,169,532,0.6845864661654136,0.0276290214150649,0.00000000;0.00000000;0.00000000;0.00000000;0.00000000;0.00000000;0.00000000;0.00000000;0.00000000;0.00000000;0.00000000;0.00000000;0.03383459;0.76691729;0.18421053;0.00751880;0.00375940;0.00375940;0.00000000;0.00000000
HK97-like,33,171,532,0.7077067669172933,0.0306846149284388,0.00000000;0.00000000;0.00000000;0.00000000;0.00000000;0.00000000;0.00000000;0.00000000;0.00000000;0.00000000;0.00000000;0.00000000;0.00375940;0.39473684;0.55639098;0.03759398;0.00375940;0.00375940;0.00000000;0.00000000
HK97-like,33,172,533,0.7128986866791744,0.0299920730327909,0.00000000;0.00000000;0.00000000;0.00000000;0.00000000;0.00000000;0.00000000;0.00000000;0.00000000;0.00000000;0.00000000;0.00000000;0.00375235;0.29643527;0.65478424;0.03377111;0.00562852;0.00562852;0.00000000;0.00000000
HK97-like,33,173,265,0.7166981132075472,0.0295715218090038,0.00000000;0.00000000;0.00000000;0.00000000;0.00000000;0.00000000;0.00000000;0.00000000;0.00000000;0.00000000;0.00000000;0.00000000;0.00377358;0.23018868;0.71698113;0.03396226;0.00754717;0.00754717;0.00000000;0.00000000
HK97-like,33,175,266,0.718796992481203,0.0298659308500722,0.00000000;0.00000000;0.00000000;0.00000000;0.00000000;0.00000000;0.00000000;0.00000000;0.00000000;0.00000000;0.00000000;0.00000000;0.00375940;0.19548872;0.74812030;0.03759398;0.00751880;0.00375940;0.00375940;0.00000000
HK97-like,33,178,532,0.7208646616541353,0.0291128945812771,0.00000000;0.00000000;0.00000000;0.00000000;0.00000000;0.00000000;0.00000000;0.00000000;0.00000000;0.00000000;0.00000000;0.00000000;0.00375940;0.16165414;0.77443609;0.04511278;0.00751880;0.00375940;0.00375940;0.00000000
HK97-like,33,179,532,0.7234022556390978,0.0276301403645769,0.00000000;0.00000000;0.00000000;0.00000000;0.00000000;0.00000000;0.00000000;0.00000000;0.00000000;0.00000000;0.00000000;0.00000000;0.00375940;0.11654135;0.81390977;0.05075188;0.00751880;0.00375940;0.00375940;0.00000000
HK97-like,33,180,532,0.7271616541353383,0.0272489945232295,0.00000000;0.00000000;0.00000000;0.00000000;0.00000000;0.00000000;0.00000000;0.00000000;0.00000000;0.00000000;0.00000000;0.00000000;0.00375940;0.07518797;0.82142857;0.08458647;0.00751880;0.00375940;0.00375940;0.00000000
HK97-like,33,185,267,0.8188202247191011,0.0264860482520406,0.00000000;0.00000000;0.00000000;0.00000000;0.00000000;0.00000000;0.00000000;0.00000000;0.00000000;0.00000000;0.00000000;0.00000000;0.00000000;0.00000000;0.00749064;0.15730337;0.80898876;0.01123596;0.00749064;0.00749064
HK97-like,33,189,1866,0.7348606645230439,0.0278620450531243,0.00000000;0.00000000;0.00000000;0.00000000;0.00000000;0.00000000;0.00000000;0.00000000;0.00000000;0.00000000;0.00000000;0.00000000;0.00053591;0.03322615;0.76098607;0.19024652;0.00750268;0.00375134;0.00375134;0.00000000
HK97-like,33,209,1330,0.8226691729323309,0.0237906665860625,0.00000000;0.00000000;0.00000000;0.00000000;0.00000000;0.00000000;0.00000000;0.00000000;0.00000000;0.00000000;0.00000000;0.00000000;0.00000000;0.00000000;0.00451128;0.09398496;0.86766917;0.01879699;0.00751880;0.00751880
HK97-like,33,213,265,0.8255660377358491,0.0210493664440687,0.00000000;0.00000000;0.00000000;0.00000000;0.00000000;0.00000000;0.00000000;0.00000000;0.00000000;0.00000000;0.00000000;0.00000000;0.00000000;0.00000000;0.00377358;0.05283019;0.88679245;0.04528302;0.00754717;0.00377358
HK97-like,33,216,531,0.8260357815442563,0.0226298438083916,0.00000000;0.00000000;0.00000000;0.00000000;0.00000000;0.00000000;0.00000000;0.00000000;0.00000000;0.00000000;0.00000000;0.00000000;0.00000000;0.00000000;0.00376648;0.05649718;0.87382298;0.05273070;0.00753296;0.00564972
HK97-like,33,224,1045,0.8293062200956938,0.0218875335291538,0.00000000;0.00000000;0.00000000;0.00000000;0.00000000;0.00000000;0.00000000;0.00000000;0.00000000;0.00000000;0.00000000;0.00000000;0.00000000;0.00000000;0.00191388;0.04019139;0.83732057;0.11196172;0.00765550;0.00095694
HK97-like,33,229,2800,0.8485357142857142,0.0289025235463434,0.00000000;0.00000000;0.00000000;0.00000000;0.00000000;0.00000000;0.00000000;0.00000000;0.00000000;0.00000000;0.00000000;0.00000000;0.00000000;0.00000000;0.00000000;0.01714286;0.51571429;0.45107143;0.01142857;0.00464286
HK97-like,33,248,528,0.8707386363636364,0.0205470603505607,0.00000000;0.00000000;0.00000000;0.00000000;0.00000000;0.00000000;0.00000000;0.00000000;0.00000000;0.00000000;0.00000000;0.00000000;0.00000000;0.00000000;0.00000000;0.01136364;0.08522727;0.89204545;0.00000000;0.01136364
HK97-like,33,252,528,0.8727272727272727,0.017799000188592,0.00000000;0.00000000;0.00000000;0.00000000;0.00000000;0.00000000;0.00000000;0.00000000;0.00000000;0.00000000;0.00000000;0.00000000;0.00000000;0.00000000;0.00000000;0.00757576;0.05303030;0.92803030;0.00000000;0.01136364
HK97-like,33,259,1584,0.8744949494949494,0.0162756394387091,0.00000000;0.00000000;0.00000000;0.00000000;0.00000000;0.00000000;0.00000000;0.00000000;0.00000000;0.00000000;0.00000000;0.00000000;0.00000000;0.00000000;0.00000000;0.00694444;0.02588384;0.94886364;0.00694444;0.01136364
HK97-like,33,297,780,0.9228846153846154,0.0109783945970708,0.00000000;0.00000000;0.00000000;0.00000000;0.00000000;0.00000000;0.00000000;0.00000000;0.00000000;0.00000000;0.00000000;0.00000000;0.00000000;0.00000000;0.00000000;0.00000000;0.00384615;0.03461538;0.96153846;0.00000000
HK97-like,33,301,261,0.9232758620689656,0.011861935310661,0.00000000;0.00000000;0.00000000;0.00000000;0.00000000;0.00000000;0.00000000;0.00000000;0.00000000;0.00000000;0.00000000;0.00000000;0.00000000;0.00000000;0.00000000;0.00000000;0.00383142;0.03448276;0.95402299;0.00766284
HK97-like,33,302,788,0.9242385786802032,0.0128216557769696,0.00000000;0.00000000;0.00000000;0.00000000;0.00000000;0.00000000;0.00000000;0.00000000;0.00000000;0.00000000;0.00000000;0.00000000;0.00000000;0.00000000;0.00000000;0.00000000;0.00380711;0.02918782;0.94543147;0.02157360
HK97-like,33,313,1303,0.9284151957022256,0.0175713080491469,0.00000000;0.00000000;0.00000000;0.00000000;0.00000000;0.00000000;0.00000000;0.00000000;0.00000000;0.00000000;0.00000000;0.00000000;0.00000000;0.00000000;0.00000000;0.00000000;0.00230238;0.02302379;0.87874137;0.09593246
HK97-like,33,321,782,0.956010230179028,0.0264116032335981,0.00000000;0.00000000;0.00000000;0.00000000;0.00000000;0.00000000;0.00000000;0.00000000;0.00000000;0.00000000;0.00000000;0.00000000;0.00000000;0.00000000;0.00000000;0.00000000;0.00000000;0.02173913;0.33631714;0.64194373
HK97-like,33,340,11143,0.0628847707080678,0.0547521350154886,0.45427623;0.40043076;0.11379341;0.02279458;0.00502558;0.00170511;0.00035897;0.00000000;0.00000000;0.00000000;0.00000000;0.00000000;0.00000000;0.00000000;0.00000000;0.00000000;0.00000000;0.00000000;0.00017948;0.00143588
HK97-like,35,10,1809,0.0256357103372028,0.0071224360398804,0.99060254;0.00663350;0.00221117;0.00055279;0.00000000;0.00000000;0.00000000;0.00000000;0.00000000;0.00000000;0.00000000;0.00000000;0.00000000;0.00000000;0.00000000;0.00000000;0.00000000;0.00000000;0.00000000;0.00000000
HK97-like,35,91,3597,0.2887197664720601,0.0382238025822747,0.00111204;0.00000000;0.00111204;0.00361412;0.07089241;0.60494857;0.28912983;0.02418682;0.00166806;0.00222408;0.00000000;0.00055602;0.00000000;0.00000000;0.00000000;0.00000000;0.00000000;0.00055602;0.00000000;0.00000000
HK97-like,35,98,7189,0.3273508137432188,0.0444127870411964,0.00013910;0.00055641;0.00041730;0.00194742;0.01404924;0.20002782;0.53345389;0.23035193;0.01404924;0.00153012;0.00097371;0.00125191;0.00000000;0.00041730;0.00000000;0.00000000;0.00000000;0.00027820;0.00013910;0.00041730
HK97-like,35,105,3589,0.3544789634995821,0.0396281323309332,0.00000000;0.00055726;0.00000000;0.00139315;0.00362218;0.03789356;0.37893564;0.53329618;0.03789356;0.00250766;0.00055726;0.00167177;0.00055726;0.00027863;0.00027863;0.00000000;0.00000000;0.00000000;0.00027863;0.00027863
HK97-like,35,109,1796,0.3572383073496659,0.0359286753575448,0.00000000;0.00055679;0.00000000;0.00111359;0.00334076;0.02449889;0.35133630;0.57015590;0.04342984;0.00222717;0.00055679;0.00167038;0.00055679;0.00000000;0.00055679;0.00000000;0.00000000;0.00000000;0.00000000;0.00000000
HK97-like,35,111,3589,0.356958762886598,0.0407143304030557,0.00000000;0.00055726;0.00000000;0.00111452;0.00362218;0.02953469;0.35859571;0.55502926;0.04430203;0.00306492;0.00055726;0.00139315;0.00083589;0.00000000;0.00055726;0.00000000;0.00000000;0.00000000;0.00027863;0.00055726
HK97-like,35,114,1796,0.3657850779510023,0.0387728884919541,0.00000000;0.00000000;0.00055679;0.00000000;0.00389755;0.01391982;0.25779510;0.63418708;0.07906459;0.00668151;0.00000000;0.00111359;0.00167038;0.00000000;0.00055679;0.00000000;0.00000000;0.00000000;0.00000000;0.00055679
HK97-like,35,115,3603,0.3690327504857063,0.038142057880539,0.00000000;0.00000000;0.00055509;0.00000000;0.00305301;0.01165695;0.23091868;0.63252845;0.10907577;0.00860394;0.00000000;0.00111019;0.00138773;0.00027755;0.00027755;0.00027755;0.00000000;0.00000000;0.00000000;0.00027755
HK97-like,35,118,1791,0.3734087102177554,0.0378657656140628,0.00000000;0.00000000;0.00055835;0.00000000;0.00223339;0.00893356;0.20212172;0.61362367;0.15857063;0.01060860;0.00000000;0.00111669;0.00111669;0.00055835;0.00000000;0.00055835;0.00000000;0.00000000;0.00000000;0.00000000
HK97-like,35,119,1792,0.3773158482142857,0.0384760566629963,0.00000000;0.00000000;0.00055804;0.00000000;0.00167411;0.00781250;0.17857143;0.58928571;0.20703125;0.01171875;0.00000000;0.00111607;0.00111607;0.00055804;0.00000000;0.00055804;0.00000000;0.00000000;0.00000000;0.00000000
HK97-like,35,121,3588,0.3882803790412486,0.0406870001161506,0.00000000;0.00000000;0.00055741;0.00000000;0.00139353;0.00724638;0.12681159;0.48606466;0.35535117;0.01811594;0.00111483;0.00055741;0.00111483;0.00111483;0.00000000;0.00055741;0.00000000;0.00000000;0.00000000;0.00000000
HK97-like,35,123,1795,0.3846100278551532,0.0402411049670431,0.00000000;0.00000000;0.00055710;0.00000000;0.00167131;0.00668524;0.14373259;0.52256267;0.30584958;0.01448468;0.00111421;0.00000000;0.00222841;0.00055710;0.00000000;0.00055710;0.00000000;0.00000000;0.00000000;0.00000000
HK97-like,35,125,1794,0.3986064659977703,0.0405698412693616,0.00000000;0.00000000;0.00055741;0.00000000;0.00111483;0.00668896;0.07971014;0.38851728;0.49219621;0.02508361;0.00278707;0.00000000;0.00111483;0.00167224;0.00000000;0.00000000;0.00055741;0.00000000;0.00000000;0.00000000
HK97-like,35,128,1797,0.3884390651085141,0.0408108315520476,0.00000000;0.00000000;0.00055648;0.00000000;0.00166945;0.00723428;0.12576516;0.48247078;0.36227045;0.01502504;0.00166945;0.00000000;0.00166945;0.00111297;0.00000000;0.00055648;0.00000000;0.00000000;0.00000000;0.00000000
HK97-like,35,129,1798,0.3924638487208008,0.04068815143873,0.00000000;0.00000000;0.00055617;0.00000000;0.00111235;0.00723026;0.11123471;0.43381535;0.42547275;0.01557286;0.00166852;0.00000000;0.00166852;0.00111235;0.00000000;0.00055617;0.00000000;0.00000000;0.00000000;0.00000000
HK97-like,35,131,1796,0.405957683741648,0.0386561046038364,0.00000000;0.00000000;0.00055679;0.00000000;0.00111359;0.00445434;0.04231626;0.34020045;0.56403118;0.04064588;0.00334076;0.00000000;0.00111359;0.00111359;0.00055679;0.00000000;0.00055679;0.00000000;0.00000000;0.00000000
HK97-like,35,160,7215,0.5980353430353432,0.0397436797671174,0.00000000;0.00000000;0.00000000;0.00000000;0.00000000;0.00000000;0.00013860;0.00110880;0.00180180;0.00443520;0.04102564;0.49494109;0.41011781;0.04033264;0.00194040;0.00194040;0.00000000;0.00027720;0.00041580;0.00152460
HK97-like,35,163,8988,0.5977303070761014,0.0394967201946723,0.00000000;0.00000000;0.00000000;0.00000000;0.00000000;0.00000000;0.00022252;0.00100134;0.00166889;0.00411660;0.04116600;0.49944370;0.40898976;0.03738318;0.00178015;0.00189141;0.00000000;0.00022252;0.00077882;0.00133511
HK97-like,35,166,16528,0.6239351403678605,0.0354930512049611,0.00000000;0.00000000;0.00000000;0.00000000;0.00000000;0.00000000;0.00000000;0.00024201;0.00127057;0.00290416;0.01300823;0.15827686;0.66130203;0.15591723;0.00320668;0.00229913;0.00066554;0.00006050;0.00012101;0.00072604
HK97-like,35,169,1813,0.6202840595697738,0.035904349160645,0.00000000;0.00000000;0.00000000;0.00000000;0.00000000;0.00000000;0.00000000;0.00055157;0.00110314;0.00275786;0.01378930;0.18367347;0.68505240;0.10590182;0.00220629;0.00275786;0.00055157;0.00000000;0.00000000;0.00165472
HK97-like,35,171,3586,0.6391662018962632,0.0333371500385226,0.00000000;0.00000000;0.00000000;0.00000000;0.00000000;0.00000000;0.00000000;0.00000000;0.00111545;0.00223090;0.00446180;0.05493586;0.59955382;0.32236475;0.01199108;0.00139431;0.00195204;0.00000000;0.00000000;0.00000000
HK97-like,35,172,3585,0.6466039051603905,0.0350702723326484,0.00000000;0.00000000;0.00000000;0.00000000;0.00000000;0.00000000;0.00000000;0.00000000;0.00083682;0.00195258;0.00390516;0.04769874;0.48451883;0.43124128;0.02622036;0.00139470;0.00223152;0.00000000;0.00000000;0.00000000
HK97-like,35,173,1792,0.6524832589285714,0.0349501358584232,0.00000000;0.00000000;0.00000000;0.00000000;0.00000000;0.00000000;0.00000000;0.00000000;0.00000000;0.00279018;0.00279018;0.03683036;0.40680804;0.50781250;0.03850446;0.00223214;0.00223214;0.00000000;0.00000000;0.00000000
HK97-like,35,175,1792,0.6565011160714286,0.0350323670314441,0.00000000;0.00000000;0.00000000;0.00000000;0.00000000;0.00000000;0.00000000;0.00000000;0.00000000;0.00167411;0.00390625;0.03571429;0.34263393;0.56026786;0.05133929;0.00223214;0.00223214;0.00000000;0.00000000;0.00000000
HK97-like,35,178,3584,0.6622767857142857,0.0339454551506185,0.00000000;0.00000000;0.00000000;0.00000000;0.00000000;0.00000000;0.00000000;0.00000000;0.00000000;0.00167411;0.00306920;0.02845982;0.25948661;0.63699777;0.06529018;0.00251116;0.00251116;0.00000000;0.00000000;0.00000000
HK97-like,35,179,3587,0.6681558405352664,0.0320930305651567,0.00000000;0.00000000;0.00000000;0.00000000;0.00000000;0.00000000;0.00000000;0.00000000;0.00000000;0.00167271;0.00250906;0.01728464;0.18845832;0.69835517;0.08614441;0.00250906;0.00306663;0.00000000;0.00000000;0.00000000
HK97-like,35,180,3583,0.6727532793748257,0.0309375948489815,0.00000000;0.00000000;0.00000000;0.00000000;0.00000000;0.00000000;0.00000000;0.00000000;0.00000000;0.00167457;0.00223277;0.01367569;0.13089590;0.73402177;0.11163829;0.00279096;0.00279096;0.00027910;0.00000000;0.00000000
HK97-like,35,185,10759,0.697181429500883,0.0344838346164874,0.00000000;0.00000000;0.00000000;0.00000000;0.00000000;0.00000000;0.00000000;0.00000000;0.00000000;0.00000000;0.00232364;0.00548378;0.05028348;0.45561855;0.46695790;0.01505716;0.00232364;0.00195185;0.00000000;0.00000000
HK97-like,35,189,5379,0.6817670570738057,0.031133029078949,0.00000000;0.00000000;0.00000000;0.00000000;0.00000000;0.00000000;0.00000000;0.00000000;0.00000000;0.00092954;0.00241681;0.00762223;0.07138873;0.69604016;0.21490983;0.00334635;0.00204499;0.00130136;0.00000000;0.00000000
HK97-like,35,209,8982,0.7692106435092406,0.0334898686935026,0.00000000;0.00000000;0.00000000;0.00000000;0.00000000;0.00000000;0.00000000;0.00000000;0.00000000;0.00022267;0.00011133;0.00089067;0.00378535;0.03640615;0.12580717;0.74326431;0.08372300;0.00289468;0.00144734;0.00144734
HK97-like,35,213,1792,0.7774832589285714,0.0322297269627539,0.00000000;0.00000000;0.00000000;0.00000000;0.00000000;0.00000000;0.00000000;0.00000000;0.00000000;0.00000000;0.00000000;0.00055804;0.00223214;0.02008929;0.08258929;0.72656250;0.16127232;0.00223214;0.00223214;0.00223214
HK97-like,35,216,3583,0.7777909572983533,0.0321657132408678,0.00000000;0.00000000;0.00000000;0.00000000;0.00000000;0.00000000;0.00000000;0.00000000;0.00000000;0.00000000;0.00000000;0.00055819;0.00223277;0.02009489;0.08065867;0.72341613;0.16662015;0.00223277;0.00223277;0.00195367
HK97-like,35,224,5385,0.7879433611884864,0.0337609921579317,0.00000000;0.00000000;0.00000000;0.00000000;0.00000000;0.00000000;0.00000000;0.00000000;0.00000000;0.00000000;0.00000000;0.00055710;0.00148561;0.01132776;0.06369545;0.58310121;0.33351903;0.00259981;0.00167131;0.00204271
HK97-like,35,229,16662,0.7975483135277878,0.035778126519859,0.00000000;0.00000000;0.00000000;0.00000000;0.00000000;0.00000000;0.00000000;0.00000000;0.00000000;0.00000000;0.00000000;0.00048013;0.00084024;0.00978274;0.07748169;0.37216421;0.52796783;0.00978274;0.00108030;0.00042012
HK97-like,35,248,3578,0.8239239798770263,0.0188649203947399,0.00000000;0.00000000;0.00000000;0.00000000;0.00000000;0.00000000;0.00000000;0.00000000;0.00000000;0.00000000;0.00000000;0.00055897;0.00000000;0.00055897;0.00307434;0.05505869;0.90162102;0.03521520;0.00279486;0.00111794
HK97-like,35,252,3575,0.8269020979020978,0.0193753194190912,0.00000000;0.00000000;0.00000000;0.00000000;0.00000000;0.00000000;0.00000000;0.00000000;0.00000000;0.00000000;0.00000000;0.00055944;0.00000000;0.00055944;0.00279720;0.03104895;0.89034965;0.07132867;0.00223776;0.00111888
HK97-like,35,259,5366,0.8310659709280657,0.0218423375342992,0.00000000;0.00000000;0.00000000;0.00000000;0.00000000;0.00000000;0.00000000;0.00000000;0.00000000;0.00000000;0.00000000;0.00055908;0.00000000;0.00055908;0.00242266;0.01789042;0.83395453;0.14200522;0.00130451;0.00130451
HK97-like,35,297,3565,0.9233309957924264,0.010426654603341,0.00000000;0.00000000;0.00000000;0.00000000;0.00000000;0.00000000;0.00000000;0.00000000;0.00000000;0.00000000;0.00000000;0.00000000;0.00000000;0.00000000;0.00000000;0.00056101;0.00196353;0.02973352;0.96577840;0.00196353
HK97-like,35,301,1784,0.9240190582959642,0.0088833797052491,0.00000000;0.00000000;0.00000000;0.00000000;0.00000000;0.00000000;0.00000000;0.00000000;0.00000000;0.00000000;0.00000000;0.00000000;0.00000000;0.00000000;0.00000000;0.00056054;0.00168161;0.01737668;0.97757848;0.00280269
HK97-like,35,302,5349,0.9243456720882408,0.0091997001860163,0.00000000;0.00000000;0.00000000;0.00000000;0.00000000;0.00000000;0.00000000;0.00000000;0.00000000;0.00000000;0.00000000;0.00000000;0.00000000;0.00000000;0.00000000;0.00056085;0.00149561;0.01570387;0.97494859;0.00729108
HK97-like,35,313,8911,0.929410279429918,0.0172503141534067,0.00000000;0.00000000;0.00000000;0.00000000;0.00000000;0.00000000;0.00000000;0.00000000;0.00000000;0.00000000;0.00000000;0.00000000;0.00000000;0.00033666;0.00000000;0.00056110;0.00112221;0.00751880;0.88912580;0.10133543
HK97-like,35,321,5335,0.9531443298969072,0.025928417305895,0.00000000;0.00000000;0.00000000;0.00000000;0.00000000;0.00000000;0.00000000;0.00000000;0.00000000;0.00000000;0.00000000;0.00000000;0.00000000;0.00018744;0.00000000;0.00056232;0.00037488;0.00412371;0.42436739;0.57038425
HK97-like,35,340,1828,0.0393326039387308,0.1000259424139635,0.96717724;0.01203501;0.00109409;0.00054705;0.00000000;0.00000000;0.00000000;0.00054705;0.00164114;0.00054705;0.00109409;0.00054705;0.00164114;0.00164114;0.00109409;0.00109409;0.00382932;0.00218818;0.00164114;0.00164114
HK97-like,37,10,255,0.0263725490196078,0.0092925455773119,0.97647059;0.01960784;0.00392157;0.00000000;0.00000000;0.00000000;0.00000000;0.00000000;0.00000000;0.00000000;0.00000000;0.00000000;0.00000000;0.00000000;0.00000000;0.00000000;0.00000000;0.00000000;0.00000000;0.00000000
HK97-like,37,91,480,0.2736458333333333,0.0183496021566015,0.00000000;0.00000000;0.00000000;0.00416667;0.06875000;0.87708333;0.05000000;0.00000000;0.00000000;0.00000000;0.00000000;0.00000000;0.00000000;0.00000000;0.00000000;0.00000000;0.00000000;0.00000000;0.00000000;0.00000000
HK97-like,37,98,958,0.3073068893528183,0.0277477786831285,0.00000000;0.00000000;0.00000000;0.00104384;0.00939457;0.35908142;0.60334029;0.02713987;0.00000000;0.00000000;0.00000000;0.00000000;0.00000000;0.00000000;0.00000000;0.00000000;0.00000000;0.00000000;0.00000000;0.00000000
HK97-like,37,105,480,0.3275,0.0152752523165194,0.00000000;0.00000000;0.00000000;0.00000000;0.00416667;0.00833333;0.92291667;0.06250000;0.00208333;0.00000000;0.00000000;0.00000000;0.00000000;0.00000000;0.00000000;0.00000000;0.00000000;0.00000000;0.00000000;0.00000000
HK97-like,37,109,240,0.3277083333333334,0.0145401145303451,0.00000000;0.00000000;0.00000000;0.00000000;0.00416667;0.00416667;0.92500000;0.06666667;0.00000000;0.00000000;0.00000000;0.00000000;0.00000000;0.00000000;0.00000000;0.00000000;0.00000000;0.00000000;0.00000000;0.00000000
HK97-like,37,111,480,0.328125,0.016157589805826,0.00000000;0.00000000;0.00000000;0.00000000;0.00416667;0.00833333;0.91041667;0.07500000;0.00208333;0.00000000;0.00000000;0.00000000;0.00000000;0.00000000;0.00000000;0.00000000;0.00000000;0.00000000;0.00000000;0.00000000
HK97-like,37,114,240,0.3339583333333333,0.0212367197064162,0.00000000;0.00000000;0.00000000;0.00000000;0.00000000;0.00416667;0.82500000;0.15833333;0.01250000;0.00000000;0.00000000;0.00000000;0.00000000;0.00000000;0.00000000;0.00000000;0.00000000;0.00000000;0.00000000;0.00000000
HK97-like,37,115,480,0.3405208333333334,0.0248692326507853,0.00000000;0.00000000;0.00000000;0.00000000;0.00000000;0.00416667;0.69375000;0.28958333;0.01250000;0.00000000;0.00000000;0.00000000;0.00000000;0.00000000;0.00000000;0.00000000;0.00000000;0.00000000;0.00000000;0.00000000
HK97-like,37,118,240,0.3470833333333333,0.0264542319655832,0.00000000;0.00000000;0.00000000;0.00000000;0.00000000;0.00416667;0.56250000;0.42083333;0.01250000;0.00000000;0.00000000;0.00000000;0.00000000;0.00000000;0.00000000;0.00000000;0.00000000;0.00000000;0.00000000;0.00000000
HK97-like,37,119,240,0.3502083333333333,0.0270022825681253,0.00000000;0.00000000;0.00000000;0.00000000;0.00000000;0.00416667;0.50416667;0.47500000;0.01666667;0.00000000;0.00000000;0.00000000;0.00000000;0.00000000;0.00000000;0.00000000;0.00000000;0.00000000;0.00000000;0.00000000
HK97-like,37,121,480,0.363125,0.0248877689170135,0.00000000;0.00000000;0.00000000;0.00000000;0.00000000;0.00416667;0.25833333;0.70833333;0.02916667;0.00000000;0.00000000;0.00000000;0.00000000;0.00000000;0.00000000;0.00000000;0.00000000;0.00000000;0.00000000;0.00000000
HK97-like,37,123,240,0.3564583333333333,0.0266137169624153,0.00000000;0.00000000;0.00000000;0.00000000;0.00000000;0.00416667;0.38333333;0.59166667;0.02083333;0.00000000;0.00000000;0.00000000;0.00000000;0.00000000;0.00000000;0.00000000;0.00000000;0.00000000;0.00000000;0.00000000
HK97-like,37,125,240,0.375625,0.0147769880219211,0.00000000;0.00000000;0.00000000;0.00000000;0.00000000;0.00416667;0.02500000;0.92500000;0.04583333;0.00000000;0.00000000;0.00000000;0.00000000;0.00000000;0.00000000;0.00000000;0.00000000;0.00000000;0.00000000;0.00000000
HK97-like,37,128,240,0.366875,0.0220469432877515,0.00000000;0.00000000;0.00000000;0.00000000;0.00000000;0.00416667;0.17916667;0.79166667;0.02500000;0.00000000;0.00000000;0.00000000;0.00000000;0.00000000;0.00000000;0.00000000;0.00000000;0.00000000;0.00000000;0.00000000
HK97-like,37,129,240,0.3714583333333333,0.0181990823181341,0.00000000;0.00000000;0.00000000;0.00000000;0.00000000;0.00416667;0.09166667;0.87500000;0.02916667;0.00000000;0.00000000;0.00000000;0.00000000;0.00000000;0.00000000;0.00000000;0.00000000;0.00000000;0.00000000;0.00000000
HK97-like,37,131,240,0.3772916666666667,0.0153078932979761,0.00000000;0.00000000;0.00000000;0.00000000;0.00000000;0.00416667;0.01250000;0.91666667;0.06666667;0.00000000;0.00000000;0.00000000;0.00000000;0.00000000;0.00000000;0.00000000;0.00000000;0.00000000;0.00000000;0.00000000
HK97-like,37,160,960,0.5258854166666667,0.0210838454112713,0.00000000;0.00000000;0.00000000;0.00000000;0.00000000;0.00000000;0.00000000;0.00000000;0.00000000;0.08020833;0.82187500;0.09791667;0.00000000;0.00000000;0.00000000;0.00000000;0.00000000;0.00000000;0.00000000;0.00000000
HK97-like,37,163,1200,0.5275,0.0204633819296811,0.00000000;0.00000000;0.00000000;0.00000000;0.00000000;0.00000000;0.00000000;0.00000000;0.00000000;0.06000000;0.83000000;0.11000000;0.00000000;0.00000000;0.00000000;0.00000000;0.00000000;0.00000000;0.00000000;0.00000000
HK97-like,37,166,2216,0.5490974729241876,0.0263463715386554,0.00000000;0.00000000;0.00000000;0.00000000;0.00000000;0.00000000;0.00000000;0.00000000;0.00000000;0.00676895;0.51173285;0.47427798;0.00722022;0.00000000;0.00000000;0.00000000;0.00000000;0.00000000;0.00000000;0.00000000
HK97-like,37,169,241,0.5434647302904564,0.0245568144878427,0.00000000;0.00000000;0.00000000;0.00000000;0.00000000;0.00000000;0.00000000;0.00000000;0.00000000;0.00414938;0.62240664;0.37344398;0.00000000;0.00000000;0.00000000;0.00000000;0.00000000;0.00000000;0.00000000;0.00000000
HK97-like,37,171,481,0.5721933471933471,0.0181648159324763,0.00000000;0.00000000;0.00000000;0.00000000;0.00000000;0.00000000;0.00000000;0.00000000;0.00000000;0.00000000;0.09563410;0.86486486;0.03950104;0.00000000;0.00000000;0.00000000;0.00000000;0.00000000;0.00000000;0.00000000
HK97-like,37,172,480,0.5761458333333334,0.0180779441854493,0.00000000;0.00000000;0.00000000;0.00000000;0.00000000;0.00000000;0.00000000;0.00000000;0.00000000;0.00000000;0.05416667;0.86875000;0.07708333;0.00000000;0.00000000;0.00000000;0.00000000;0.00000000;0.00000000;0.00000000
HK97-like,37,173,240,0.5789583333333334,0.0169237977580552,0.00000000;0.00000000;0.00000000;0.00000000;0.00000000;0.00000000;0.00000000;0.00000000;0.00000000;0.00000000;0.02083333;0.87916667;0.10000000;0.00000000;0.00000000;0.00000000;0.00000000;0.00000000;0.00000000;0.00000000
HK97-like,37,175,240,0.5808333333333333,0.0173004495766889,0.00000000;0.00000000;0.00000000;0.00000000;0.00000000;0.00000000;0.00000000;0.00000000;0.00000000;0.00000000;0.00833333;0.86666667;0.12500000;0.00000000;0.00000000;0.00000000;0.00000000;0.00000000;0.00000000;0.00000000
HK97-like,37,178,480,0.5841666666666666,0.0203953970842007,0.00000000;0.00000000;0.00000000;0.00000000;0.00000000;0.00000000;0.00000000;0.00000000;0.00000000;0.00000000;0.00833333;0.80000000;0.19166667;0.00000000;0.00000000;0.00000000;0.00000000;0.00000000;0.00000000;0.00000000
HK97-like,37,179,480,0.5907291666666667,0.0236618888223,0.00000000;0.00000000;0.00000000;0.00000000;0.00000000;0.00000000;0.00000000;0.00000000;0.00000000;0.00000000;0.00416667;0.67708333;0.31875000;0.00000000;0.00000000;0.00000000;0.00000000;0.00000000;0.00000000;0.00000000
HK97-like,37,180,480,0.595,0.0244948974278318,0.00000000;0.00000000;0.00000000;0.00000000;0.00000000;0.00000000;0.00000000;0.00000000;0.00000000;0.00000000;0.00000000;0.60000000;0.40000000;0.00000000;0.00000000;0.00000000;0.00000000;0.00000000;0.00000000;0.00000000
HK97-like,37,185,1440,0.6243055555555556,0.0188985881960126,0.00000000;0.00000000;0.00000000;0.00000000;0.00000000;0.00000000;0.00000000;0.00000000;0.00000000;0.00000000;0.00000000;0.07847222;0.85694444;0.06458333;0.00000000;0.00000000;0.00000000;0.00000000;0.00000000;0.00000000
HK97-like,37,189,720,0.6094444444444445,0.0246017664727606,0.00000000;0.00000000;0.00000000;0.00000000;0.00000000;0.00000000;0.00000000;0.00000000;0.00000000;0.00000000;0.00000000;0.32500000;0.66111111;0.01388889;0.00000000;0.00000000;0.00000000;0.00000000;0.00000000;0.00000000
HK97-like,37,209,1200,0.7240416666666667,0.0115973386554368,0.00000000;0.00000000;0.00000000;0.00000000;0.00000000;0.00000000;0.00000000;0.00000000;0.00000000;0.00000000;0.00000000;0.00000000;0.00000000;0.03666667;0.94583333;0.01750000;0.00000000;0.00000000;0.00000000;0.00000000
HK97-like,37,213,240,0.7266666666666667,0.0100692049779954,0.00000000;0.00000000;0.00000000;0.00000000;0.00000000;0.00000000;0.00000000;0.00000000;0.00000000;0.00000000;0.00000000;0.00000000;0.00000000;0.00416667;0.95833333;0.03750000;0.00000000;0.00000000;0.00000000;0.00000000
HK97-like,37,216,480,0.7275,0.0122474487139158,0.00000000;0.00000000;0.00000000;0.00000000;0.00000000;0.00000000;0.00000000;0.00000000;0.00000000;0.00000000;0.00000000;0.00000000;0.00000000;0.00625000;0.93750000;0.05625000;0.00000000;0.00000000;0.00000000;0.00000000
HK97-like,37,224,720,0.7377777777777776,0.0222811718112838,0.00000000;0.00000000;0.00000000;0.00000000;0.00000000;0.00000000;0.00000000;0.00000000;0.00000000;0.00000000;0.00000000;0.00000000;0.00000000;0.00277778;0.74027778;0.25555556;0.00138889;0.00000000;0.00000000;0.00000000
HK97-like,37,229,809,0.7546662546353523,0.0249352657259783,0.00000000;0.00000000;0.00000000;0.00000000;0.00000000;0.00000000;0.00000000;0.00000000;0.00000000;0.00000000;0.00000000;0.00000000;0.00000000;0.00000000;0.41038319;0.58590853;0.00370828;0.00000000;0.00000000;0.00000000
HK97-like,37,248,480,0.7663541666666667,0.0194518525074662,0.00000000;0.00000000;0.00000000;0.00000000;0.00000000;0.00000000;0.00000000;0.00000000;0.00000000;0.00000000;0.00000000;0.00000000;0.00000000;0.00000000;0.17708333;0.81875000;0.00416667;0.00000000;0.00000000;0.00000000
HK97-like,37,252,480,0.7711458333333333,0.0140956399632021,0.00000000;0.00000000;0.00000000;0.00000000;0.00000000;0.00000000;0.00000000;0.00000000;0.00000000;0.00000000;0.00000000;0.00000000;0.00000000;0.00000000;0.08125000;0.91458333;0.00416667;0.00000000;0.00000000;0.00000000
HK97-like,37,259,720,0.7742361111111111,0.0092855817976574,0.00000000;0.00000000;0.00000000;0.00000000;0.00000000;0.00000000;0.00000000;0.00000000;0.00000000;0.00000000;0.00000000;0.00000000;0.00000000;0.00000000;0.02500000;0.96527778;0.00972222;0.00000000;0.00000000;0.00000000
HK97-like,37,297,480,0.9252083333333334,0.0032207551736958,0.00000000;0.00000000;0.00000000;0.00000000;0.00000000;0.00000000;0.00000000;0.00000000;0.00000000;0.00000000;0.00000000;0.00000000;0.00000000;0.00000000;0.00000000;0.00000000;0.00000000;0.00000000;0.99583333;0.00416667
HK97-like,37,301,240,0.9252083333333334,0.0032207551736958,0.00000000;0.00000000;0.00000000;0.00000000;0.00000000;0.00000000;0.00000000;0.00000000;0.00000000;0.00000000;0.00000000;0.00000000;0.00000000;0.00000000;0.00000000;0.00000000;0.00000000;0.00000000;0.99583333;0.00416667
HK97-like,37,302,720,0.9252083333333334,0.0032207551736958,0.00000000;0.00000000;0.00000000;0.00000000;0.00000000;0.00000000;0.00000000;0.00000000;0.00000000;0.00000000;0.00000000;0.00000000;0.00000000;0.00000000;0.00000000;0.00000000;0.00000000;0.00000000;0.99583333;0.00416667
HK97-like,37,313,1200,0.9268333333333334,0.0093971035726736,0.00000000;0.00000000;0.00000000;0.00000000;0.00000000;0.00000000;0.00000000;0.00000000;0.00000000;0.00000000;0.00000000;0.00000000;0.00000000;0.00000000;0.00000000;0.00000000;0.00000000;0.00000000;0.96333333;0.03666667
HK97-like,37,321,720,0.9585416666666666,0.023495530012229,0.00000000;0.00000000;0.00000000;0.00000000;0.00000000;0.00000000;0.00000000;0.00000000;0.00000000;0.00000000;0.00000000;0.00000000;0.00000000;0.00000000;0.00000000;0.00000000;0.00000000;0.00000000;0.32916667;0.67083333
HK97-like,37,340,263,0.028041825095057,0.0127220266344651,0.94296578;0.05323194;0.00380228;0.00000000;0.00000000;0.00000000;0.00000000;0.00000000;0.00000000;0.00000000;0.00000000;0.00000000;0.00000000;0.00000000;0.00000000;0.00000000;0.00000000;0.00000000;0.00000000;0.00000000
HK97-like,38,10,1371,0.0256199854121079,0.009995367723589,0.99416484;0.00218818;0.00291758;0.00000000;0.00000000;0.00000000;0.00072939;0.00000000;0.00000000;0.00000000;0.00000000;0.00000000;0.00000000;0.00000000;0.00000000;0.00000000;0.00000000;0.00000000;0.00000000;0.00000000
HK97-like,38,91,5494,0.2869858026938479,0.0398468922971291,0.00000000;0.00072807;0.00072807;0.00218420;0.02165999;0.82307972;0.07972333;0.03949763;0.02184201;0.00691664;0.00291227;0.00072807;0.00000000;0.00000000;0.00000000;0.00000000;0.00000000;0.00000000;0.00000000;0.00000000
HK97-like,38,98,19697,0.3189102401380921,0.0428298110532641,0.00015231;0.00030461;0.00071077;0.00086308;0.00710768;0.27704727;0.61405290;0.04975377;0.03137534;0.01162614;0.00573691;0.00071077;0.00045692;0.00010154;0.00000000;0.00000000;0.00000000;0.00000000;0.00000000;0.00000000
HK97-like,38,105,4124,0.3578443258971872,0.0438334518133405,0.00048497;0.00024248;0.00048497;0.00048497;0.00145490;0.01236663;0.44956353;0.44883608;0.04631426;0.02740058;0.00872939;0.00193986;0.00072745;0.00072745;0.00024248;0.00000000;0.00000000;0.00000000;0.00000000;0.00000000
HK97-like,38,109,2746,0.3438820101966496,0.042536423581885,0.00072833;0.00000000;0.00072833;0.00036417;0.00182083;0.01857247;0.69482884;0.20538966;0.04479243;0.02257830;0.00764749;0.00109250;0.00072833;0.00072833;0.00000000;0.00000000;0.00000000;0.00000000;0.00000000;0.00000000
HK97-like,38,111,2746,0.3524217042971595,0.0437879818124842,0.00072833;0.00000000;0.00072833;0.00036417;0.00109250;0.01529497;0.54406409;0.35506191;0.04624909;0.02439913;0.00873999;0.00182083;0.00072833;0.00072833;0.00000000;0.00000000;0.00000000;0.00000000;0.00000000;0.00000000
HK97-like,38,114,1373,0.3722323379461034,0.0397963029406746,0.00072833;0.00000000;0.00000000;0.00072833;0.00145666;0.00801165;0.18572469;0.71012382;0.04952658;0.02913328;0.01019665;0.00291333;0.00072833;0.00000000;0.00072833;0.00000000;0.00000000;0.00000000;0.00000000;0.00000000
HK97-like,38,115,1373,0.3751820830298616,0.0388045551801049,0.00000000;0.00072833;0.00000000;0.00072833;0.00145666;0.00655499;0.13983977;0.75236708;0.05171158;0.03204661;0.00946832;0.00364166;0.00000000;0.00072833;0.00072833;0.00000000;0.00000000;0.00000000;0.00000000;0.00000000
HK97-like,38,118,4115,0.3642223572296476,0.0430871606475696,0.00048603;0.00024301;0.00024301;0.00072904;0.00097205;0.01020656;0.33973269;0.55504253;0.04835966;0.03086270;0.00923451;0.00218712;0.00072904;0.00048603;0.00048603;0.00000000;0.00000000;0.00000000;0.00000000;0.00000000
HK97-like,38,119,1371,0.3805069292487236,0.0378191277228287,0.00000000;0.00072939;0.00000000;0.00072939;0.00072939;0.00291758;0.06929249;0.81765135;0.04959883;0.03938731;0.01385850;0.00291758;0.00072939;0.00072939;0.00072939;0.00000000;0.00000000;0.00000000;0.00000000;0.00000000
HK97-like,38,121,2746,0.3853423160961399,0.0396923631658391,0.00000000;0.00072833;0.00000000;0.00072833;0.00036417;0.00218500;0.04005827;0.79861617;0.09249818;0.04005827;0.01711580;0.00509832;0.00109250;0.00072833;0.00036417;0.00036417;0.00000000;0.00000000;0.00000000;0.00000000
HK97-like,38,123,1373,0.3828295702840495,0.0384356531295851,0.00000000;0.00072833;0.00000000;0.00072833;0.00072833;0.00291333;0.04806992;0.82155863;0.06409323;0.03787327;0.01747997;0.00364166;0.00072833;0.00072833;0.00072833;0.00000000;0.00000000;0.00000000;0.00000000;0.00000000
HK97-like,38,125,1373,0.391788055353241,0.0416828741645996,0.00000000;0.00072833;0.00000000;0.00072833;0.00000000;0.00145666;0.02184996;0.72323379;0.18062637;0.04297160;0.01820830;0.00728332;0.00145666;0.00072833;0.00000000;0.00072833;0.00000000;0.00000000;0.00000000;0.00000000
HK97-like,38,128,2746,0.3900400582665694,0.041563776990949,0.00000000;0.00072833;0.00000000;0.00072833;0.00036417;0.00145666;0.02876912;0.73925710;0.15950473;0.04115076;0.01930080;0.00619082;0.00072833;0.00072833;0.00036417;0.00072833;0.00000000;0.00000000;0.00000000;0.00000000
HK97-like,38,129,2749,0.3940251000363769,0.0423697253052649,0.00000000;0.00036377;0.00036377;0.00072754;0.00000000;0.00181884;0.02218989;0.68061113;0.22008003;0.04401601;0.02073481;0.00618407;0.00109131;0.00072754;0.00036377;0.00072754;0.00000000;0.00000000;0.00000000;0.00000000
HK97-like,38,131,1373,0.4073015294974508,0.0430951720941089,0.00000000;0.00000000;0.00072833;0.00072833;0.00000000;0.00145666;0.01383831;0.45010925;0.44938092;0.04879825;0.02476329;0.00728332;0.00072833;0.00072833;0.00072833;0.00072833;0.00000000;0.00000000;0.00000000;0.00000000
HK97-like,38,160,6873,0.510428488287502,0.0403645599683614,0.00000000;0.00000000;0.00000000;0.00000000;0.00043649;0.00029099;0.00101848;0.00218245;0.00887531;0.37247199;0.53862942;0.05325186;0.01833261;0.00189146;0.00000000;0.00014550;0.00130947;0.00043649;0.00029099;0.00043649
HK97-like,38,163,8229,0.5134676145339653,0.0397855116692798,0.00000000;0.00000000;0.00000000;0.00000000;0.00024304;0.00048609;0.00097217;0.00182282;0.00716977;0.32385466;0.58512577;0.05492769;0.01980800;0.00315956;0.00000000;0.00000000;0.00121521;0.00048609;0.00048609;0.00024304
HK97-like,38,166,9711,0.5381294408402841,0.0380383423252976,0.00000000;0.00000000;0.00000000;0.00000000;0.00000000;0.00051488;0.00030893;0.00133869;0.00370714;0.03181959;0.72464216;0.19143240;0.03192256;0.01184224;0.00000000;0.00000000;0.00000000;0.00154464;0.00030893;0.00061786
HK97-like,38,169,1377,0.5291394335511983,0.035047485463256,0.00000000;0.00000000;0.00000000;0.00000000;0.00000000;0.00072622;0.00072622;0.00072622;0.00290487;0.07262164;0.81045752;0.07407407;0.02687001;0.00871460;0.00000000;0.00000000;0.00000000;0.00145243;0.00072622;0.00000000
HK97-like,38,171,2743,0.5553864382063434,0.0387782349264464,0.00000000;0.00000000;0.00000000;0.00000000;0.00000000;0.00000000;0.00072913;0.00145826;0.00255195;0.00729129;0.44732045;0.48122494;0.04447685;0.01166606;0.00109369;0.00000000;0.00000000;0.00036456;0.00109369;0.00072913
HK97-like,38,172,2744,0.5643039358600582,0.0375961862515416,0.00000000;0.00000000;0.00000000;0.00000000;0.00000000;0.00000000;0.00072886;0.00145773;0.00218659;0.00655977;0.28644315;0.62973761;0.05758017;0.01129738;0.00182216;0.00000000;0.00000000;0.00000000;0.00145773;0.00072886
HK97-like,38,173,1372,0.569569970845481,0.0355306122149946,0.00000000;0.00000000;0.00000000;0.00000000;0.00000000;0.00000000;0.00072886;0.00145773;0.00072886;0.00655977;0.19169096;0.72303207;0.05758017;0.01384840;0.00218659;0.00000000;0.00000000;0.00000000;0.00145773;0.00072886
HK97-like,38,175,1371,0.5719730123997082,0.0334055163168149,0.00000000;0.00000000;0.00000000;0.00000000;0.00000000;0.00000000;0.00072939;0.00145879;0.00072939;0.00656455;0.15098468;0.75492341;0.06345733;0.01750547;0.00218818;0.00000000;0.00000000;0.00000000;0.00145879;0.00000000
HK97-like,38,178,2742,0.5749088256746899,0.0325909892010632,0.00000000;0.00000000;0.00000000;0.00000000;0.00000000;0.00000000;0.00072939;0.00145879;0.00000000;0.00437637;0.11378556;0.78482859;0.07038658;0.01932896;0.00364697;0.00000000;0.00000000;0.00000000;0.00145879;0.00000000
HK97-like,38,179,2743,0.5785545023696682,0.0315930397571906,0.00000000;0.00000000;0.00000000;0.00000000;0.00000000;0.00000000;0.00036456;0.00072913;0.00109369;0.00291651;0.06853810;0.81480131;0.08129785;0.02479038;0.00401021;0.00000000;0.00000000;0.00000000;0.00109369;0.00036456
HK97-like,38,180,2743,0.5822183740430186,0.0331924875539816,0.00000000;0.00000000;0.00000000;0.00000000;0.00000000;0.00000000;0.00000000;0.00072913;0.00145826;0.00291651;0.05103901;0.78417791;0.12468101;0.02807145;0.00546847;0.00000000;0.00000000;0.00000000;0.00036456;0.00109369
HK97-like,38,185,35289,0.6434235880869393,0.0382793972796503,0.00000000;0.00000000;0.00000000;0.00000000;0.00000000;0.00000000;0.00000000;0.00008501;0.00093514;0.00153022;0.00362719;0.07832469;0.50928051;0.35812860;0.04100428;0.00626257;0.00062342;0.00000000;0.00000000;0.00019836
HK97-like,38,189,4131,0.597875816993464,0.036598389239429,0.00000000;0.00000000;0.00000000;0.00000000;0.00000000;0.00000000;0.00000000;0.00072622;0.00145243;0.00266279;0.01621883;0.55749213;0.37303316;0.03969983;0.00677802;0.00048414;0.00000000;0.00000000;0.00000000;0.00145243
HK97-like,38,209,8171,0.6870670664545344,0.0305283047228729,0.00000000;0.00000000;0.00000000;0.00000000;0.00000000;0.00000000;0.00000000;0.00000000;0.00000000;0.00097907;0.00146861;0.00195814;0.03879574;0.69098030;0.24391139;0.01762330;0.00391629;0.00036715;0.00000000;0.00000000
HK97-like,38,213,1369,0.7076880934989043,0.0313991692176067,0.00000000;0.00000000;0.00000000;0.00000000;0.00000000;0.00000000;0.00000000;0.00000000;0.00000000;0.00073046;0.00146092;0.00219138;0.00876552;0.35938641;0.58655953;0.03506209;0.00584368;0.00000000;0.00000000;0.00000000
HK97-like,38,216,1373,0.7029679533867442,0.0324528970103131,0.00000000;0.00000000;0.00000000;0.00000000;0.00000000;0.00000000;0.00000000;0.00000000;0.00000000;0.00072833;0.00145666;0.00218500;0.01310998;0.44282593;0.50182083;0.03204661;0.00509832;0.00072833;0.00000000;0.00000000
HK97-like,38,248,1366,0.7774524158125916,0.0260824855410089,0.00000000;0.00000000;0.00000000;0.00000000;0.00000000;0.00000000;0.00000000;0.00000000;0.00000000;0.00000000;0.00073206;0.00000000;0.00292826;0.00219619;0.06368960;0.81185944;0.11054173;0.00512445;0.00292826;0.00000000
HK97-like,38,252,2735,0.7803747714808044,0.0276501442798313,0.00000000;0.00000000;0.00000000;0.00000000;0.00000000;0.00000000;0.00000000;0.00000000;0.00000000;0.00000000;0.00073126;0.00000000;0.00292505;0.00219378;0.05557587;0.77001828;0.16014625;0.00548446;0.00292505;0.00000000
HK97-like,38,259,4128,0.789280523255814,0.0305221959602815,0.00000000;0.00000000;0.00000000;0.00000000;0.00000000;0.00000000;0.00000000;0.00000000;0.00000000;0.00000000;0.00000000;0.00072674;0.00290698;0.00193798;0.03730620;0.63154070;0.31637597;0.00557171;0.00363372;0.00000000
HK97-like,38,297,4095,0.9198473748473748,0.019178994979402,0.00000000;0.00000000;0.00000000;0.00000000;0.00000000;0.00000000;0.00000000;0.00000000;0.00000000;0.00000000;0.00000000;0.00000000;0.00073260;0.00000000;0.00219780;0.00000000;0.00170940;0.08791209;0.90598291;0.00146520
HK97-like,38,301,1363,0.9222120322817317,0.0164628068028737,0.00000000;0.00000000;0.00000000;0.00000000;0.00000000;0.00000000;0.00000000;0.00000000;0.00000000;0.00000000;0.00000000;0.00000000;0.00073368;0.00000000;0.00146735;0.00073368;0.00073368;0.04695525;0.94424065;0.00513573
HK97-like,38,302,4093,0.9225690202785244,0.0161557874402984,0.00000000;0.00000000;0.00000000;0.00000000;0.00000000;0.00000000;0.00000000;0.00000000;0.00000000;0.00000000;0.00000000;0.00000000;0.00073296;0.00000000;0.00171024;0.00048864;0.00073296;0.04006841;0.95064745;0.00561935
HK97-like,38,313,6814,0.9250953918403289,0.0159451197562838,0.00000000;0.00000000;0.00000000;0.00000000;0.00000000;0.00000000;0.00000000;0.00000000;0.00000000;0.00000000;0.00000000;0.00000000;0.00014676;0.00058703;0.00132081;0.00088054;0.00073378;0.01731729;0.94658057;0.03243323
HK97-like,38,321,4090,0.9471638141809292,0.0277005920183298,0.00000000;0.00000000;0.00000000;0.00000000;0.00000000;0.00000000;0.00000000;0.00000000;0.00000000;0.00000000;0.00000000;0.00000000;0.00000000;0.00073350;0.00000000;0.00220049;0.00073350;0.00366748;0.53398533;0.45867971
HK97-like,38,340,310,0.2719354838709677,0.3641808692327048,0.41612903;0.12580645;0.12903226;0.06129032;0.02258065;0.00645161;0.00000000;0.00000000;0.00000000;0.00000000;0.00000000;0.00000000;0.00000000;0.00000000;0.00000000;0.00000000;0.00000000;0.08709677;0.11290323;0.03870968
HK97-like,39,10,224,0.0252232142857142,0.0033333001167562,0.99553571;0.00446429;0.00000000;0.00000000;0.00000000;0.00000000;0.00000000;0.00000000;0.00000000;0.00000000;0.00000000;0.00000000;0.00000000;0.00000000;0.00000000;0.00000000;0.00000000;0.00000000;0.00000000;0.00000000
HK97-like,39,91,884,0.2915158371040724,0.0281171751966896,0.00000000;0.00000000;0.00000000;0.00339367;0.01357466;0.65497738;0.30656109;0.02036199;0.00113122;0.00000000;0.00000000;0.00000000;0.00000000;0.00000000;0.00000000;0.00000000;0.00000000;0.00000000;0.00000000;0.00000000
HK97-like,39,98,2684,0.3208084947839046,0.0259351590755448,0.00000000;0.00000000;0.00000000;0.00074516;0.00447094;0.15275708;0.77123696;0.06147541;0.00931446;0.00000000;0.00000000;0.00000000;0.00000000;0.00000000;0.00000000;0.00000000;0.00000000;0.00000000;0.00000000;0.00000000
HK97-like,39,105,441,0.3520975056689342,0.0308123133813388,0.00000000;0.00000000;0.00000000;0.00000000;0.00226757;0.02721088;0.42630385;0.51700680;0.02494331;0.00226757;0.00000000;0.00000000;0.00000000;0.00000000;0.00000000;0.00000000;0.00000000;0.00000000;0.00000000;0.00000000
HK97-like,39,109,441,0.3471088435374149,0.0311145486422565,0.00000000;0.00000000;0.00000000;0.00000000;0.00453515;0.03401361;0.49886621;0.43990930;0.02267574;0.00000000;0.00000000;0.00000000;0.00000000;0.00000000;0.00000000;0.00000000;0.00000000;0.00000000;0.00000000;0.00000000
HK97-like,39,111,443,0.3561512415349887,0.0302403041871262,0.00000000;0.00000000;0.00000000;0.00000000;0.00225734;0.02708804;0.34537246;0.59819413;0.02483070;0.00225734;0.00000000;0.00000000;0.00000000;0.00000000;0.00000000;0.00000000;0.00000000;0.00000000;0.00000000;0.00000000
HK97-like,39,114,220,0.3702272727272727,0.0221039523783372,0.00000000;0.00000000;0.00000000;0.00000000;0.00000000;0.00909091;0.11818182;0.83636364;0.03181818;0.00454545;0.00000000;0.00000000;0.00000000;0.00000000;0.00000000;0.00000000;0.00000000;0.00000000;0.00000000;0.00000000
HK97-like,39,115,220,0.3720454545454545,0.0224195070757735,0.00000000;0.00000000;0.00000000;0.00000000;0.00000000;0.00909091;0.10000000;0.83636364;0.05000000;0.00454545;0.00000000;0.00000000;0.00000000;0.00000000;0.00000000;0.00000000;0.00000000;0.00000000;0.00000000;0.00000000
HK97-like,39,118,664,0.3649849397590361,0.0274657467233035,0.00000000;0.00000000;0.00000000;0.00000000;0.00150602;0.01355422;0.21686747;0.72439759;0.03915663;0.00451807;0.00000000;0.00000000;0.00000000;0.00000000;0.00000000;0.00000000;0.00000000;0.00000000;0.00000000;0.00000000
HK97-like,39,119,220,0.3774999999999999,0.0248746859276654,0.00000000;0.00000000;0.00000000;0.00000000;0.00000000;0.00454545;0.07272727;0.80454545;0.10454545;0.01363636;0.00000000;0.00000000;0.00000000;0.00000000;0.00000000;0.00000000;0.00000000;0.00000000;0.00000000;0.00000000
HK97-like,39,121,443,0.3869638826185101,0.0351260684106652,0.00225734;0.00000000;0.00000000;0.00000000;0.00000000;0.00451467;0.05869074;0.63205418;0.28216704;0.02031603;0.00000000;0.00000000;0.00000000;0.00000000;0.00000000;0.00000000;0.00000000;0.00000000;0.00000000;0.00000000
HK97-like,39,123,222,0.381981981981982,0.0374693825717208,0.00450450;0.00000000;0.00000000;0.00000000;0.00000000;0.00450450;0.06306306;0.70270270;0.20720721;0.01801802;0.00000000;0.00000000;0.00000000;0.00000000;0.00000000;0.00000000;0.00000000;0.00000000;0.00000000;0.00000000
HK97-like,39,125,222,0.4002252252252252,0.0407551875180811,0.00450450;0.00000000;0.00000000;0.00000000;0.00000000;0.00000000;0.05405405;0.37837838;0.53603604;0.02702703;0.00000000;0.00000000;0.00000000;0.00000000;0.00000000;0.00000000;0.00000000;0.00000000;0.00000000;0.00000000
HK97-like,39,128,444,0.3947072072072072,0.0405497674685053,0.00450450;0.00000000;0.00000000;0.00000000;0.00000000;0.00225225;0.05405405;0.47747748;0.43918919;0.02252252;0.00000000;0.00000000;0.00000000;0.00000000;0.00000000;0.00000000;0.00000000;0.00000000;0.00000000;0.00000000
HK97-like,39,129,666,0.4055555555555555,0.0395297896647275,0.00300300;0.00150150;0.00000000;0.00000000;0.00000000;0.00150150;0.03903904;0.30480480;0.61861862;0.03003003;0.00150150;0.00000000;0.00000000;0.00000000;0.00000000;0.00000000;0.00000000;0.00000000;0.00000000;0.00000000
HK97-like,39,131,222,0.4114864864864864,0.0379342401286978,0.00450450;0.00000000;0.00000000;0.00000000;0.00000000;0.00000000;0.03603604;0.18918919;0.74324324;0.02702703;0.00000000;0.00000000;0.00000000;0.00000000;0.00000000;0.00000000;0.00000000;0.00000000;0.00000000;0.00000000
HK97-like,39,160,1116,0.4861559139784946,0.0386094412350147,0.00000000;0.00000000;0.00089606;0.00358423;0.00000000;0.00000000;0.00000000;0.00627240;0.07706093;0.58691756;0.31003584;0.01523297;0.00000000;0.00000000;0.00000000;0.00000000;0.00000000;0.00000000;0.00000000;0.00000000
HK97-like,39,163,1329,0.4905756207674943,0.0399170005149121,0.00000000;0.00000000;0.00150489;0.00300978;0.00000000;0.00000000;0.00000000;0.00451467;0.07373965;0.51166290;0.38976674;0.01429646;0.00150489;0.00000000;0.00000000;0.00000000;0.00000000;0.00000000;0.00000000;0.00000000
HK97-like,39,166,1740,0.5202298850574713,0.0380215308480966,0.00000000;0.00057471;0.00000000;0.00287356;0.00172414;0.00000000;0.00000000;0.00000000;0.03390805;0.09252874;0.77241379;0.09137931;0.00459770;0.00000000;0.00000000;0.00000000;0.00000000;0.00000000;0.00000000;0.00000000
HK97-like,39,169,224,0.5120535714285714,0.0388136204199252,0.00000000;0.00000000;0.00000000;0.00446429;0.00000000;0.00000000;0.00000000;0.00000000;0.05803571;0.16071429;0.73214286;0.04017857;0.00446429;0.00000000;0.00000000;0.00000000;0.00000000;0.00000000;0.00000000;0.00000000
HK97-like,39,171,444,0.536036036036036,0.0390173045295988,0.00000000;0.00000000;0.00000000;0.00000000;0.00450450;0.00000000;0.00000000;0.00000000;0.01576577;0.06531532;0.58108108;0.32207207;0.01126126;0.00000000;0.00000000;0.00000000;0.00000000;0.00000000;0.00000000;0.00000000
HK97-like,39,172,444,0.547072072072072,0.0400926206307326,0.00000000;0.00000000;0.00000000;0.00000000;0.00450450;0.00000000;0.00000000;0.00000000;0.00000000;0.07657658;0.39639640;0.50450450;0.01351351;0.00450450;0.00000000;0.00000000;0.00000000;0.00000000;0.00000000;0.00000000
HK97-like,39,173,222,0.5538288288288288,0.0397342237657664,0.00000000;0.00000000;0.00000000;0.00000000;0.00450450;0.00000000;0.00000000;0.00000000;0.00000000;0.07207207;0.27027027;0.63513514;0.01351351;0.00450450;0.00000000;0.00000000;0.00000000;0.00000000;0.00000000;0.00000000
HK97-like,39,175,222,0.5576576576576576,0.0391768904798043,0.00000000;0.00000000;0.00000000;0.00000000;0.00450450;0.00000000;0.00000000;0.00000000;0.00000000;0.06756757;0.20720721;0.69819820;0.01801802;0.00450450;0.00000000;0.00000000;0.00000000;0.00000000;0.00000000;0.00000000
HK97-like,39,178,444,0.5609234234234234,0.0381001937876771,0.00000000;0.00000000;0.00000000;0.00000000;0.00450450;0.00000000;0.00000000;0.00000000;0.00000000;0.05855856;0.16441441;0.74549550;0.02252252;0.00450450;0.00000000;0.00000000;0.00000000;0.00000000;0.00000000;0.00000000
HK97-like,39,179,444,0.5652027027027026,0.0376650050485594,0.00000000;0.00000000;0.00000000;0.00000000;0.00450450;0.00000000;0.00000000;0.00000000;0.00000000;0.05405405;0.10810811;0.78603604;0.04279279;0.00450450;0.00000000;0.00000000;0.00000000;0.00000000;0.00000000;0.00000000
HK97-like,39,180,443,0.5686794582392777,0.036719376395396,0.00000000;0.00000000;0.00000000;0.00000000;0.00225734;0.00225734;0.00000000;0.00000000;0.00000000;0.04514673;0.09029345;0.78103837;0.07449210;0.00451467;0.00000000;0.00000000;0.00000000;0.00000000;0.00000000;0.00000000
HK97-like,39,185,5185,0.6280472516875603,0.0456219284079053,0.00000000;0.00000000;0.00000000;0.00000000;0.00000000;0.00154291;0.00270010;0.00000000;0.00000000;0.00289296;0.04320154;0.12536162;0.52767599;0.28813886;0.00559306;0.00250723;0.00038573;0.00000000;0.00000000;0.00000000
HK97-like,39,189,666,0.5822822822822823,0.0401233258550942,0.00000000;0.00000000;0.00000000;0.00000000;0.00000000;0.00450450;0.00000000;0.00000000;0.00000000;0.02852853;0.06756757;0.61111111;0.28228228;0.00300300;0.00300300;0.00000000;0.00000000;0.00000000;0.00000000;0.00000000
HK97-like,39,209,1123,0.6714826357969725,0.0388343791493611,0.00000000;0.00000000;0.00000000;0.00000000;0.00000000;0.00000000;0.00000000;0.00445236;0.00000000;0.00000000;0.00178094;0.04897596;0.07390917;0.74710597;0.11843277;0.00089047;0.00445236;0.00000000;0.00000000;0.00000000
HK97-like,39,213,226,0.6867256637168142,0.0426670061308512,0.00000000;0.00000000;0.00000000;0.00000000;0.00000000;0.00000000;0.00000000;0.00442478;0.00000000;0.00000000;0.00000000;0.03982301;0.04867257;0.52654867;0.37610619;0.00000000;0.00442478;0.00000000;0.00000000;0.00000000
HK97-like,39,216,440,0.6845454545454546,0.0426377204668773,0.00000000;0.00000000;0.00000000;0.00000000;0.00000000;0.00000000;0.00000000;0.00454545;0.00000000;0.00000000;0.00000000;0.04090909;0.05454545;0.55454545;0.34090909;0.00000000;0.00454545;0.00000000;0.00000000;0.00000000
HK97-like,39,224,833,0.7019507803121247,0.0421147888581621,0.00000000;0.00000000;0.00000000;0.00000000;0.00000000;0.00000000;0.00000000;0.00480192;0.00000000;0.00000000;0.00000000;0.02521008;0.03961585;0.28331333;0.63985594;0.00360144;0.00360144;0.00000000;0.00000000;0.00000000
HK97-like,39,229,1493,0.7205123911587408,0.0314308586465635,0.00000000;0.00000000;0.00000000;0.00000000;0.00000000;0.00000000;0.00000000;0.00133958;0.00066979;0.00000000;0.00000000;0.00736772;0.02746149;0.06229069;0.84192900;0.05693235;0.00000000;0.00200938;0.00000000;0.00000000
HK97-like,39,248,444,0.7275900900900901,0.0472085987261386,0.00000000;0.00000000;0.00000000;0.00000000;0.00000000;0.00000000;0.00000000;0.00000000;0.00450450;0.00000000;0.00000000;0.01126126;0.05855856;0.06981982;0.56531532;0.28603604;0.00000000;0.00450450;0.00000000;0.00000000
HK97-like,39,252,444,0.7379504504504505,0.0478839369592352,0.00000000;0.00000000;0.00000000;0.00000000;0.00000000;0.00000000;0.00000000;0.00000000;0.00450450;0.00000000;0.00000000;0.00450450;0.05405405;0.06531532;0.40765766;0.45945946;0.00000000;0.00450450;0.00000000;0.00000000
HK97-like,39,259,1332,0.7513513513513514,0.0471807874285503,0.00000000;0.00000000;0.00000000;0.00000000;0.00000000;0.00000000;0.00000000;0.00000000;0.00450450;0.00000000;0.00000000;0.00300300;0.04654655;0.05030030;0.20120120;0.68768769;0.00225225;0.00375375;0.00075075;0.00000000
HK97-like,39,297,659,0.8945751138088013,0.0562818755661896,0.00000000;0.00000000;0.00000000;0.00000000;0.00000000;0.00000000;0.00000000;0.00000000;0.00000000;0.00000000;0.00000000;0.00455235;0.00000000;0.00455235;0.03034901;0.04248862;0.06373293;0.17754173;0.67678300;0.00000000
HK97-like,39,301,220,0.9,0.053619026473818,0.00000000;0.00000000;0.00000000;0.00000000;0.00000000;0.00000000;0.00000000;0.00000000;0.00000000;0.00000000;0.00000000;0.00454545;0.00000000;0.00000000;0.02727273;0.04545455;0.05454545;0.11363636;0.75454545;0.00000000
HK97-like,39,302,660,0.9012878787878787,0.0528205266434783,0.00000000;0.00000000;0.00000000;0.00000000;0.00000000;0.00000000;0.00000000;0.00000000;0.00000000;0.00000000;0.00000000;0.00454545;0.00000000;0.00000000;0.02575758;0.04242424;0.05606061;0.10000000;0.77121212;0.00000000
HK97-like,39,313,1100,0.9058636363636364,0.0497692817404338,0.00000000;0.00000000;0.00000000;0.00000000;0.00000000;0.00000000;0.00000000;0.00000000;0.00000000;0.00000000;0.00000000;0.00272727;0.00181818;0.00000000;0.01727273;0.04363636;0.04363636;0.08000000;0.79636364;0.01454545
HK97-like,39,321,660,0.9261363636363638,0.0556183930672481,0.00000000;0.00000000;0.00000000;0.00000000;0.00000000;0.00000000;0.00000000;0.00000000;0.00000000;0.00000000;0.00000000;0.00000000;0.00454545;0.00000000;0.00606061;0.04545455;0.03636364;0.06969697;0.48484848;0.35303030
HK97-like,39,340,236,0.0834745762711864,0.223825094845166,0.93220339;0.00423729;0.00000000;0.00000000;0.00000000;0.00000000;0.00000000;0.00000000;0.00000000;0.00000000;0.00000000;0.00000000;0.00000000;0.00000000;0.00000000;0.00000000;0.00000000;0.01271186;0.01694915;0.03389831
HK97-like,40,10,157,0.025,0.0,1.00000000;0.00000000;0.00000000;0.00000000;0.00000000;0.00000000;0.00000000;0.00000000;0.00000000;0.00000000;0.00000000;0.00000000;0.00000000;0.00000000;0.00000000;0.00000000;0.00000000;0.00000000;0.00000000;0.00000000
HK97-like,40,91,628,0.3301751592356688,0.0272310453122222,0.00000000;0.00000000;0.00000000;0.00000000;0.00955414;0.07324841;0.72133758;0.19585987;0.00000000;0.00000000;0.00000000;0.00000000;0.00000000;0.00000000;0.00000000;0.00000000;0.00000000;0.00000000;0.00000000;0.00000000
HK97-like,40,98,1909,0.3545704557359875,0.0328356685356661,0.00000000;0.00000000;0.00000000;0.00000000;0.00419068;0.02304872;0.40911472;0.50445259;0.05919329;0.00000000;0.00000000;0.00000000;0.00000000;0.00000000;0.00000000;0.00000000;0.00000000;0.00000000;0.00000000;0.00000000
HK97-like,40,105,314,0.3848726114649681,0.0284635706643367,0.00000000;0.00000000;0.00000000;0.00000000;0.00000000;0.00636943;0.06050955;0.66560510;0.26433121;0.00318471;0.00000000;0.00000000;0.00000000;0.00000000;0.00000000;0.00000000;0.00000000;0.00000000;0.00000000;0.00000000
HK97-like,40,109,314,0.3831210191082802,0.0277495281003018,0.00000000;0.00000000;0.00000000;0.00000000;0.00000000;0.00636943;0.06687898;0.68471338;0.24203822;0.00000000;0.00000000;0.00000000;0.00000000;0.00000000;0.00000000;0.00000000;0.00000000;0.00000000;0.00000000;0.00000000
HK97-like,40,111,314,0.387579617834395,0.0280928005802187,0.00000000;0.00000000;0.00000000;0.00000000;0.00000000;0.00636943;0.04140127;0.64968153;0.29936306;0.00318471;0.00000000;0.00000000;0.00000000;0.00000000;0.00000000;0.00000000;0.00000000;0.00000000;0.00000000;0.00000000
HK97-like,40,114,157,0.4017515923566879,0.0285134131026743,0.00000000;0.00000000;0.00000000;0.00000000;0.00000000;0.00000000;0.02547771;0.42675159;0.53503185;0.01273885;0.00000000;0.00000000;0.00000000;0.00000000;0.00000000;0.00000000;0.00000000;0.00000000;0.00000000;0.00000000
HK97-like,40,115,156,0.4080128205128205,0.0296868241471219,0.00000000;0.00000000;0.00000000;0.00000000;0.00000000;0.00000000;0.02564103;0.32692308;0.60897436;0.03846154;0.00000000;0.00000000;0.00000000;0.00000000;0.00000000;0.00000000;0.00000000;0.00000000;0.00000000;0.00000000
HK97-like,40,118,471,0.3996284501061571,0.0320664774847072,0.00000000;0.00000000;0.00000000;0.00000000;0.00000000;0.00424628;0.02972399;0.47346072;0.45435244;0.03821656;0.00000000;0.00000000;0.00000000;0.00000000;0.00000000;0.00000000;0.00000000;0.00000000;0.00000000;0.00000000
HK97-like,40,119,157,0.4214968152866242,0.030450256858093,0.00000000;0.00000000;0.00000000;0.00000000;0.00000000;0.00000000;0.01273885;0.18471338;0.66242038;0.14012739;0.00000000;0.00000000;0.00000000;0.00000000;0.00000000;0.00000000;0.00000000;0.00000000;0.00000000;0.00000000
HK97-like,40,121,314,0.4286624203821655,0.0289568213892646,0.00000000;0.00000000;0.00000000;0.00000000;0.00000000;0.00000000;0.00636943;0.11464968;0.67834395;0.20063694;0.00000000;0.00000000;0.00000000;0.00000000;0.00000000;0.00000000;0.00000000;0.00000000;0.00000000;0.00000000
HK97-like,40,123,157,0.4288216560509554,0.0279566322896238,0.00000000;0.00000000;0.00000000;0.00000000;0.00000000;0.00000000;0.00636943;0.10191083;0.70063694;0.19108280;0.00000000;0.00000000;0.00000000;0.00000000;0.00000000;0.00000000;0.00000000;0.00000000;0.00000000;0.00000000
HK97-like,40,125,157,0.4345541401273885,0.0277234741309813,0.00000000;0.00000000;0.00000000;0.00000000;0.00000000;0.00000000;0.00636943;0.05732484;0.67515924;0.26114650;0.00000000;0.00000000;0.00000000;0.00000000;0.00000000;0.00000000;0.00000000;0.00000000;0.00000000;0.00000000
HK97-like,40,128,314,0.432484076433121,0.0279280479283765,0.00000000;0.00000000;0.00000000;0.00000000;0.00000000;0.00000000;0.00636943;0.07324841;0.68471338;0.23566879;0.00000000;0.00000000;0.00000000;0.00000000;0.00000000;0.00000000;0.00000000;0.00000000;0.00000000;0.00000000
HK97-like,40,129,471,0.4425159235668789,0.0310124155184886,0.00000000;0.00000000;0.00000000;0.00000000;0.00000000;0.00000000;0.00212314;0.05520170;0.54989384;0.37579618;0.01698514;0.00000000;0.00000000;0.00000000;0.00000000;0.00000000;0.00000000;0.00000000;0.00000000;0.00000000
HK97-like,40,131,157,0.4428343949044586,0.0287824803253375,0.00000000;0.00000000;0.00000000;0.00000000;0.00000000;0.00000000;0.00000000;0.04458599;0.56050955;0.38853503;0.00636943;0.00000000;0.00000000;0.00000000;0.00000000;0.00000000;0.00000000;0.00000000;0.00000000;0.00000000
HK97-like,40,160,785,0.5504140127388535,0.0325261373753531,0.00000000;0.00000000;0.00000000;0.00000000;0.00000000;0.00000000;0.00000000;0.00000000;0.00000000;0.02038217;0.51719745;0.39617834;0.06624204;0.00000000;0.00000000;0.00000000;0.00000000;0.00000000;0.00000000;0.00000000
HK97-like,40,163,944,0.5542372881355933,0.0327589237334075,0.00000000;0.00000000;0.00000000;0.00000000;0.00000000;0.00000000;0.00000000;0.00000000;0.00000000;0.01800847;0.45444915;0.45233051;0.07521186;0.00000000;0.00000000;0.00000000;0.00000000;0.00000000;0.00000000;0.00000000
HK97-like,40,166,1546,0.5899741267787839,0.0309492862845138,0.00000000;0.00000000;0.00000000;0.00000000;0.00000000;0.00000000;0.00000000;0.00000000;0.00000000;0.00000000;0.04980595;0.63777490;0.27554981;0.03686934;0.00000000;0.00000000;0.00000000;0.00000000;0.00000000;0.00000000
HK97-like,40,169,157,0.5702229299363057,0.0280941544175043,0.00000000;0.00000000;0.00000000;0.00000000;0.00000000;0.00000000;0.00000000;0.00000000;0.00000000;0.00000000;0.21019108;0.67515924;0.11464968;0.00000000;0.00000000;0.00000000;0.00000000;0.00000000;0.00000000;0.00000000
HK97-like,40,171,314,0.6121019108280255,0.0301410029700905,0.00000000;0.00000000;0.00000000;0.00000000;0.00000000;0.00000000;0.00000000;0.00000000;0.00000000;0.00000000;0.01273885;0.30573248;0.60828025;0.07324841;0.00000000;0.00000000;0.00000000;0.00000000;0.00000000;0.00000000
HK97-like,40,172,314,0.6162420382165605,0.0278425741163652,0.00000000;0.00000000;0.00000000;0.00000000;0.00000000;0.00000000;0.00000000;0.00000000;0.00000000;0.00000000;0.00318471;0.24840764;0.66878981;0.07961783;0.00000000;0.00000000;0.00000000;0.00000000;0.00000000;0.00000000
HK97-like,40,173,157,0.6195859872611464,0.0262154339200722,0.00000000;0.00000000;0.00000000;0.00000000;0.00000000;0.00000000;0.00000000;0.00000000;0.00000000;0.00000000;0.00000000;0.19745223;0.71337580;0.08917197;0.00000000;0.00000000;0.00000000;0.00000000;0.00000000;0.00000000
HK97-like,40,175,157,0.6218152866242038,0.0262772628595366,0.00000000;0.00000000;0.00000000;0.00000000;0.00000000;0.00000000;0.00000000;0.00000000;0.00000000;0.00000000;0.00000000;0.17197452;0.71974522;0.10828025;0.00000000;0.00000000;0.00000000;0.00000000;0.00000000;0.00000000
HK97-like,40,178,314,0.6269108280254777,0.0248468880252096,0.00000000;0.00000000;0.00000000;0.00000000;0.00000000;0.00000000;0.00000000;0.00000000;0.00000000;0.00000000;0.00000000;0.10509554;0.75159236;0.14331210;0.00000000;0.00000000;0.00000000;0.00000000;0.00000000;0.00000000
HK97-like,40,179,314,0.6358280254777069,0.0260563276039271,0.00000000;0.00000000;0.00000000;0.00000000;0.00000000;0.00000000;0.00000000;0.00000000;0.00000000;0.00000000;0.00000000;0.03503185;0.72929936;0.21974522;0.01592357;0.00000000;0.00000000;0.00000000;0.00000000;0.00000000
HK97-like,40,180,314,0.6453821656050955,0.0313981083920159,0.00000000;0.00000000;0.00000000;0.00000000;0.00000000;0.00000000;0.00000000;0.00000000;0.00000000;0.00000000;0.00000000;0.02229299;0.60191083;0.32165605;0.05414013;0.00000000;0.00000000;0.00000000;0.00000000;0.00000000
HK97-like,40,185,3585,0.7006624825662483,0.0346089999013492,0.00000000;0.00000000;0.00000000;0.00000000;0.00000000;0.00000000;0.00000000;0.00000000;0.00000000;0.00000000;0.00000000;0.00055788;0.05718271;0.42649930;0.45997211;0.05578801;0.00000000;0.00000000;0.00000000;0.00000000
HK97-like,40,189,471,0.6605626326963907,0.0302791647527138,0.00000000;0.00000000;0.00000000;0.00000000;0.00000000;0.00000000;0.00000000;0.00000000;0.00000000;0.00000000;0.00000000;0.01061571;0.33757962;0.58174098;0.07006369;0.00000000;0.00000000;0.00000000;0.00000000;0.00000000
HK97-like,40,209,805,0.7517701863354037,0.0262714564062293,0.00000000;0.00000000;0.00000000;0.00000000;0.00000000;0.00000000;0.00000000;0.00000000;0.00000000;0.00000000;0.00000000;0.00000000;0.00000000;0.00993789;0.44844720;0.53788820;0.00372671;0.00000000;0.00000000;0.00000000
HK97-like,40,213,157,0.7613057324840764,0.023000598834736,0.00000000;0.00000000;0.00000000;0.00000000;0.00000000;0.00000000;0.00000000;0.00000000;0.00000000;0.00000000;0.00000000;0.00000000;0.00000000;0.00000000;0.28025478;0.71337580;0.00636943;0.00000000;0.00000000;0.00000000
HK97-like,40,216,314,0.7613057324840764,0.023000598834736,0.00000000;0.00000000;0.00000000;0.00000000;0.00000000;0.00000000;0.00000000;0.00000000;0.00000000;0.00000000;0.00000000;0.00000000;0.00000000;0.00000000;0.28025478;0.71337580;0.00636943;0.00000000;0.00000000;0.00000000
HK97-like,40,224,526,0.7678707224334601,0.0218343752212694,0.00000000;0.00000000;0.00000000;0.00000000;0.00000000;0.00000000;0.00000000;0.00000000;0.00000000;0.00000000;0.00000000;0.00000000;0.00000000;0.00000000;0.17680608;0.78897338;0.03422053;0.00000000;0.00000000;0.00000000
HK97-like,40,229,642,0.7869158878504672,0.0243719700710939,0.00000000;0.00000000;0.00000000;0.00000000;0.00000000;0.00000000;0.00000000;0.00000000;0.00000000;0.00000000;0.00000000;0.00000000;0.00000000;0.00000000;0.02803738;0.70560748;0.26635514;0.00000000;0.00000000;0.00000000
HK97-like,40,248,319,0.7999216300940438,0.0256191690056544,0.00000000;0.00000000;0.00000000;0.00000000;0.00000000;0.00000000;0.00000000;0.00000000;0.00000000;0.00000000;0.00000000;0.00000000;0.00000000;0.00000000;0.00626959;0.48902821;0.50470219;0.00000000;0.00000000;0.00000000
HK97-like,40,252,307,0.8036644951140066,0.0250570972083871,0.00000000;0.00000000;0.00000000;0.00000000;0.00000000;0.00000000;0.00000000;0.00000000;0.00000000;0.00000000;0.00000000;0.00000000;0.00000000;0.00000000;0.00325733;0.42019544;0.57654723;0.00000000;0.00000000;0.00000000
HK97-like,40,259,1182,0.8171319796954314,0.0206048022914145,0.00000000;0.00000000;0.00000000;0.00000000;0.00000000;0.00000000;0.00000000;0.00000000;0.00000000;0.00000000;0.00000000;0.00000000;0.00000000;0.00000000;0.00000000;0.17597293;0.80541455;0.01861252;0.00000000;0.00000000
HK97-like,40,297,471,0.90843949044586,0.0246343978468626,0.00000000;0.00000000;0.00000000;0.00000000;0.00000000;0.00000000;0.00000000;0.00000000;0.00000000;0.00000000;0.00000000;0.00000000;0.00000000;0.00000000;0.00000000;0.00000000;0.01061571;0.30997877;0.67940552;0.00000000
HK97-like,40,301,157,0.9148089171974524,0.020917531049265,0.00000000;0.00000000;0.00000000;0.00000000;0.00000000;0.00000000;0.00000000;0.00000000;0.00000000;0.00000000;0.00000000;0.00000000;0.00000000;0.00000000;0.00000000;0.00000000;0.00636943;0.19108280;0.80254777;0.00000000
HK97-like,40,302,472,0.9153601694915254,0.0199914585143404,0.00000000;0.00000000;0.00000000;0.00000000;0.00000000;0.00000000;0.00000000;0.00000000;0.00000000;0.00000000;0.00000000;0.00000000;0.00000000;0.00000000;0.00000000;0.00000000;0.00211864;0.18855932;0.80932203;0.00000000
HK97-like,40,313,784,0.9213647959183674,0.0134647910272432,0.00000000;0.00000000;0.00000000;0.00000000;0.00000000;0.00000000;0.00000000;0.00000000;0.00000000;0.00000000;0.00000000;0.00000000;0.00000000;0.00000000;0.00000000;0.00000000;0.00000000;0.07525510;0.92219388;0.00255102
HK97-like,40,321,471,0.9380573248407644,0.0240398400850517,0.00000000;0.00000000;0.00000000;0.00000000;0.00000000;0.00000000;0.00000000;0.00000000;0.00000000;0.00000000;0.00000000;0.00000000;0.00000000;0.00000000;0.00000000;0.00000000;0.00000000;0.01910828;0.70063694;0.28025478
HK97-like,40,340,156,0.025,0.0,1.00000000;0.00000000;0.00000000;0.00000000;0.00000000;0.00000000;0.00000000;0.00000000;0.00000000;0.00000000;0.00000000;0.00000000;0.00000000;0.00000000;0.00000000;0.00000000;0.00000000;0.00000000;0.00000000;0.00000000
HK97-like,41,10,270,0.0251851851851851,0.0030372628642327,0.99629630;0.00370370;0.00000000;0.00000000;0.00000000;0.00000000;0.00000000;0.00000000;0.00000000;0.00000000;0.00000000;0.00000000;0.00000000;0.00000000;0.00000000;0.00000000;0.00000000;0.00000000;0.00000000;0.00000000
HK97-like,41,91,756,0.3100529100529101,0.0267532790750412,0.00000000;0.00000000;0.00000000;0.00000000;0.01322751;0.29761905;0.66402116;0.02513228;0.00000000;0.00000000;0.00000000;0.00000000;0.00000000;0.00000000;0.00000000;0.00000000;0.00000000;0.00000000;0.00000000;0.00000000
HK97-like,41,98,3284,0.3254263093788063,0.0304973150655724,0.00000000;0.00000000;0.00000000;0.00000000;0.00091352;0.15956151;0.67417783;0.16473812;0.00000000;0.00000000;0.00000000;0.00000000;0.00000000;0.00000000;0.00030451;0.00030451;0.00000000;0.00000000;0.00000000;0.00000000
HK97-like,41,105,504,0.3495039682539682,0.0318065828785754,0.00000000;0.00000000;0.00000000;0.00000000;0.00000000;0.06150794;0.40277778;0.51984127;0.01587302;0.00000000;0.00000000;0.00000000;0.00000000;0.00000000;0.00000000;0.00000000;0.00000000;0.00000000;0.00000000;0.00000000
HK97-like,41,109,504,0.3466269841269841,0.0319432120436629,0.00000000;0.00000000;0.00000000;0.00000000;0.00000000;0.06944444;0.44047619;0.47817460;0.01190476;0.00000000;0.00000000;0.00000000;0.00000000;0.00000000;0.00000000;0.00000000;0.00000000;0.00000000;0.00000000;0.00000000
HK97-like,41,111,505,0.3538118811881188,0.0400071065150762,0.00000000;0.00000000;0.00000000;0.00000000;0.00000000;0.05148515;0.36633663;0.56237624;0.01584158;0.00000000;0.00000000;0.00000000;0.00000000;0.00198020;0.00000000;0.00000000;0.00198020;0.00000000;0.00000000;0.00000000
HK97-like,41,114,253,0.3625494071146244,0.040902884713787,0.00000000;0.00000000;0.00000000;0.00000000;0.00000000;0.03162055;0.25296443;0.67984190;0.03162055;0.00000000;0.00000000;0.00000000;0.00000000;0.00000000;0.00000000;0.00000000;0.00395257;0.00000000;0.00000000;0.00000000
HK97-like,41,115,252,0.365079365079365,0.0398508336083376,0.00000000;0.00000000;0.00000000;0.00000000;0.00000000;0.02380952;0.22222222;0.71428571;0.03571429;0.00000000;0.00000000;0.00000000;0.00000000;0.00000000;0.00000000;0.00000000;0.00396825;0.00000000;0.00000000;0.00000000
HK97-like,41,118,758,0.3593007915567283,0.0323482741997253,0.00000000;0.00000000;0.00000000;0.00000000;0.00000000;0.03166227;0.29287599;0.64116095;0.03298153;0.00000000;0.00000000;0.00000000;0.00000000;0.00000000;0.00131926;0.00000000;0.00000000;0.00000000;0.00000000;0.00000000
HK97-like,41,119,253,0.3688735177865613,0.0337395249485178,0.00000000;0.00000000;0.00000000;0.00000000;0.00000000;0.00395257;0.20158103;0.73122530;0.05928854;0.00000000;0.00000000;0.00000000;0.00000000;0.00000000;0.00395257;0.00000000;0.00000000;0.00000000;0.00000000;0.00000000
HK97-like,41,121,505,0.3752970297029703,0.0326231238387607,0.00000000;0.00000000;0.00000000;0.00000000;0.00000000;0.00198020;0.16237624;0.67524752;0.15841584;0.00000000;0.00000000;0.00000000;0.00000000;0.00000000;0.00198020;0.00000000;0.00000000;0.00000000;0.00000000;0.00000000
HK97-like,41,123,252,0.3736111111111111,0.0349042845921874,0.00000000;0.00000000;0.00000000;0.00000000;0.00000000;0.00396825;0.16269841;0.71428571;0.11507937;0.00000000;0.00000000;0.00000000;0.00000000;0.00000000;0.00396825;0.00000000;0.00000000;0.00000000;0.00000000;0.00000000
HK97-like,41,125,252,0.3811507936507936,0.0316833458481269,0.00000000;0.00000000;0.00000000;0.00000000;0.00000000;0.00000000;0.14682540;0.58333333;0.26984127;0.00000000;0.00000000;0.00000000;0.00000000;0.00000000;0.00000000;0.00000000;0.00000000;0.00000000;0.00000000;0.00000000
HK97-like,41,128,504,0.3784722222222222,0.0299279429309399,0.00000000;0.00000000;0.00000000;0.00000000;0.00000000;0.00000000;0.14682540;0.63690476;0.21626984;0.00000000;0.00000000;0.00000000;0.00000000;0.00000000;0.00000000;0.00000000;0.00000000;0.00000000;0.00000000;0.00000000
HK97-like,41,129,756,0.3853174603174603,0.0324184734373017,0.00000000;0.00000000;0.00000000;0.00000000;0.00000000;0.00000000;0.12566138;0.54497354;0.32671958;0.00264550;0.00000000;0.00000000;0.00000000;0.00000000;0.00000000;0.00000000;0.00000000;0.00000000;0.00000000;0.00000000
HK97-like,41,131,504,0.3913690476190475,0.0335544853394379,0.00000000;0.00000000;0.00000000;0.00000000;0.00000000;0.00000000;0.10912698;0.46031746;0.42460317;0.00595238;0.00000000;0.00000000;0.00000000;0.00000000;0.00000000;0.00000000;0.00000000;0.00000000;0.00000000;0.00000000
HK97-like,41,160,1268,0.4663249211356466,0.0419795478640957,0.00000000;0.00000000;0.00078864;0.00315457;0.00000000;0.00000000;0.00000000;0.04258675;0.18217666;0.66798107;0.10094637;0.00000000;0.00000000;0.00000000;0.00000000;0.00078864;0.00000000;0.00157729;0.00000000;0.00000000
HK97-like,41,163,1777,0.4725239167135622,0.0446275478460644,0.00000000;0.00000000;0.00056275;0.00337648;0.00000000;0.00000000;0.00000000;0.03038829;0.16544738;0.62239730;0.17388858;0.00000000;0.00000000;0.00000000;0.00000000;0.00225098;0.00000000;0.00168824;0.00000000;0.00000000
HK97-like,41,166,4856,0.5021004942339373,0.041908189246854,0.00000000;0.00000000;0.00000000;0.00061779;0.00308896;0.00020593;0.00000000;0.00164745;0.08669687;0.30436573;0.56260297;0.03933278;0.00000000;0.00000000;0.00000000;0.00020593;0.00041186;0.00082372;0.00000000;0.00000000
HK97-like,41,171,761,0.5286136662286466,0.0453858102404734,0.00000000;0.00000000;0.00000000;0.00000000;0.00000000;0.00394218;0.00000000;0.00000000;0.03810775;0.12877792;0.55453351;0.27069645;0.00000000;0.00000000;0.00000000;0.00000000;0.00262812;0.00000000;0.00131406;0.00000000
HK97-like,41,172,509,0.5332514734774066,0.0447728124816223,0.00000000;0.00000000;0.00000000;0.00000000;0.00000000;0.00392927;0.00000000;0.00000000;0.03143418;0.12377210;0.48330059;0.35559921;0.00000000;0.00000000;0.00000000;0.00000000;0.00000000;0.00000000;0.00196464;0.00000000
HK97-like,41,173,256,0.541015625,0.057429846385476,0.00000000;0.00000000;0.00000000;0.00000000;0.00000000;0.00390625;0.00000000;0.00000000;0.02734375;0.10937500;0.43359375;0.41406250;0.00000000;0.00000000;0.00000000;0.00000000;0.00000000;0.00390625;0.00781250;0.00000000
HK97-like,41,175,255,0.540686274509804,0.0517253266732463,0.00000000;0.00000000;0.00000000;0.00000000;0.00000000;0.00392157;0.00000000;0.00000000;0.02352941;0.10588235;0.43137255;0.42745098;0.00000000;0.00000000;0.00000000;0.00000000;0.00000000;0.00392157;0.00392157;0.00000000
HK97-like,41,178,508,0.5414370078740157,0.0468548391657884,0.00000000;0.00000000;0.00000000;0.00000000;0.00000000;0.00393701;0.00000000;0.00000000;0.01968504;0.09842520;0.42125984;0.45078740;0.00196850;0.00000000;0.00000000;0.00000000;0.00000000;0.00000000;0.00393701;0.00000000
HK97-like,41,179,510,0.547156862745098,0.0501884185331986,0.00000000;0.00000000;0.00000000;0.00000000;0.00000000;0.00392157;0.00000000;0.00000000;0.00980392;0.09411765;0.37254902;0.50588235;0.00588235;0.00000000;0.00000000;0.00000000;0.00000000;0.00392157;0.00392157;0.00000000
HK97-like,41,180,508,0.5496062992125984,0.0452991208967757,0.00000000;0.00000000;0.00000000;0.00000000;0.00000000;0.00393701;0.00000000;0.00000000;0.00196850;0.09645669;0.32677165;0.55314961;0.01377953;0.00000000;0.00000000;0.00000000;0.00000000;0.00000000;0.00393701;0.00000000
HK97-like,41,209,270,0.6012962962962963,0.054033470295813,0.00000000;0.00000000;0.00000000;0.00000000;0.00000000;0.00000000;0.00000000;0.00370370;0.00000000;0.01851852;0.08888889;0.32222222;0.52962963;0.02222222;0.00000000;0.00370370;0.00000000;0.00000000;0.01111111;0.00000000
HK97-like,41,213,250,0.6016,0.0410175572163921,0.00000000;0.00000000;0.00000000;0.00000000;0.00000000;0.00000000;0.00000000;0.00400000;0.00000000;0.02000000;0.07600000;0.27200000;0.59200000;0.03600000;0.00000000;0.00000000;0.00000000;0.00000000;0.00000000;0.00000000
HK97-like,41,216,239,0.5984309623430962,0.0413570336172437,0.00000000;0.00000000;0.00000000;0.00000000;0.00000000;0.00000000;0.00000000;0.00418410;0.00000000;0.02092050;0.08786611;0.29707113;0.56485356;0.02510460;0.00000000;0.00000000;0.00000000;0.00000000;0.00000000;0.00000000
HK97-like,41,229,9821,0.6034899704714387,0.0492934564522144,0.00000000;0.00000000;0.00000000;0.00000000;0.00000000;0.00000000;0.00132369;0.00112005;0.00040729;0.02739029;0.08736381;0.31697383;0.40810508;0.15578862;0.00152734;0.00000000;0.00000000;0.00000000;0.00000000;0.00000000
HK97-like,41,248,509,0.6537819253438115,0.0485718392001698,0.00000000;0.00000000;0.00000000;0.00000000;0.00000000;0.00000000;0.00000000;0.00000000;0.00392927;0.00000000;0.04322200;0.07465619;0.18664047;0.65029470;0.03536346;0.00000000;0.00196464;0.00000000;0.00392927;0.00000000
HK97-like,41,252,507,0.6549802761341222,0.0456013902250391,0.00000000;0.00000000;0.00000000;0.00000000;0.00000000;0.00000000;0.00000000;0.00000000;0.00394477;0.00000000;0.03944773;0.06706114;0.17948718;0.66666667;0.04142012;0.00000000;0.00000000;0.00000000;0.00197239;0.00000000
HK97-like,41,259,1520,0.6605921052631579,0.0466260819351197,0.00000000;0.00000000;0.00000000;0.00000000;0.00000000;0.00000000;0.00000000;0.00000000;0.00394737;0.00000000;0.03684211;0.06250000;0.15263158;0.62434211;0.11973684;0.00000000;0.00000000;0.00000000;0.00000000;0.00000000
HK97-like,41,297,759,0.7073451910408433,0.045240181167027,0.00000000;0.00000000;0.00000000;0.00000000;0.00000000;0.00000000;0.00000000;0.00000000;0.00000000;0.00000000;0.00395257;0.04216074;0.06587615;0.15810277;0.65085639;0.07905138;0.00000000;0.00000000;0.00000000;0.00000000
HK97-like,41,301,253,0.7125494071146246,0.0473937602174972,0.00000000;0.00000000;0.00000000;0.00000000;0.00000000;0.00000000;0.00000000;0.00000000;0.00000000;0.00000000;0.00395257;0.03952569;0.06324111;0.13833992;0.60474308;0.15019763;0.00000000;0.00000000;0.00000000;0.00000000
HK97-like,41,302,759,0.7132740447957838,0.0475436003859412,0.00000000;0.00000000;0.00000000;0.00000000;0.00000000;0.00000000;0.00000000;0.00000000;0.00000000;0.00000000;0.00395257;0.03820817;0.06192358;0.14229249;0.59156785;0.16205534;0.00000000;0.00000000;0.00000000;0.00000000
HK97-like,41,313,1266,0.7218404423380727,0.0505292820908777,0.00000000;0.00000000;0.00000000;0.00000000;0.00000000;0.00000000;0.00000000;0.00000000;0.00000000;0.00000000;0.00394945;0.03554502;0.05687204;0.12085308;0.48894155;0.29383886;0.00000000;0.00000000;0.00000000;0.00000000
HK97-like,41,321,758,0.7355540897097625,0.0519484126381409,0.00000000;0.00000000;0.00000000;0.00000000;0.00000000;0.00000000;0.00000000;0.00000000;0.00000000;0.00000000;0.00263852;0.03298153;0.04881266;0.08575198;0.32585752;0.50395778;0.00000000;0.00000000;0.00000000;0.00000000
HK97-like,41,340,371,0.2580188679245283,0.3920126341132117,0.71698113;0.01078167;0.00269542;0.00539084;0.00808625;0.00000000;0.00000000;0.00000000;0.00000000;0.00000000;0.00000000;0.00000000;0.00000000;0.00539084;0.00539084;0.00808625;0.01886792;0.02156334;0.07816712;0.11859838
HK97-like,42,10,327,0.0269877675840978,0.0125139617526667,0.97247706;0.01529052;0.01223242;0.00000000;0.00000000;0.00000000;0.00000000;0.00000000;0.00000000;0.00000000;0.00000000;0.00000000;0.00000000;0.00000000;0.00000000;0.00000000;0.00000000;0.00000000;0.00000000;0.00000000
HK97-like,42,91,1292,0.2785216718266254,0.026633570048939,0.00309598;0.00000000;0.00309598;0.00000000;0.03173375;0.84752322;0.10216718;0.01238390;0.00000000;0.00000000;0.00000000;0.00000000;0.00000000;0.00000000;0.00000000;0.00000000;0.00000000;0.00000000;0.00000000;0.00000000
HK97-like,42,98,4446,0.2977620332883491,0.0342862517717101,0.00067476;0.00224921;0.00112461;0.00157445;0.00562303;0.56680162;0.36774629;0.05060729;0.00359874;0.00000000;0.00000000;0.00000000;0.00000000;0.00000000;0.00000000;0.00000000;0.00000000;0.00000000;0.00000000;0.00000000
HK97-like,42,105,629,0.3274642289348172,0.0272968852544798,0.00000000;0.00158983;0.00158983;0.00317965;0.00158983;0.04610493;0.83942766;0.09062003;0.01589825;0.00000000;0.00000000;0.00000000;0.00000000;0.00000000;0.00000000;0.00000000;0.00000000;0.00000000;0.00000000;0.00000000
HK97-like,42,109,627,0.32603668261563,0.0275769521078663,0.00000000;0.00159490;0.00159490;0.00318979;0.00159490;0.06539075;0.82615630;0.08771930;0.01275917;0.00000000;0.00000000;0.00000000;0.00000000;0.00000000;0.00000000;0.00000000;0.00000000;0.00000000;0.00000000;0.00000000
HK97-like,42,111,627,0.3286682615629984,0.0266874818603482,0.00000000;0.00159490;0.00159490;0.00318979;0.00000000;0.03349282;0.84529506;0.09888357;0.01594896;0.00000000;0.00000000;0.00000000;0.00000000;0.00000000;0.00000000;0.00000000;0.00000000;0.00000000;0.00000000;0.00000000
HK97-like,42,114,315,0.331984126984127,0.027867881076006,0.00000000;0.00000000;0.00317460;0.00317460;0.00000000;0.01587302;0.82857143;0.12063492;0.02857143;0.00000000;0.00000000;0.00000000;0.00000000;0.00000000;0.00000000;0.00000000;0.00000000;0.00000000;0.00000000;0.00000000
HK97-like,42,115,314,0.3348726114649682,0.0292907076664363,0.00000000;0.00000000;0.00318471;0.00000000;0.00318471;0.01273885;0.78662420;0.16242038;0.02866242;0.00318471;0.00000000;0.00000000;0.00000000;0.00000000;0.00000000;0.00000000;0.00000000;0.00000000;0.00000000;0.00000000
HK97-like,42,118,942,0.3328556263269639,0.0289018465821886,0.00000000;0.00106157;0.00212314;0.00212314;0.00106157;0.02123142;0.79723992;0.15074310;0.02335456;0.00106157;0.00000000;0.00000000;0.00000000;0.00000000;0.00000000;0.00000000;0.00000000;0.00000000;0.00000000;0.00000000
HK97-like,42,119,314,0.3428343949044586,0.0324246990731475,0.00000000;0.00000000;0.00318471;0.00000000;0.00318471;0.00636943;0.64968153;0.29617834;0.03821656;0.00318471;0.00000000;0.00000000;0.00000000;0.00000000;0.00000000;0.00000000;0.00000000;0.00000000;0.00000000;0.00000000
HK97-like,42,121,630,0.3557936507936508,0.0384749593810067,0.00317460;0.00000000;0.00158730;0.00158730;0.00317460;0.00476190;0.39523810;0.52857143;0.05714286;0.00476190;0.00000000;0.00000000;0.00000000;0.00000000;0.00000000;0.00000000;0.00000000;0.00000000;0.00000000;0.00000000
HK97-like,42,123,314,0.3517515923566878,0.0382868250028907,0.00318471;0.00000000;0.00318471;0.00000000;0.00318471;0.00636943;0.45541401;0.48089172;0.04458599;0.00318471;0.00000000;0.00000000;0.00000000;0.00000000;0.00000000;0.00000000;0.00000000;0.00000000;0.00000000;0.00000000
HK97-like,42,125,315,0.3678571428571428,0.0356984091695072,0.00317460;0.00000000;0.00000000;0.00317460;0.00317460;0.00317460;0.18095238;0.72380952;0.07619048;0.00634921;0.00000000;0.00000000;0.00000000;0.00000000;0.00000000;0.00000000;0.00000000;0.00000000;0.00000000;0.00000000
HK97-like,42,128,631,0.3637480190174326,0.0370272297760326,0.00316957;0.00000000;0.00158479;0.00158479;0.00316957;0.00475436;0.24405705;0.67353407;0.06180666;0.00633914;0.00000000;0.00000000;0.00000000;0.00000000;0.00000000;0.00000000;0.00000000;0.00000000;0.00000000;0.00000000
HK97-like,42,129,945,0.3698677248677249,0.0354503672059319,0.00317460;0.00000000;0.00105820;0.00211640;0.00211640;0.00317460;0.15132275;0.74814815;0.08042328;0.00846561;0.00000000;0.00000000;0.00000000;0.00000000;0.00000000;0.00000000;0.00000000;0.00000000;0.00000000;0.00000000
HK97-like,42,131,315,0.3732539682539683,0.0338783857929432,0.00317460;0.00000000;0.00000000;0.00317460;0.00317460;0.00000000;0.09841270;0.79365079;0.08888889;0.00952381;0.00000000;0.00000000;0.00000000;0.00000000;0.00000000;0.00000000;0.00000000;0.00000000;0.00000000;0.00000000
HK97-like,42,160,1582,0.5424146649810367,0.0355356872648946,0.00000000;0.00000000;0.00000000;0.00063211;0.00252845;0.00000000;0.00316056;0.00252845;0.00063211;0.01390645;0.57901391;0.39190898;0.00568900;0.00000000;0.00000000;0.00000000;0.00000000;0.00000000;0.00000000;0.00000000
HK97-like,42,163,1895,0.5461609498680738,0.0357464385390633,0.00000000;0.00000000;0.00000000;0.00052770;0.00263852;0.00000000;0.00211082;0.00316623;0.00105541;0.01160950;0.51292876;0.45751979;0.00844327;0.00000000;0.00000000;0.00000000;0.00000000;0.00000000;0.00000000;0.00000000
HK97-like,42,166,4599,0.5798814959773864,0.033261208386409,0.00000000;0.00000000;0.00000000;0.00000000;0.00000000;0.00239182;0.00086975;0.00195695;0.00347902;0.00478365;0.05588171;0.73385519;0.19352033;0.00326158;0.00000000;0.00000000;0.00000000;0.00000000;0.00000000;0.00000000
HK97-like,42,169,316,0.5631329113924051,0.0329459865653511,0.00000000;0.00000000;0.00000000;0.00000000;0.00316456;0.00000000;0.00000000;0.00316456;0.00316456;0.00949367;0.19620253;0.76265823;0.02215190;0.00000000;0.00000000;0.00000000;0.00000000;0.00000000;0.00000000;0.00000000
HK97-like,42,171,632,0.6043512658227848,0.0332337811158834,0.00000000;0.00000000;0.00000000;0.00000000;0.00000000;0.00000000;0.00316456;0.00000000;0.00316456;0.00316456;0.01265823;0.35759494;0.60917722;0.01107595;0.00000000;0.00000000;0.00000000;0.00000000;0.00000000;0.00000000
HK97-like,42,172,632,0.6089398734177215,0.0321805064035518,0.00000000;0.00000000;0.00000000;0.00000000;0.00000000;0.00000000;0.00316456;0.00000000;0.00316456;0.00316456;0.00632911;0.28322785;0.68512658;0.01582278;0.00000000;0.00000000;0.00000000;0.00000000;0.00000000;0.00000000
HK97-like,42,173,316,0.6117088607594936,0.0320293188072911,0.00000000;0.00000000;0.00000000;0.00000000;0.00000000;0.00000000;0.00316456;0.00000000;0.00316456;0.00316456;0.00632911;0.23734177;0.72151899;0.02531646;0.00000000;0.00000000;0.00000000;0.00000000;0.00000000;0.00000000
HK97-like,42,175,315,0.6145238095238095,0.0313924756644752,0.00000000;0.00000000;0.00000000;0.00000000;0.00000000;0.00000000;0.00317460;0.00000000;0.00317460;0.00317460;0.00634921;0.18730159;0.76507937;0.03174603;0.00000000;0.00000000;0.00000000;0.00000000;0.00000000;0.00000000
HK97-like,42,178,631,0.6169175911251981,0.0285347319364566,0.00000000;0.00000000;0.00000000;0.00000000;0.00000000;0.00000000;0.00000000;0.00316957;0.00000000;0.00633914;0.00633914;0.15213946;0.79397781;0.03803487;0.00000000;0.00000000;0.00000000;0.00000000;0.00000000;0.00000000
HK97-like,42,179,632,0.6220727848101265,0.0280450770714048,0.00000000;0.00000000;0.00000000;0.00000000;0.00000000;0.00000000;0.00000000;0.00316456;0.00000000;0.00474684;0.00791139;0.08544304;0.82911392;0.06645570;0.00316456;0.00000000;0.00000000;0.00000000;0.00000000;0.00000000
HK97-like,42,180,630,0.6249206349206351,0.0278173187959174,0.00000000;0.00000000;0.00000000;0.00000000;0.00000000;0.00000000;0.00000000;0.00317460;0.00000000;0.00317460;0.00952381;0.05714286;0.83015873;0.09365079;0.00317460;0.00000000;0.00000000;0.00000000;0.00000000;0.00000000
HK97-like,42,185,9206,0.67937214859874,0.0369169806548021,0.00000000;0.00000000;0.00000000;0.00000000;0.00000000;0.00000000;0.00000000;0.00000000;0.00108625;0.00108625;0.00325874;0.01010211;0.14805562;0.56875950;0.26004779;0.00760374;0.00000000;0.00000000;0.00000000;0.00000000
HK97-like,42,189,949,0.6372233930453108,0.0324322856332323,0.00000000;0.00000000;0.00000000;0.00000000;0.00000000;0.00000000;0.00000000;0.00210748;0.00105374;0.00316122;0.00632244;0.03477345;0.63962065;0.30979979;0.00316122;0.00000000;0.00000000;0.00000000;0.00000000;0.00000000
HK97-like,42,209,1580,0.7195886075949367,0.0281972325033152,0.00000000;0.00000000;0.00000000;0.00000000;0.00000000;0.00000000;0.00000000;0.00000000;0.00000000;0.00000000;0.00189873;0.00379747;0.01645570;0.12784810;0.77848101;0.07151899;0.00000000;0.00000000;0.00000000;0.00000000
HK97-like,42,213,316,0.7319620253164557,0.0297502018025172,0.00000000;0.00000000;0.00000000;0.00000000;0.00000000;0.00000000;0.00000000;0.00000000;0.00000000;0.00000000;0.00000000;0.00316456;0.00949367;0.06329114;0.69936709;0.21835443;0.00632911;0.00000000;0.00000000;0.00000000
HK97-like,42,216,632,0.7320411392405064,0.0304545451488134,0.00000000;0.00000000;0.00000000;0.00000000;0.00000000;0.00000000;0.00000000;0.00000000;0.00000000;0.00000000;0.00000000;0.00316456;0.01265823;0.06329114;0.68670886;0.22943038;0.00474684;0.00000000;0.00000000;0.00000000
HK97-like,42,224,1264,0.7433939873417721,0.0324359128877329,0.00000000;0.00000000;0.00000000;0.00000000;0.00000000;0.00000000;0.00000000;0.00000000;0.00000000;0.00000000;0.00000000;0.00316456;0.00712025;0.04430380;0.51898734;0.41693038;0.00949367;0.00000000;0.00000000;0.00000000
HK97-like,42,229,8840,0.7778506787330317,0.0351035360917622,0.00000000;0.00000000;0.00000000;0.00000000;0.00000000;0.00000000;0.00000000;0.00000000;0.00000000;0.00000000;0.00000000;0.00022624;0.00316742;0.01696833;0.14570136;0.58857466;0.24366516;0.00169683;0.00000000;0.00000000
HK97-like,42,248,632,0.820253164556962,0.0182614405648778,0.00000000;0.00000000;0.00000000;0.00000000;0.00000000;0.00000000;0.00000000;0.00000000;0.00000000;0.00000000;0.00000000;0.00000000;0.00000000;0.00316456;0.00474684;0.08544304;0.89715190;0.00949367;0.00000000;0.00000000
HK97-like,42,252,631,0.8227020602218701,0.0158822922316657,0.00000000;0.00000000;0.00000000;0.00000000;0.00000000;0.00000000;0.00000000;0.00000000;0.00000000;0.00000000;0.00000000;0.00000000;0.00000000;0.00316957;0.00316957;0.04595880;0.93185420;0.01584786;0.00000000;0.00000000
HK97-like,42,259,1897,0.8273721665788086,0.0179221836133143,0.00000000;0.00000000;0.00000000;0.00000000;0.00000000;0.00000000;0.00000000;0.00000000;0.00000000;0.00000000;0.00000000;0.00000000;0.00000000;0.00000000;0.00527148;0.02424881;0.88982604;0.07907222;0.00158144;0.00000000
HK97-like,42,297,948,0.8859704641350211,0.0229865850851623,0.00000000;0.00000000;0.00000000;0.00000000;0.00000000;0.00000000;0.00000000;0.00000000;0.00000000;0.00000000;0.00000000;0.00000000;0.00000000;0.00000000;0.00000000;0.00000000;0.01371308;0.75949367;0.22046414;0.00632911
HK97-like,42,301,316,0.9,0.0265351450731032,0.00000000;0.00000000;0.00000000;0.00000000;0.00000000;0.00000000;0.00000000;0.00000000;0.00000000;0.00000000;0.00000000;0.00000000;0.00000000;0.00000000;0.00000000;0.00000000;0.00949367;0.48734177;0.49683544;0.00632911
HK97-like,42,302,948,0.9050105485232066,0.0258545896184888,0.00000000;0.00000000;0.00000000;0.00000000;0.00000000;0.00000000;0.00000000;0.00000000;0.00000000;0.00000000;0.00000000;0.00000000;0.00000000;0.00000000;0.00000000;0.00000000;0.00738397;0.39135021;0.59493671;0.00632911
HK97-like,42,313,1580,0.9165189873417722,0.0199897826809785,0.00000000;0.00000000;0.00000000;0.00000000;0.00000000;0.00000000;0.00000000;0.00000000;0.00000000;0.00000000;0.00000000;0.00000000;0.00000000;0.00000000;0.00000000;0.00000000;0.00253165;0.17151899;0.81898734;0.00696203
HK97-like,42,321,943,0.9209172852598092,0.0146279975402081,0.00000000;0.00000000;0.00000000;0.00000000;0.00000000;0.00000000;0.00000000;0.00000000;0.00000000;0.00000000;0.00000000;0.00000000;0.00000000;0.00000000;0.00000000;0.00000000;0.00000000;0.08695652;0.90774125;0.00530223
HK97-like,42,340,318,0.0264150943396226,0.0091910551859594,0.97484277;0.02201258;0.00314465;0.00000000;0.00000000;0.00000000;0.00000000;0.00000000;0.00000000;0.00000000;0.00000000;0.00000000;0.00000000;0.00000000;0.00000000;0.00000000;0.00000000;0.00000000;0.00000000;0.00000000
HK97-like,43,10,809,0.0253090234857849,0.0046407056026188,0.99505562;0.00370828;0.00123609;0.00000000;0.00000000;0.00000000;0.00000000;0.00000000;0.00000000;0.00000000;0.00000000;0.00000000;0.00000000;0.00000000;0.00000000;0.00000000;0.00000000;0.00000000;0.00000000;0.00000000
HK97-like,43,91,3156,0.4158111533586819,0.0664091750598502,0.00000000;0.00126743;0.00000000;0.00031686;0.00095057;0.03770596;0.13561470;0.22465146;0.23637516;0.29245881;0.06622307;0.00316857;0.00126743;0.00000000;0.00000000;0.00000000;0.00000000;0.00000000;0.00000000;0.00000000
HK97-like,43,98,9399,0.4371076710288328,0.0684142789861945,0.00031918;0.00021279;0.00095755;0.00031918;0.00063837;0.01138419;0.11128843;0.16384722;0.24130227;0.28237046;0.17023088;0.01532078;0.00117034;0.00063837;0.00000000;0.00000000;0.00000000;0.00000000;0.00000000;0.00000000
HK97-like,43,105,1588,0.4621536523929471,0.0700976941018608,0.00188917;0.00062972;0.00000000;0.00125945;0.00062972;0.00251889;0.05289673;0.11712846;0.23362720;0.24370277;0.28400504;0.05793451;0.00251889;0.00125945;0.00000000;0.00000000;0.00000000;0.00000000;0.00000000;0.00000000
HK97-like,43,109,1592,0.4592650753768844,0.0700562414865761,0.00188442;0.00062814;0.00062814;0.00062814;0.00062814;0.00314070;0.05841709;0.11746231;0.24434673;0.24309045;0.27701005;0.04899497;0.00188442;0.00125628;0.00000000;0.00000000;0.00000000;0.00000000;0.00000000;0.00000000
HK97-like,43,111,1596,0.4640037593984962,0.069411760293699,0.00125313;0.00125313;0.00000000;0.00125313;0.00000000;0.00313283;0.04511278;0.12280702;0.22556391;0.23934837;0.29761905;0.05889724;0.00250627;0.00125313;0.00000000;0.00000000;0.00000000;0.00000000;0.00000000;0.00000000
HK97-like,43,114,795,0.4736792452830188,0.0697354678853695,0.00251572;0.00125786;0.00000000;0.00125786;0.00000000;0.00251572;0.02264151;0.11949686;0.18238994;0.24654088;0.33584906;0.08050314;0.00377358;0.00125786;0.00000000;0.00000000;0.00000000;0.00000000;0.00000000;0.00000000
HK97-like,43,115,797,0.4756273525721455,0.0696350616531305,0.00250941;0.00125471;0.00000000;0.00125471;0.00000000;0.00250941;0.01756587;0.12170640;0.17440402;0.24592221;0.34002509;0.08657465;0.00501882;0.00125471;0.00000000;0.00000000;0.00000000;0.00000000;0.00000000;0.00000000
HK97-like,43,118,2390,0.4710669456066945,0.0708231024191779,0.00251046;0.00125523;0.00000000;0.00125523;0.00000000;0.00209205;0.03179916;0.11757322;0.19581590;0.24393305;0.31757322;0.08158996;0.00334728;0.00083682;0.00041841;0.00000000;0.00000000;0.00000000;0.00000000;0.00000000
HK97-like,43,119,795,0.4845597484276729,0.0700614816429085,0.00251572;0.00125786;0.00000000;0.00000000;0.00125786;0.00125786;0.01132075;0.11320755;0.13459119;0.26163522;0.32704403;0.13710692;0.00754717;0.00000000;0.00125786;0.00000000;0.00000000;0.00000000;0.00000000;0.00000000
HK97-like,43,121,1594,0.4936951066499372,0.0705458455535345,0.00000000;0.00250941;0.00125471;0.00000000;0.00125471;0.00062735;0.00941029;0.09912171;0.10915935;0.26913425;0.28858218;0.20138018;0.01568381;0.00062735;0.00125471;0.00000000;0.00000000;0.00000000;0.00000000;0.00000000
HK97-like,43,123,798,0.4910401002506265,0.0699058328012696,0.00000000;0.00250627;0.00125313;0.00000000;0.00125313;0.00000000;0.01002506;0.10401003;0.11528822;0.27192982;0.29573935;0.18295739;0.01378446;0.00000000;0.00125313;0.00000000;0.00000000;0.00000000;0.00000000;0.00000000
HK97-like,43,125,800,0.501875,0.0705973397161677,0.00000000;0.00250000;0.00125000;0.00000000;0.00125000;0.00000000;0.00750000;0.08000000;0.10000000;0.26375000;0.26000000;0.26000000;0.02125000;0.00125000;0.00125000;0.00000000;0.00000000;0.00000000;0.00000000;0.00000000
HK97-like,43,128,1595,0.4997021943573668,0.0705186053055812,0.00000000;0.00250784;0.00125392;0.00000000;0.00125392;0.00000000;0.00752351;0.08714734;0.09905956;0.26394984;0.27711599;0.23573668;0.02257053;0.00062696;0.00125392;0.00000000;0.00000000;0.00000000;0.00000000;0.00000000
HK97-like,43,129,2383,0.5076898866974402,0.0711203368878324,0.00000000;0.00167856;0.00167856;0.00041964;0.00083928;0.00041964;0.00587495;0.07175829;0.09945447;0.23415862;0.26605120;0.27444398;0.04112463;0.00083928;0.00125892;0.00000000;0.00000000;0.00000000;0.00000000;0.00000000
HK97-like,43,131,798,0.5100250626566416,0.0715785974468957,0.00000000;0.00250627;0.00125313;0.00000000;0.00125313;0.00000000;0.00501253;0.06766917;0.09774436;0.22932331;0.25814536;0.28947368;0.04511278;0.00125313;0.00125313;0.00000000;0.00000000;0.00000000;0.00000000;0.00000000
HK97-like,43,160,4012,0.5980807577268196,0.0596030443010612,0.00000000;0.00000000;0.00000000;0.00000000;0.00000000;0.00149551;0.00124626;0.00199402;0.00448654;0.05907278;0.10792622;0.28813559;0.35867398;0.16774676;0.00797607;0.00000000;0.00124626;0.00000000;0.00000000;0.00000000
HK97-like,43,163,4812,0.6006338320864505,0.0595521642639775,0.00000000;0.00000000;0.00000000;0.00000000;0.00000000;0.00083126;0.00187032;0.00187032;0.00477972;0.05382377;0.10453034;0.27556110;0.36970075;0.17248545;0.01309227;0.00020781;0.00124688;0.00000000;0.00000000;0.00000000
HK97-like,43,166,6067,0.6284036591396077,0.0566163287068592,0.00000000;0.00000000;0.00000000;0.00000000;0.00000000;0.00000000;0.00082413;0.00197791;0.00181309;0.01054887;0.09065436;0.14620076;0.35585957;0.33805835;0.05257953;0.00065930;0.00000000;0.00082413;0.00000000;0.00000000
HK97-like,43,169,803,0.614414694894147,0.0585208386062894,0.00000000;0.00000000;0.00000000;0.00000000;0.00000000;0.00000000;0.00249066;0.00124533;0.00373599;0.02490660;0.10211706;0.19800747;0.41220423;0.21295143;0.03985056;0.00124533;0.00124533;0.00000000;0.00000000;0.00000000
HK97-like,43,171,1602,0.6415106117353307,0.0589694810908588,0.00000000;0.00000000;0.00000000;0.00000000;0.00000000;0.00000000;0.00000000;0.00249688;0.00124844;0.00436954;0.08114856;0.11922597;0.28526841;0.37640449;0.12609238;0.00249688;0.00000000;0.00124844;0.00000000;0.00000000
HK97-like,43,172,1593,0.6470025109855617,0.0592446277701267,0.00000000;0.00000000;0.00000000;0.00000000;0.00000000;0.00000000;0.00000000;0.00251099;0.00125549;0.00376648;0.07407407;0.10357815;0.26428123;0.38669178;0.16007533;0.00251099;0.00000000;0.00125549;0.00000000;0.00000000
HK97-like,43,173,797,0.6512233375156838,0.0586542112235449,0.00000000;0.00000000;0.00000000;0.00000000;0.00000000;0.00000000;0.00000000;0.00000000;0.00376412;0.00376412;0.06775408;0.09033877;0.25595985;0.38770389;0.18569636;0.00376412;0.00000000;0.00125471;0.00000000;0.00000000
HK97-like,43,175,798,0.6535087719298246,0.0581559290050612,0.00000000;0.00000000;0.00000000;0.00000000;0.00000000;0.00000000;0.00000000;0.00000000;0.00375940;0.00375940;0.06140351;0.08897243;0.24310777;0.39724311;0.19674185;0.00375940;0.00000000;0.00125313;0.00000000;0.00000000
HK97-like,43,178,1596,0.6571428571428573,0.0583077535854159,0.00000000;0.00000000;0.00000000;0.00000000;0.00000000;0.00000000;0.00000000;0.00000000;0.00313283;0.00438596;0.05701754;0.08333333;0.22744361;0.39160401;0.22744361;0.00438596;0.00000000;0.00125313;0.00000000;0.00000000
HK97-like,43,179,1595,0.6620846394984325,0.0578829408584679,0.00000000;0.00000000;0.00000000;0.00000000;0.00000000;0.00000000;0.00000000;0.00000000;0.00250784;0.00501567;0.04827586;0.07899687;0.20376176;0.39122257;0.26206897;0.00689655;0.00000000;0.00125392;0.00000000;0.00000000
HK97-like,43,180,1593,0.666713747645951,0.0575750906772626,0.00000000;0.00000000;0.00000000;0.00000000;0.00000000;0.00000000;0.00000000;0.00000000;0.00251099;0.00376648;0.04080352;0.07721281;0.18832392;0.37602009;0.29817954;0.01192718;0.00000000;0.00125549;0.00000000;0.00000000
HK97-like,43,185,24740,0.7141491511721907,0.0598703765645649,0.00000000;0.00000000;0.00000000;0.00000000;0.00000000;0.00000000;0.00000000;0.00000000;0.00000000;0.00068715;0.00424414;0.04195635;0.09696847;0.20392078;0.36798707;0.24551334;0.03649960;0.00092967;0.00064673;0.00064673
HK97-like,43,189,2409,0.6801058530510585,0.0590930414668391,0.00000000;0.00000000;0.00000000;0.00000000;0.00000000;0.00000000;0.00000000;0.00000000;0.00000000;0.00622665;0.01951017;0.08219178;0.14860938;0.31423827;0.36488169;0.06185139;0.00124533;0.00000000;0.00124533;0.00000000
HK97-like,43,209,3877,0.7727817900438483,0.041542739114907,0.00000000;0.00000000;0.00000000;0.00000000;0.00000000;0.00000000;0.00000000;0.00000000;0.00000000;0.00000000;0.00000000;0.00283725;0.00825380;0.03507867;0.17797266;0.54062419;0.23265411;0.00103173;0.00103173;0.00051586
HK97-like,43,213,796,0.7827889447236182,0.038773737140637,0.00000000;0.00000000;0.00000000;0.00000000;0.00000000;0.00000000;0.00000000;0.00000000;0.00000000;0.00000000;0.00000000;0.00000000;0.00753769;0.02261307;0.11055276;0.53517588;0.31532663;0.00753769;0.00125628;0.00000000
HK97-like,43,216,1582,0.781763590391909,0.0390923376308627,0.00000000;0.00000000;0.00000000;0.00000000;0.00000000;0.00000000;0.00000000;0.00000000;0.00000000;0.00000000;0.00000000;0.00000000;0.00948167;0.02275601;0.11251580;0.54171934;0.30657396;0.00568900;0.00126422;0.00000000
HK97-like,43,224,3155,0.790150554675119,0.0387842317957173,0.00000000;0.00000000;0.00000000;0.00000000;0.00000000;0.00000000;0.00000000;0.00000000;0.00000000;0.00000000;0.00000000;0.00000000;0.00570523;0.01901743;0.07797147;0.48621236;0.38700475;0.02313788;0.00095087;0.00000000
HK97-like,43,229,7836,0.8013208269525268,0.0382320990101507,0.00000000;0.00000000;0.00000000;0.00000000;0.00000000;0.00000000;0.00000000;0.00000000;0.00000000;0.00000000;0.00000000;0.00000000;0.00229709;0.01646248;0.05832057;0.34239408;0.53866769;0.03968862;0.00216947;0.00000000
HK97-like,43,248,1614,0.8257434944237918,0.033107423504929,0.00000000;0.00000000;0.00000000;0.00000000;0.00000000;0.00000000;0.00000000;0.00000000;0.00000000;0.00000000;0.00000000;0.00000000;0.00000000;0.00371747;0.02788104;0.10408922;0.68029740;0.18215613;0.00185874;0.00000000
HK97-like,43,252,1562,0.8326504481434058,0.0337202198930065,0.00000000;0.00000000;0.00000000;0.00000000;0.00000000;0.00000000;0.00000000;0.00000000;0.00000000;0.00000000;0.00000000;0.00000000;0.00000000;0.00256082;0.02368758;0.06978233;0.63124200;0.26888604;0.00256082;0.00128041
HK97-like,43,259,6257,0.8458406584625219,0.0345462565950616,0.00000000;0.00000000;0.00000000;0.00000000;0.00000000;0.00000000;0.00000000;0.00000000;0.00000000;0.00000000;0.00000000;0.00000000;0.00000000;0.00175803;0.01486335;0.05641681;0.42320601;0.50039955;0.00223749;0.00111875
HK97-like,43,297,2359,0.9078105129292074,0.0294103872328294,0.00000000;0.00000000;0.00000000;0.00000000;0.00000000;0.00000000;0.00000000;0.00000000;0.00000000;0.00000000;0.00000000;0.00000000;0.00000000;0.00000000;0.00000000;0.00720644;0.03603222;0.25264943;0.70156846;0.00254345
HK97-like,43,301,791,0.9105246523388116,0.0278100216881444,0.00000000;0.00000000;0.00000000;0.00000000;0.00000000;0.00000000;0.00000000;0.00000000;0.00000000;0.00000000;0.00000000;0.00000000;0.00000000;0.00000000;0.00000000;0.00632111;0.03034134;0.21238938;0.74841972;0.00252845
HK97-like,43,302,2380,0.91218487394958,0.0283964923820876,0.00000000;0.00000000;0.00000000;0.00000000;0.00000000;0.00000000;0.00000000;0.00000000;0.00000000;0.00000000;0.00000000;0.00000000;0.00000000;0.00000000;0.00000000;0.00588235;0.02857143;0.20126050;0.74453782;0.01974790
HK97-like,43,313,3971,0.9259317552253842,0.035877854936705,0.00000000;0.00000000;0.00000000;0.00000000;0.00000000;0.00000000;0.00000000;0.00000000;0.00000000;0.00000000;0.00000000;0.00000000;0.00000000;0.00000000;0.00000000;0.00327373;0.02442710;0.15537648;0.58423571;0.23268698
HK97-like,43,321,2384,0.946518456375839,0.0385403953725123,0.00000000;0.00000000;0.00000000;0.00000000;0.00000000;0.00000000;0.00000000;0.00000000;0.00000000;0.00000000;0.00000000;0.00000000;0.00000000;0.00000000;0.00000000;0.00000000;0.02097315;0.11157718;0.28355705;0.58389262
HK97-like,43,340,2134,0.0546626054358013,0.0978023681823588,0.66213683;0.27366448;0.04404873;0.00468604;0.00374883;0.00046860;0.00000000;0.00000000;0.00000000;0.00000000;0.00000000;0.00046860;0.00000000;0.00000000;0.00093721;0.00093721;0.00000000;0.00046860;0.00046860;0.00796626
HK97-like,44,10,974,0.0255646817248459,0.0069605388940379,0.99178645;0.00616016;0.00102669;0.00102669;0.00000000;0.00000000;0.00000000;0.00000000;0.00000000;0.00000000;0.00000000;0.00000000;0.00000000;0.00000000;0.00000000;0.00000000;0.00000000;0.00000000;0.00000000;0.00000000
HK97-like,44,91,3851,0.2969683199169047,0.0332849650007317,0.00000000;0.00000000;0.00103869;0.00103869;0.02882368;0.54687094;0.37912231;0.03609452;0.00597247;0.00103869;0.00000000;0.00000000;0.00000000;0.00000000;0.00000000;0.00000000;0.00000000;0.00000000;0.00000000;0.00000000
HK97-like,44,98,11618,0.3220390772938543,0.0323029325411515,0.00008607;0.00000000;0.00000000;0.00111895;0.00998451;0.17903254;0.68531589;0.10836633;0.01325529;0.00258220;0.00025822;0.00000000;0.00000000;0.00000000;0.00000000;0.00000000;0.00000000;0.00000000;0.00000000;0.00000000
HK97-like,44,105,1923,0.3513650546021841,0.0377355092613626,0.00208008;0.00052002;0.00000000;0.00052002;0.00156006;0.03328133;0.43733749;0.47841914;0.03952158;0.00416017;0.00260010;0.00000000;0.00000000;0.00000000;0.00000000;0.00000000;0.00000000;0.00000000;0.00000000;0.00000000
HK97-like,44,109,1923,0.3469448777951118,0.0381850746452209,0.00260010;0.00000000;0.00000000;0.00052002;0.00156006;0.04264171;0.50234009;0.40821633;0.03536141;0.00416017;0.00260010;0.00000000;0.00000000;0.00000000;0.00000000;0.00000000;0.00000000;0.00000000;0.00000000;0.00000000
HK97-like,44,111,1924,0.3551975051975051,0.0382200445121113,0.00259875;0.00051975;0.00000000;0.00051975;0.00103950;0.03066528;0.36850312;0.54625780;0.04209979;0.00519751;0.00259875;0.00000000;0.00000000;0.00000000;0.00000000;0.00000000;0.00000000;0.00000000;0.00000000;0.00000000
HK97-like,44,114,964,0.3665456431535269,0.0387645969254656,0.00311203;0.00207469;0.00000000;0.00000000;0.00103734;0.01763485;0.19398340;0.69709544;0.07572614;0.00622407;0.00311203;0.00000000;0.00000000;0.00000000;0.00000000;0.00000000;0.00000000;0.00000000;0.00000000;0.00000000
HK97-like,44,115,964,0.3682053941908713,0.0387565458525573,0.00207469;0.00311203;0.00000000;0.00000000;0.00103734;0.01659751;0.17842324;0.70124481;0.08713693;0.00726141;0.00207469;0.00103734;0.00000000;0.00000000;0.00000000;0.00000000;0.00000000;0.00000000;0.00000000;0.00000000
HK97-like,44,118,2887,0.3630152407343263,0.0393721391026148,0.00277104;0.00138552;0.00000000;0.00000000;0.00103914;0.02182196;0.26151715;0.62902667;0.07273987;0.00623485;0.00277104;0.00069276;0.00000000;0.00000000;0.00000000;0.00000000;0.00000000;0.00000000;0.00000000;0.00000000
HK97-like,44,119,964,0.3743775933609958,0.0393756585404535,0.00207469;0.00311203;0.00000000;0.00000000;0.00103734;0.01141079;0.12448133;0.70643154;0.13796680;0.00933610;0.00207469;0.00207469;0.00000000;0.00000000;0.00000000;0.00000000;0.00000000;0.00000000;0.00000000;0.00000000
HK97-like,44,121,1927,0.3842890503373118,0.0411543728824691,0.00155682;0.00155682;0.00207577;0.00000000;0.00103788;0.00622730;0.08770109;0.61338869;0.26050856;0.02127660;0.00207577;0.00259471;0.00000000;0.00000000;0.00000000;0.00000000;0.00000000;0.00000000;0.00000000;0.00000000
HK97-like,44,123,963,0.3795171339563863,0.0389083977258463,0.00103842;0.00103842;0.00311526;0.00000000;0.00103842;0.00726895;0.09761163;0.68431983;0.18068536;0.01973001;0.00207684;0.00207684;0.00000000;0.00000000;0.00000000;0.00000000;0.00000000;0.00000000;0.00000000;0.00000000
HK97-like,44,125,964,0.3965767634854771,0.0406916769388727,0.00000000;0.00207469;0.00207469;0.00103734;0.00000000;0.00311203;0.05601660;0.45746888;0.44605809;0.02593361;0.00311203;0.00207469;0.00103734;0.00000000;0.00000000;0.00000000;0.00000000;0.00000000;0.00000000;0.00000000
HK97-like,44,128,1927,0.391476388168137,0.0411269294467699,0.00051894;0.00155682;0.00259471;0.00051894;0.00051894;0.00467047;0.06538661;0.53087701;0.36170213;0.02646601;0.00259471;0.00155682;0.00103788;0.00000000;0.00000000;0.00000000;0.00000000;0.00000000;0.00000000;0.00000000
HK97-like,44,129,2891,0.4020321687997232,0.0410217817983316,0.00034590;0.00138360;0.00172951;0.00138360;0.00069180;0.00276721;0.04496714;0.38740920;0.51193359;0.04081633;0.00311311;0.00207541;0.00138360;0.00000000;0.00000000;0.00000000;0.00000000;0.00000000;0.00000000;0.00000000
HK97-like,44,131,964,0.4075726141078837,0.0395411954546105,0.00000000;0.00207469;0.00103734;0.00207469;0.00000000;0.00207469;0.03319502;0.30497925;0.60684647;0.04045643;0.00414938;0.00103734;0.00207469;0.00000000;0.00000000;0.00000000;0.00000000;0.00000000;0.00000000;0.00000000
HK97-like,44,160,4825,0.5215595854922279,0.0439922016621363,0.00000000;0.00020725;0.00082902;0.00020725;0.00145078;0.00041451;0.00103627;0.00476684;0.01575130;0.19295337;0.61720207;0.15233161;0.00538860;0.00331606;0.00103627;0.00103627;0.00207254;0.00000000;0.00000000;0.00000000
HK97-like,44,163,5790,0.5246804835924007,0.0445606239251882,0.00000000;0.00017271;0.00086356;0.00000000;0.00172712;0.00034542;0.00086356;0.00449050;0.01519862;0.17098446;0.60500864;0.18601036;0.00639033;0.00379965;0.00086356;0.00086356;0.00241796;0.00000000;0.00000000;0.00000000
HK97-like,44,166,11075,0.5616230248306998,0.0449887882984858,0.00000000;0.00000000;0.00000000;0.00072235;0.00027088;0.00135440;0.00063205;0.00099323;0.01038375;0.02537246;0.28975169;0.57101580;0.08930023;0.00297968;0.00325056;0.00099323;0.00027088;0.00225734;0.00045147;0.00000000
HK97-like,44,169,965,0.5408549222797927,0.0445753677316704,0.00000000;0.00000000;0.00000000;0.00103627;0.00000000;0.00207254;0.00000000;0.00207254;0.01347150;0.08393782;0.49430052;0.37512953;0.01968912;0.00310881;0.00103627;0.00103627;0.00310881;0.00000000;0.00000000;0.00000000
HK97-like,44,171,1930,0.5808290155440413,0.0446165213430076,0.00000000;0.00000000;0.00000000;0.00000000;0.00103627;0.00000000;0.00207254;0.00000000;0.00673575;0.01139896;0.12176166;0.59637306;0.24507772;0.00621762;0.00414508;0.00207254;0.00000000;0.00103627;0.00207254;0.00000000
HK97-like,44,172,1930,0.5863471502590673,0.0451623290296411,0.00000000;0.00000000;0.00000000;0.00000000;0.00103627;0.00000000;0.00207254;0.00000000;0.00466321;0.01191710;0.09792746;0.54352332;0.32227979;0.00725389;0.00310881;0.00207254;0.00103627;0.00103627;0.00207254;0.00000000
HK97-like,44,173,965,0.5905440414507772,0.0455460750399233,0.00000000;0.00000000;0.00000000;0.00000000;0.00103627;0.00000000;0.00103627;0.00103627;0.00414508;0.01139896;0.08082902;0.50466321;0.37512953;0.01139896;0.00207254;0.00310881;0.00103627;0.00103627;0.00103627;0.00103627
HK97-like,44,175,965,0.5933937823834197,0.0455934997036557,0.00000000;0.00000000;0.00000000;0.00000000;0.00103627;0.00000000;0.00103627;0.00103627;0.00207254;0.01347150;0.07253886;0.47253886;0.40932642;0.01761658;0.00207254;0.00310881;0.00103627;0.00103627;0.00103627;0.00103627
HK97-like,44,178,1931,0.6000906266183323,0.0465920911998244,0.00000000;0.00000000;0.00000000;0.00000000;0.00000000;0.00103573;0.00103573;0.00103573;0.00155360;0.01398239;0.05282237;0.40445365;0.47591921;0.03832211;0.00207147;0.00310720;0.00103573;0.00051787;0.00155360;0.00155360
HK97-like,44,179,1932,0.608203933747412,0.0464721674206624,0.00000000;0.00000000;0.00000000;0.00000000;0.00000000;0.00103520;0.00051760;0.00155280;0.00103520;0.01293996;0.02898551;0.31469979;0.57919255;0.04865424;0.00258799;0.00258799;0.00207039;0.00000000;0.00103520;0.00310559
HK97-like,44,180,1931,0.6144355256343864,0.0449378690879699,0.00000000;0.00000000;0.00000000;0.00000000;0.00000000;0.00103573;0.00000000;0.00207147;0.00103573;0.01087519;0.01864319;0.24495080;0.63231486;0.07767996;0.00207147;0.00362506;0.00207147;0.00000000;0.00103573;0.00258933
HK97-like,44,185,25211,0.6682747610170164,0.0477332089146377,0.00000000;0.00000000;0.00000000;0.00000000;0.00000000;0.00000000;0.00027766;0.00043632;0.00107096;0.00380786;0.00916267;0.03498473;0.24568641;0.49986117;0.19011543;0.00769505;0.00249891;0.00222125;0.00118996;0.00099163
HK97-like,44,189,2904,0.625103305785124,0.0429818696492878,0.00000000;0.00000000;0.00000000;0.00000000;0.00000000;0.00034435;0.00068871;0.00103306;0.00206612;0.00723140;0.01584022;0.14462810;0.63877410;0.17871901;0.00241047;0.00275482;0.00241047;0.00103306;0.00103306;0.00103306
HK97-like,44,209,4809,0.7164743189852361,0.0399637158118702,0.00000000;0.00000000;0.00000000;0.00000000;0.00000000;0.00000000;0.00000000;0.00000000;0.00000000;0.00124766;0.00790185;0.00540653;0.01517987;0.20981493;0.65460595;0.09814930;0.00207943;0.00207943;0.00249532;0.00103972
HK97-like,44,213,960,0.7278645833333334,0.038454821921224,0.00000000;0.00000000;0.00000000;0.00000000;0.00000000;0.00000000;0.00000000;0.00000000;0.00000000;0.00104167;0.00312500;0.00937500;0.00833333;0.10937500;0.65625000;0.20520833;0.00208333;0.00208333;0.00208333;0.00104167
HK97-like,44,216,1920,0.7281510416666668,0.0385170159766857,0.00000000;0.00000000;0.00000000;0.00000000;0.00000000;0.00000000;0.00000000;0.00000000;0.00000000;0.00052083;0.00416667;0.00937500;0.00885417;0.10364583;0.65833333;0.20781250;0.00208333;0.00208333;0.00208333;0.00104167
HK97-like,44,224,3839,0.7386233394113051,0.0391944788973204,0.00000000;0.00000000;0.00000000;0.00000000;0.00000000;0.00000000;0.00000000;0.00000000;0.00000000;0.00000000;0.00312581;0.01015890;0.00755405;0.05418078;0.56108362;0.35451941;0.00338630;0.00182339;0.00286533;0.00130242
HK97-like,44,229,14570,0.7677247769389156,0.041334820122163,0.00000000;0.00000000;0.00000000;0.00000000;0.00000000;0.00000000;0.00000000;0.00000000;0.00000000;0.00020590;0.00116678;0.00652025;0.00741249;0.01942347;0.20734386;0.61859986;0.13067948;0.00363761;0.00192176;0.00308854
HK97-like,44,248,1919,0.7933949973944763,0.042466040087294,0.00000000;0.00000000;0.00000000;0.00000000;0.00000000;0.00000000;0.00000000;0.00000000;0.00000000;0.00104221;0.00000000;0.00729547;0.00468994;0.00729547;0.05627931;0.46638874;0.43408025;0.01823867;0.00104221;0.00364773
HK97-like,44,252,1915,0.7987859007832898,0.040195684655441,0.00000000;0.00000000;0.00000000;0.00000000;0.00000000;0.00000000;0.00000000;0.00000000;0.00000000;0.00000000;0.00104439;0.00365535;0.00574413;0.00783290;0.04908616;0.38851175;0.51488251;0.02663185;0.00104439;0.00156658
HK97-like,44,259,5746,0.8111555864949529,0.0377448541882818,0.00000000;0.00000000;0.00000000;0.00000000;0.00000000;0.00000000;0.00000000;0.00000000;0.00000000;0.00000000;0.00104420;0.00208841;0.00661330;0.00591716;0.02732336;0.22102332;0.67925513;0.05464671;0.00121824;0.00087017
HK97-like,44,297,2853,0.901498422712934,0.0357519948038964,0.00000000;0.00000000;0.00000000;0.00000000;0.00000000;0.00000000;0.00000000;0.00000000;0.00000000;0.00000000;0.00000000;0.00105152;0.00105152;0.00525762;0.00210305;0.00595864;0.00736067;0.39186821;0.58254469;0.00280407
HK97-like,44,301,950,0.9145263157894736,0.0324164812224838,0.00000000;0.00000000;0.00000000;0.00000000;0.00000000;0.00000000;0.00000000;0.00000000;0.00000000;0.00000000;0.00000000;0.00105263;0.00105263;0.00526316;0.00210526;0.00526316;0.00631579;0.13473684;0.84210526;0.00210526
HK97-like,44,302,2859,0.915118922700245,0.0318945861580244,0.00000000;0.00000000;0.00000000;0.00000000;0.00000000;0.00000000;0.00000000;0.00000000;0.00000000;0.00000000;0.00000000;0.00034977;0.00174886;0.00524659;0.00209864;0.00524659;0.00699545;0.12311997;0.85239594;0.00279818
HK97-like,44,313,4749,0.9197778479679932,0.0291325079146037,0.00000000;0.00000000;0.00000000;0.00000000;0.00000000;0.00000000;0.00000000;0.00000000;0.00000000;0.00000000;0.00000000;0.00000000;0.00210571;0.00400084;0.00336913;0.00231628;0.00547484;0.05917035;0.90482207;0.01874079
HK97-like,44,321,2844,0.9279008438818568,0.0317313797907195,0.00000000;0.00000000;0.00000000;0.00000000;0.00000000;0.00000000;0.00000000;0.00000000;0.00000000;0.00000000;0.00000000;0.00000000;0.00105485;0.00281294;0.00562588;0.00105485;0.00457103;0.03340366;0.80485232;0.14662447
HK97-like,44,340,1063,0.0968720602069614,0.2397356151952133,0.90122295;0.01222954;0.00470367;0.00188147;0.00000000;0.00000000;0.00000000;0.00000000;0.00000000;0.00000000;0.00000000;0.00000000;0.00000000;0.00188147;0.00094073;0.00188147;0.00752587;0.01787394;0.02728128;0.02257761
HK97-like,46,10,246,0.0298780487804878,0.0387375126201672,0.97967480;0.00406504;0.00000000;0.00000000;0.00813008;0.00000000;0.00406504;0.00000000;0.00000000;0.00406504;0.00000000;0.00000000;0.00000000;0.00000000;0.00000000;0.00000000;0.00000000;0.00000000;0.00000000;0.00000000
HK97-like,46,91,454,0.280726872246696,0.0493372403635725,0.00000000;0.00000000;0.00000000;0.00000000;0.06387665;0.83700441;0.06828194;0.02643172;0.00000000;0.00000000;0.00000000;0.00000000;0.00000000;0.00000000;0.00000000;0.00000000;0.00000000;0.00220264;0.00000000;0.00220264
HK97-like,46,98,907,0.2951212789415656,0.0309761557713141,0.00000000;0.00000000;0.00000000;0.00000000;0.01874311;0.60859978;0.32855568;0.03969129;0.00441014;0.00000000;0.00000000;0.00000000;0.00000000;0.00000000;0.00000000;0.00000000;0.00000000;0.00000000;0.00000000;0.00000000
HK97-like,46,105,454,0.313546255506608,0.0287569385855965,0.00000000;0.00000000;0.00000000;0.00000000;0.00000000;0.29515419;0.64977974;0.04405286;0.01101322;0.00000000;0.00000000;0.00000000;0.00000000;0.00000000;0.00000000;0.00000000;0.00000000;0.00000000;0.00000000;0.00000000
HK97-like,46,109,228,0.3151315789473684,0.0300070205697239,0.00000000;0.00000000;0.00000000;0.00438596;0.00000000;0.25877193;0.67543860;0.04824561;0.01315789;0.00000000;0.00000000;0.00000000;0.00000000;0.00000000;0.00000000;0.00000000;0.00000000;0.00000000;0.00000000;0.00000000
HK97-like,46,111,454,0.3157488986784141,0.0285919713342448,0.00000000;0.00000000;0.00000000;0.00000000;0.00000000;0.25991189;0.67841410;0.04845815;0.01321586;0.00000000;0.00000000;0.00000000;0.00000000;0.00000000;0.00000000;0.00000000;0.00000000;0.00000000;0.00000000;0.00000000
HK97-like,46,114,230,0.3328260869565216,0.0610029594249421,0.00000000;0.00000000;0.00000000;0.00000000;0.00000000;0.10000000;0.77826087;0.08695652;0.02173913;0.00000000;0.00000000;0.00000000;0.00000000;0.00000000;0.00434783;0.00000000;0.00434783;0.00434783;0.00000000;0.00000000
HK97-like,46,115,455,0.3302747252747252,0.0372794808287158,0.00000000;0.00000000;0.00000000;0.00000000;0.00000000;0.06153846;0.81978022;0.09230769;0.02417582;0.00000000;0.00000000;0.00000000;0.00000000;0.00000000;0.00000000;0.00000000;0.00000000;0.00000000;0.00219780;0.00000000
HK97-like,46,118,234,0.3442307692307692,0.0794871794871794,0.00000000;0.00000000;0.00000000;0.00000000;0.00000000;0.04273504;0.79487179;0.09829060;0.03418803;0.00000000;0.00427350;0.00000000;0.00000000;0.00000000;0.00000000;0.01709402;0.00427350;0.00427350;0.00000000;0.00000000
HK97-like,46,119,238,0.3531512605042016,0.0995026825917218,0.00000000;0.00000000;0.00000000;0.00000000;0.00000000;0.03781513;0.76470588;0.11764706;0.03361345;0.00000000;0.00420168;0.00420168;0.00000000;0.00000000;0.00000000;0.01260504;0.01680672;0.00420168;0.00420168;0.00000000
HK97-like,46,121,459,0.3404684095860567,0.0538329193601719,0.00000000;0.00000000;0.00000000;0.00000000;0.00000000;0.03267974;0.74509804;0.17647059;0.03485839;0.00000000;0.00217865;0.00000000;0.00000000;0.00000000;0.00000000;0.00000000;0.00871460;0.00000000;0.00000000;0.00000000
HK97-like,46,123,234,0.3485042735042735,0.0860015527519954,0.00000000;0.00000000;0.00000000;0.00000000;0.00000000;0.03418803;0.75213675;0.14957265;0.03418803;0.00000000;0.00000000;0.00427350;0.00000000;0.00000000;0.00000000;0.00000000;0.02136752;0.00000000;0.00427350;0.00000000
HK97-like,46,125,234,0.3553418803418804,0.0957331728440518,0.00000000;0.00000000;0.00000000;0.00000000;0.00000000;0.02991453;0.66239316;0.23931624;0.03846154;0.00000000;0.00000000;0.00427350;0.00000000;0.00000000;0.00000000;0.00000000;0.00000000;0.01282051;0.00854701;0.00427350
HK97-like,46,128,241,0.3633817427385892,0.1206391842591187,0.00000000;0.00000000;0.00000000;0.00000000;0.00000000;0.03319502;0.72199170;0.15352697;0.03319502;0.00000000;0.00000000;0.00829876;0.00000000;0.00000000;0.00000000;0.00000000;0.02074689;0.02074689;0.00414938;0.00414938
HK97-like,46,129,238,0.3586134453781512,0.1085831679268795,0.00000000;0.00000000;0.00000000;0.00000000;0.00000000;0.03361345;0.70588235;0.18067227;0.03361345;0.00000000;0.00000000;0.00840336;0.00000000;0.00000000;0.00000000;0.00000000;0.01260504;0.01680672;0.00420168;0.00420168
HK97-like,46,160,915,0.4383879781420765,0.0277281350429716,0.00000000;0.00000000;0.00000000;0.00000000;0.00000000;0.00000000;0.00000000;0.02841530;0.70273224;0.24153005;0.02732240;0.00000000;0.00000000;0.00000000;0.00000000;0.00000000;0.00000000;0.00000000;0.00000000;0.00000000
HK97-like,46,163,677,0.4425036927621861,0.0279818795757358,0.00000000;0.00000000;0.00000000;0.00000000;0.00000000;0.00000000;0.00000000;0.00886263;0.66617430;0.29098966;0.03397341;0.00000000;0.00000000;0.00000000;0.00000000;0.00000000;0.00000000;0.00000000;0.00000000;0.00000000
HK97-like,46,166,2304,0.459765625,0.0294647965380051,0.00000000;0.00000000;0.00000000;0.00000000;0.00000000;0.00000000;0.00000000;0.00217014;0.36024306;0.58333333;0.04861111;0.00564236;0.00000000;0.00000000;0.00000000;0.00000000;0.00000000;0.00000000;0.00000000;0.00000000
HK97-like,46,171,454,0.4723568281938325,0.0246931919951392,0.00000000;0.00000000;0.00000000;0.00000000;0.00000000;0.00000000;0.00000000;0.00000000;0.14537445;0.76651982;0.08370044;0.00440529;0.00000000;0.00000000;0.00000000;0.00000000;0.00000000;0.00000000;0.00000000;0.00000000
HK97-like,46,172,454,0.475,0.0243867516571532,0.00000000;0.00000000;0.00000000;0.00000000;0.00000000;0.00000000;0.00000000;0.00000000;0.11453744;0.77533040;0.10572687;0.00440529;0.00000000;0.00000000;0.00000000;0.00000000;0.00000000;0.00000000;0.00000000;0.00000000
HK97-like,46,173,227,0.4772026431718061,0.0242870751521331,0.00000000;0.00000000;0.00000000;0.00000000;0.00000000;0.00000000;0.00000000;0.00000000;0.08810573;0.78854626;0.11453744;0.00881057;0.00000000;0.00000000;0.00000000;0.00000000;0.00000000;0.00000000;0.00000000;0.00000000
HK97-like,46,175,227,0.4794052863436123,0.0235219190735022,0.00000000;0.00000000;0.00000000;0.00000000;0.00000000;0.00000000;0.00000000;0.00000000;0.06167401;0.79735683;0.13215859;0.00881057;0.00000000;0.00000000;0.00000000;0.00000000;0.00000000;0.00000000;0.00000000;0.00000000
HK97-like,46,178,454,0.4814977973568282,0.0247601488913522,0.00000000;0.00000000;0.00000000;0.00000000;0.00000000;0.00000000;0.00000000;0.00000000;0.05286344;0.77753304;0.15638767;0.01321586;0.00000000;0.00000000;0.00000000;0.00000000;0.00000000;0.00000000;0.00000000;0.00000000
HK97-like,46,179,454,0.4844713656387665,0.0250230346635614,0.00000000;0.00000000;0.00000000;0.00000000;0.00000000;0.00000000;0.00000000;0.00000000;0.03303965;0.75991189;0.19162996;0.01541850;0.00000000;0.00000000;0.00000000;0.00000000;0.00000000;0.00000000;0.00000000;0.00000000
HK97-like,46,180,454,0.4872246696035242,0.0259044790447997,0.00000000;0.00000000;0.00000000;0.00000000;0.00000000;0.00000000;0.00000000;0.00000000;0.02422907;0.72466960;0.23348018;0.01762115;0.00000000;0.00000000;0.00000000;0.00000000;0.00000000;0.00000000;0.00000000;0.00000000
HK97-like,46,185,1598,0.511639549436796,0.0296227255689768,0.00000000;0.00000000;0.00000000;0.00000000;0.00000000;0.00000000;0.00000000;0.00000000;0.00000000;0.32415519;0.63141427;0.03754693;0.00312891;0.00250313;0.00062578;0.00062578;0.00000000;0.00000000;0.00000000;0.00000000
HK97-like,46,189,227,0.4952643171806167,0.0275092408157809,0.00000000;0.00000000;0.00000000;0.00000000;0.00000000;0.00000000;0.00000000;0.00000000;0.00440529;0.61233480;0.35682819;0.02643172;0.00000000;0.00000000;0.00000000;0.00000000;0.00000000;0.00000000;0.00000000;0.00000000
HK97-like,46,209,1138,0.5693321616871705,0.0278229154596861,0.00000000;0.00087873;0.00000000;0.00000000;0.00000000;0.00000000;0.00000000;0.00000000;0.00000000;0.00000000;0.16783831;0.76977153;0.05975395;0.00175747;0.00000000;0.00000000;0.00000000;0.00000000;0.00000000;0.00000000
HK97-like,46,213,227,0.5756607929515418,0.0232209157822792,0.00000000;0.00000000;0.00000000;0.00000000;0.00000000;0.00000000;0.00000000;0.00000000;0.00000000;0.00000000;0.09691630;0.79735683;0.10132159;0.00440529;0.00000000;0.00000000;0.00000000;0.00000000;0.00000000;0.00000000
HK97-like,46,216,453,0.5756622516556291,0.023482712842335,0.00000000;0.00000000;0.00000000;0.00000000;0.00000000;0.00000000;0.00000000;0.00000000;0.00000000;0.00000000;0.09933775;0.79249448;0.10375276;0.00441501;0.00000000;0.00000000;0.00000000;0.00000000;0.00000000;0.00000000
HK97-like,46,224,228,0.5807017543859648,0.0227098130982449,0.00000000;0.00000000;0.00000000;0.00000000;0.00000000;0.00000000;0.00000000;0.00000000;0.00000000;0.00000000;0.04385965;0.80701754;0.14035088;0.00877193;0.00000000;0.00000000;0.00000000;0.00000000;0.00000000;0.00000000
HK97-like,46,229,229,0.5846069868995634,0.0305598867156615,0.00000000;0.00000000;0.00000000;0.00000000;0.00000000;0.00000000;0.00000000;0.00000000;0.00000000;0.00000000;0.03493450;0.76855895;0.18340611;0.00873362;0.00000000;0.00000000;0.00000000;0.00436681;0.00000000;0.00000000
HK97-like,46,248,10712,0.880227781926811,0.0557530799124623,0.00000000;0.00000000;0.00000000;0.00000000;0.00000000;0.00000000;0.00009335;0.00000000;0.00000000;0.00018671;0.00000000;0.00000000;0.00000000;0.00000000;0.00000000;0.01316281;0.31357356;0.43493279;0.02912621;0.20892457
HK97-like,46,297,679,0.9248527245949928,0.0054252549208818,0.00000000;0.00000000;0.00000000;0.00000000;0.00000000;0.00000000;0.00000000;0.00000000;0.00000000;0.00000000;0.00000000;0.00000000;0.00000000;0.00000000;0.00000000;0.00000000;0.00000000;0.00736377;0.98821797;0.00441826
HK97-like,46,301,226,0.9263274336283186,0.0093130819379863,0.00000000;0.00000000;0.00000000;0.00000000;0.00000000;0.00000000;0.00000000;0.00000000;0.00000000;0.00000000;0.00000000;0.00000000;0.00000000;0.00000000;0.00000000;0.00000000;0.00000000;0.00442478;0.96460177;0.03097345
HK97-like,46,302,685,0.9258759124087592,0.053141794246152,0.00000000;0.00000000;0.00000000;0.00000000;0.00000000;0.00000000;0.00145985;0.00145985;0.00145985;0.00583942;0.00000000;0.00000000;0.00000000;0.00000000;0.00000000;0.00000000;0.00000000;0.00291971;0.86569343;0.12116788
HK97-like,46,313,1130,0.9466371681415928,0.0248619416106856,0.00000000;0.00000000;0.00000000;0.00000000;0.00000000;0.00000000;0.00000000;0.00000000;0.00000000;0.00000000;0.00000000;0.00000000;0.00000000;0.00000000;0.00000000;0.00000000;0.00000000;0.00088496;0.56548673;0.43362832
HK97-like,46,321,226,0.9626106194690264,0.021586391004691,0.00000000;0.00000000;0.00000000;0.00000000;0.00000000;0.00000000;0.00000000;0.00000000;0.00000000;0.00000000;0.00000000;0.00000000;0.00000000;0.00000000;0.00000000;0.00000000;0.00000000;0.00000000;0.24778761;0.75221239
HK97-like,46,340,311,0.1084405144694533,0.2012997848350935,0.78456592;0.03536977;0.00321543;0.00964630;0.01286174;0.02893891;0.02250804;0.01286174;0.00964630;0.01607717;0.00321543;0.00000000;0.00643087;0.01286174;0.00643087;0.01607717;0.00321543;0.00000000;0.00964630;0.00643087
HK97-like,48,10,543,0.0252762430939226,0.0037061900179554,0.99447514;0.00552486;0.00000000;0.00000000;0.00000000;0.00000000;0.00000000;0.00000000;0.00000000;0.00000000;0.00000000;0.00000000;0.00000000;0.00000000;0.00000000;0.00000000;0.00000000;0.00000000;0.00000000;0.00000000
HK97-like,48,91,1067,0.3145032802249297,0.085293675037624,0.00000000;0.00000000;0.00000000;0.00187441;0.01874414;0.62886598;0.18369260;0.03936270;0.05248360;0.05904405;0.00281162;0.00374883;0.00000000;0.00000000;0.00000000;0.00000000;0.00000000;0.00562324;0.00000000;0.00374883
HK97-like,48,98,2203,0.3483091239219246,0.0839086475747061,0.00000000;0.00000000;0.00000000;0.00045393;0.00317749;0.17930095;0.54062642;0.12846119;0.04357694;0.06082615;0.03086700;0.00226963;0.00136178;0.00000000;0.00000000;0.00000000;0.00000000;0.00045393;0.00499319;0.00363141
HK97-like,48,105,1057,0.3657757805108798,0.066948375739619,0.00000000;0.00000000;0.00000000;0.00000000;0.00189215;0.01986755;0.52980132;0.27436140;0.05108798;0.05392621;0.06149480;0.00378430;0.00189215;0.00000000;0.00000000;0.00000000;0.00000000;0.00000000;0.00000000;0.00189215
HK97-like,48,109,530,0.370188679245283,0.0719700033435769,0.00000000;0.00000000;0.00000000;0.00000000;0.00188679;0.00943396;0.50377358;0.30000000;0.05660377;0.05094340;0.06792453;0.00377358;0.00188679;0.00000000;0.00000000;0.00000000;0.00000000;0.00000000;0.00000000;0.00377358
HK97-like,48,111,1060,0.3695283018867924,0.0740873028547147,0.00000000;0.00000000;0.00000000;0.00000000;0.00188679;0.01509434;0.50471698;0.29811321;0.05377358;0.05188679;0.06415094;0.00377358;0.00188679;0.00000000;0.00000000;0.00000000;0.00000000;0.00000000;0.00000000;0.00471698
HK97-like,48,114,528,0.3822916666666666,0.0659204508452912,0.00000000;0.00000000;0.00000000;0.00000000;0.00000000;0.00568182;0.31818182;0.45075758;0.09090909;0.05303030;0.06628788;0.00946970;0.00378788;0.00000000;0.00000000;0.00000000;0.00000000;0.00000000;0.00000000;0.00189394
HK97-like,48,115,1057,0.3883869441816461,0.0638045942227198,0.00000000;0.00000000;0.00000000;0.00000000;0.00000000;0.00378430;0.22421949;0.52696310;0.11069063;0.04824976;0.07095553;0.00946074;0.00378430;0.00000000;0.00000000;0.00000000;0.00000000;0.00000000;0.00000000;0.00189215
HK97-like,48,118,531,0.3959039548022598,0.0716100301985518,0.00000000;0.00000000;0.00000000;0.00000000;0.00000000;0.00188324;0.14877589;0.58192090;0.12994350;0.04519774;0.06779661;0.01506591;0.00376648;0.00000000;0.00000000;0.00000000;0.00000000;0.00000000;0.00000000;0.00564972
HK97-like,48,119,528,0.3953598484848484,0.0559631850847101,0.00000000;0.00000000;0.00000000;0.00000000;0.00000000;0.00189394;0.11174242;0.61174242;0.14015152;0.04356061;0.07196970;0.01515152;0.00378788;0.00000000;0.00000000;0.00000000;0.00000000;0.00000000;0.00000000;0.00000000
HK97-like,48,121,1056,0.4023674242424242,0.0571090251799296,0.00000000;0.00000000;0.00000000;0.00000000;0.00000000;0.00189394;0.06250000;0.60795455;0.17803030;0.04734848;0.07196970;0.02651515;0.00378788;0.00000000;0.00000000;0.00000000;0.00000000;0.00000000;0.00000000;0.00000000
HK97-like,48,123,528,0.4003787878787879,0.0565739701231976,0.00000000;0.00000000;0.00000000;0.00000000;0.00000000;0.00189394;0.07575758;0.60606061;0.17424242;0.04356061;0.07196970;0.02272727;0.00378788;0.00000000;0.00000000;0.00000000;0.00000000;0.00000000;0.00000000;0.00000000
HK97-like,48,125,528,0.4100378787878788,0.0577645305480781,0.00000000;0.00000000;0.00000000;0.00000000;0.00000000;0.00189394;0.03030303;0.55681818;0.24242424;0.05681818;0.07196970;0.03598485;0.00378788;0.00000000;0.00000000;0.00000000;0.00000000;0.00000000;0.00000000;0.00000000
HK97-like,48,128,528,0.4022727272727272,0.05652957001872,0.00000000;0.00000000;0.00000000;0.00000000;0.00000000;0.00189394;0.05681818;0.61742424;0.17613636;0.04545455;0.07386364;0.02462121;0.00378788;0.00000000;0.00000000;0.00000000;0.00000000;0.00000000;0.00000000;0.00000000
HK97-like,48,129,528,0.4046401515151515,0.0567195324165564,0.00000000;0.00000000;0.00000000;0.00000000;0.00000000;0.00189394;0.04166667;0.61174242;0.19318182;0.04545455;0.07386364;0.02840909;0.00378788;0.00000000;0.00000000;0.00000000;0.00000000;0.00000000;0.00000000;0.00000000
HK97-like,48,131,528,0.4194128787878788,0.059129063900701,0.00000000;0.00000000;0.00000000;0.00000000;0.00000000;0.00189394;0.01704545;0.43750000;0.36553030;0.05681818;0.06060606;0.05681818;0.00189394;0.00189394;0.00000000;0.00000000;0.00000000;0.00000000;0.00000000;0.00000000
HK97-like,48,160,2128,0.5527725563909774,0.0532039359044094,0.00000000;0.00000000;0.00000000;0.00000000;0.00187970;0.00000000;0.00000000;0.00140977;0.00986842;0.03289474;0.55122180;0.27396617;0.05357143;0.06062030;0.01221805;0.00234962;0.00000000;0.00000000;0.00000000;0.00000000
HK97-like,48,163,2657,0.5529262325931501,0.053263370666143,0.00000000;0.00000000;0.00000000;0.00000000;0.00188182;0.00000000;0.00000000;0.00150546;0.00903274;0.03048551;0.55852465;0.26759503;0.05494919;0.06172375;0.01129093;0.00301091;0.00000000;0.00000000;0.00000000;0.00000000
HK97-like,48,166,3782,0.5819804336329985,0.0562951835147698,0.00000000;0.00000000;0.00000000;0.00000000;0.00052882;0.00185087;0.00000000;0.00105764;0.00423057;0.01612903;0.21152829;0.52273929;0.11528292;0.08461132;0.03754627;0.00449498;0.00000000;0.00000000;0.00000000;0.00000000
HK97-like,48,169,532,0.5728383458646616,0.0521170980874157,0.00000000;0.00000000;0.00000000;0.00000000;0.00000000;0.00375940;0.00000000;0.00187970;0.00187970;0.01315789;0.25939850;0.56766917;0.05451128;0.07330827;0.02067669;0.00375940;0.00000000;0.00000000;0.00000000;0.00000000
HK97-like,48,171,1059,0.5925637393767704,0.0507108529022135,0.00000000;0.00000000;0.00000000;0.00000000;0.00000000;0.00188857;0.00000000;0.00000000;0.00188857;0.01133144;0.06421152;0.64589235;0.16147309;0.05004721;0.05949008;0.00377715;0.00000000;0.00000000;0.00000000;0.00000000
HK97-like,48,172,1058,0.5978733459357277,0.050717582589283,0.00000000;0.00000000;0.00000000;0.00000000;0.00000000;0.00094518;0.00094518;0.00000000;0.00189036;0.00945180;0.04536862;0.59735350;0.22400756;0.05009452;0.06616257;0.00378072;0.00000000;0.00000000;0.00000000;0.00000000
HK97-like,48,173,528,0.6017992424242424,0.0509063816863443,0.00000000;0.00000000;0.00000000;0.00000000;0.00000000;0.00000000;0.00189394;0.00000000;0.00189394;0.00946970;0.03787879;0.54734848;0.27272727;0.05492424;0.07007576;0.00378788;0.00000000;0.00000000;0.00000000;0.00000000
HK97-like,48,175,529,0.6052457466918715,0.0514637915352848,0.00000000;0.00000000;0.00000000;0.00000000;0.00000000;0.00000000;0.00189036;0.00000000;0.00189036;0.00945180;0.02646503;0.51606805;0.31001890;0.05482042;0.07183365;0.00756144;0.00000000;0.00000000;0.00000000;0.00000000
HK97-like,48,178,1058,0.6097353497164462,0.0521374501020002,0.00000000;0.00000000;0.00000000;0.00000000;0.00000000;0.00000000;0.00189036;0.00000000;0.00189036;0.00945180;0.01795841;0.46313800;0.36389414;0.05387524;0.07655955;0.01134216;0.00000000;0.00000000;0.00000000;0.00000000
HK97-like,48,179,1058,0.6155009451795841,0.0521923382235262,0.00000000;0.00000000;0.00000000;0.00000000;0.00000000;0.00000000;0.00189036;0.00000000;0.00189036;0.00850662;0.01039698;0.38846881;0.43478261;0.06143667;0.07750473;0.01323251;0.00189036;0.00000000;0.00000000;0.00000000
HK97-like,48,180,1058,0.6232514177693761,0.0510223006478182,0.00000000;0.00000000;0.00000000;0.00000000;0.00000000;0.00000000;0.00189036;0.00000000;0.00189036;0.00567108;0.00850662;0.27693762;0.52930057;0.07750473;0.08128544;0.01323251;0.00378072;0.00000000;0.00000000;0.00000000
HK97-like,48,185,3182,0.6486486486486487,0.0491375626120798,0.00000000;0.00000000;0.00000000;0.00000000;0.00000000;0.00000000;0.00000000;0.00188561;0.00188561;0.00000000;0.01068510;0.03896920;0.57542426;0.24921433;0.06851037;0.04965431;0.00377121;0.00000000;0.00000000;0.00000000
HK97-like,48,189,1587,0.6366572148708254,0.047158325915411,0.00000000;0.00000000;0.00000000;0.00000000;0.00000000;0.00000000;0.00063012;0.00126024;0.00189036;0.00000000;0.01323251;0.09451796;0.65343415;0.12791430;0.08128544;0.02205419;0.00378072;0.00000000;0.00000000;0.00000000
HK97-like,48,209,2651,0.7242832893247831,0.048782375914031,0.00000000;0.00000000;0.00000000;0.00000000;0.00000000;0.00000000;0.00000000;0.00000000;0.00000000;0.00188608;0.00188608;0.00905319;0.00867597;0.24745379;0.54092795;0.08940023;0.09694455;0.00377216;0.00000000;0.00000000
HK97-like,48,213,529,0.7370037807183365,0.0438306586737005,0.00000000;0.00000000;0.00000000;0.00000000;0.00000000;0.00000000;0.00000000;0.00000000;0.00000000;0.00189036;0.00000000;0.00756144;0.00945180;0.06616257;0.67863894;0.11909263;0.11342155;0.00378072;0.00000000;0.00000000
HK97-like,48,216,1058,0.7366257088846881,0.0443606522449532,0.00000000;0.00000000;0.00000000;0.00000000;0.00000000;0.00000000;0.00000000;0.00000000;0.00000000;0.00189036;0.00094518;0.00756144;0.00756144;0.07372401;0.67107750;0.12192817;0.11058601;0.00472590;0.00000000;0.00000000
HK97-like,48,224,1591,0.7430703959773727,0.0440556767021693,0.00000000;0.00000000;0.00000000;0.00000000;0.00000000;0.00000000;0.00000000;0.00000000;0.00000000;0.00188561;0.00000000;0.00439975;0.01068510;0.03771213;0.64047769;0.17661848;0.11816468;0.01005657;0.00000000;0.00000000
HK97-like,48,229,9708,0.7713895756077462,0.0374987359010282,0.00000000;0.00000000;0.00000000;0.00000000;0.00000000;0.00000000;0.00000000;0.00000000;0.00000000;0.00061805;0.00000000;0.00061805;0.00597445;0.00813762;0.22156984;0.59177998;0.15337866;0.01740832;0.00051504;0.00000000
HK97-like,48,248,1059,0.8097969782813976,0.0360362757942135,0.00000000;0.00000000;0.00000000;0.00000000;0.00000000;0.00000000;0.00000000;0.00000000;0.00000000;0.00094429;0.00094429;0.00000000;0.00000000;0.00377715;0.01416431;0.34466478;0.54485364;0.08876298;0.00188857;0.00000000
HK97-like,48,252,1055,0.8165639810426539,0.034143819481655,0.00000000;0.00000000;0.00000000;0.00000000;0.00000000;0.00000000;0.00000000;0.00000000;0.00000000;0.00000000;0.00189573;0.00000000;0.00000000;0.00379147;0.01137441;0.23317536;0.64170616;0.10616114;0.00189573;0.00000000
HK97-like,48,259,1594,0.8245608531994982,0.030157393450009,0.00000000;0.00000000;0.00000000;0.00000000;0.00000000;0.00000000;0.00000000;0.00000000;0.00000000;0.00000000;0.00188206;0.00000000;0.00000000;0.00313676;0.00941029;0.09723965;0.76286073;0.12296110;0.00250941;0.00000000
HK97-like,48,297,1052,0.911787072243346,0.0241064713749373,0.00000000;0.00000000;0.00000000;0.00000000;0.00000000;0.00000000;0.00000000;0.00000000;0.00000000;0.00000000;0.00000000;0.00000000;0.00000000;0.00000000;0.00000000;0.00190114;0.01330798;0.23193916;0.75285171;0.00000000
HK97-like,48,301,526,0.9206273764258556,0.0220155046375879,0.00000000;0.00000000;0.00000000;0.00000000;0.00000000;0.00000000;0.00000000;0.00000000;0.00000000;0.00000000;0.00000000;0.00190114;0.00000000;0.00000000;0.00000000;0.00190114;0.00950570;0.05133080;0.93346008;0.00190114
HK97-like,48,302,1583,0.9208938723941884,0.0208521881999008,0.00000000;0.00000000;0.00000000;0.00000000;0.00000000;0.00000000;0.00000000;0.00000000;0.00000000;0.00000000;0.00063171;0.00063171;0.00000000;0.00000000;0.00000000;0.00189514;0.00631712;0.06064435;0.92356286;0.00631712
HK97-like,48,313,2629,0.9252852795739824,0.0159912257264928,0.00000000;0.00000000;0.00000000;0.00000000;0.00000000;0.00000000;0.00000000;0.00000000;0.00000000;0.00000000;0.00000000;0.00038037;0.00000000;0.00000000;0.00000000;0.00190186;0.00190186;0.02054013;0.93685812;0.03841765
HK97-like,48,321,1579,0.9338347055098164,0.022072134865395,0.00000000;0.00000000;0.00000000;0.00000000;0.00000000;0.00000000;0.00000000;0.00000000;0.00000000;0.00000000;0.00000000;0.00000000;0.00000000;0.00000000;0.00000000;0.00189994;0.00000000;0.01329956;0.78910703;0.19569348
HK97-like,48,340,897,0.0913322185061315,0.1625577094984263,0.70011148;0.08584169;0.06354515;0.03010033;0.03010033;0.01783724;0.00780379;0.02006689;0.00780379;0.00445931;0.00000000;0.00000000;0.00000000;0.00445931;0.00668896;0.00445931;0.00222965;0.00111483;0.00334448;0.01003344
HK97-like,49,10,653,0.0256891271056661,0.0064527844343569,0.98774885;0.01071975;0.00153139;0.00000000;0.00000000;0.00000000;0.00000000;0.00000000;0.00000000;0.00000000;0.00000000;0.00000000;0.00000000;0.00000000;0.00000000;0.00000000;0.00000000;0.00000000;0.00000000;0.00000000
HK97-like,49,91,1309,0.2820664629488159,0.0278752982385762,0.00152788;0.00152788;0.00000000;0.00993125;0.02139037;0.77463713;0.18563789;0.00534759;0.00000000;0.00000000;0.00000000;0.00000000;0.00000000;0.00000000;0.00000000;0.00000000;0.00000000;0.00000000;0.00000000;0.00000000
HK97-like,49,98,2615,0.3205831739961759,0.031236381565879,0.00038241;0.00152964;0.00114723;0.00191205;0.01376673;0.14455067;0.73613767;0.09713193;0.00344168;0.00000000;0.00000000;0.00000000;0.00000000;0.00000000;0.00000000;0.00000000;0.00000000;0.00000000;0.00000000;0.00000000
HK97-like,49,105,1309,0.3493697478991596,0.0328503917303103,0.00076394;0.00076394;0.00076394;0.00152788;0.00458365;0.02215432;0.44461421;0.51566081;0.00840336;0.00076394;0.00000000;0.00000000;0.00000000;0.00000000;0.00000000;0.00000000;0.00000000;0.00000000;0.00000000;0.00000000
HK97-like,49,109,655,0.354618320610687,0.0333934349298824,0.00152672;0.00000000;0.00152672;0.00152672;0.00305344;0.02137405;0.34503817;0.61374046;0.01068702;0.00152672;0.00000000;0.00000000;0.00000000;0.00000000;0.00000000;0.00000000;0.00000000;0.00000000;0.00000000;0.00000000
HK97-like,49,111,1309,0.3539152024446143,0.0325050338402995,0.00076394;0.00076394;0.00076394;0.00152788;0.00305577;0.02139037;0.36287242;0.59740260;0.00993125;0.00152788;0.00000000;0.00000000;0.00000000;0.00000000;0.00000000;0.00000000;0.00000000;0.00000000;0.00000000;0.00000000
HK97-like,49,114,655,0.3673664122137405,0.0294175535972465,0.00152672;0.00000000;0.00152672;0.00152672;0.00152672;0.01832061;0.11450382;0.83511450;0.02442748;0.00152672;0.00000000;0.00000000;0.00000000;0.00000000;0.00000000;0.00000000;0.00000000;0.00000000;0.00000000;0.00000000
HK97-like,49,115,1310,0.3705725190839695,0.0280990697013566,0.00152672;0.00000000;0.00152672;0.00152672;0.00152672;0.01679389;0.06412214;0.87633588;0.03511450;0.00152672;0.00000000;0.00000000;0.00000000;0.00000000;0.00000000;0.00000000;0.00000000;0.00000000;0.00000000;0.00000000
HK97-like,49,118,655,0.3733206106870228,0.0270185876576917,0.00152672;0.00000000;0.00152672;0.00000000;0.00305344;0.01374046;0.03664122;0.88702290;0.05496183;0.00152672;0.00000000;0.00000000;0.00000000;0.00000000;0.00000000;0.00000000;0.00000000;0.00000000;0.00000000;0.00000000
HK97-like,49,119,655,0.3748473282442748,0.0276285263805538,0.00152672;0.00000000;0.00152672;0.00000000;0.00305344;0.01068702;0.03664122;0.86564885;0.07938931;0.00152672;0.00000000;0.00000000;0.00000000;0.00000000;0.00000000;0.00000000;0.00000000;0.00000000;0.00000000;0.00000000
HK97-like,49,121,1310,0.3837786259541984,0.0316715708185116,0.00076336;0.00076336;0.00076336;0.00076336;0.00229008;0.00763359;0.02900763;0.71984733;0.23358779;0.00381679;0.00076336;0.00000000;0.00000000;0.00000000;0.00000000;0.00000000;0.00000000;0.00000000;0.00000000;0.00000000
HK97-like,49,123,655,0.3801908396946565,0.02981754043538,0.00152672;0.00000000;0.00000000;0.00152672;0.00305344;0.00610687;0.03053435;0.78931298;0.16488550;0.00152672;0.00152672;0.00000000;0.00000000;0.00000000;0.00000000;0.00000000;0.00000000;0.00000000;0.00000000;0.00000000
HK97-like,49,125,655,0.3955343511450381,0.0335282261649766,0.00000000;0.00152672;0.00000000;0.00152672;0.00152672;0.00458015;0.02290076;0.51450382;0.44580153;0.00610687;0.00152672;0.00000000;0.00000000;0.00000000;0.00000000;0.00000000;0.00000000;0.00000000;0.00000000;0.00000000
HK97-like,49,128,655,0.3833969465648855,0.0314731630230667,0.00152672;0.00000000;0.00000000;0.00152672;0.00305344;0.00610687;0.02595420;0.73587786;0.22137405;0.00305344;0.00152672;0.00000000;0.00000000;0.00000000;0.00000000;0.00000000;0.00000000;0.00000000;0.00000000;0.00000000
HK97-like,49,129,655,0.3865267175572519,0.0317546241735143,0.00000000;0.00152672;0.00000000;0.00152672;0.00305344;0.00458015;0.02442748;0.68396947;0.27480916;0.00458015;0.00152672;0.00000000;0.00000000;0.00000000;0.00000000;0.00000000;0.00000000;0.00000000;0.00000000;0.00000000
HK97-like,49,131,655,0.4067557251908397,0.0329116540307378,0.00000000;0.00152672;0.00000000;0.00152672;0.00152672;0.00305344;0.01984733;0.30534351;0.65496183;0.01068702;0.00152672;0.00000000;0.00000000;0.00000000;0.00000000;0.00000000;0.00000000;0.00000000;0.00000000;0.00000000
HK97-like,49,160,2625,0.5802571428571429,0.0354693774218533,0.00000000;0.00000000;0.00000000;0.00000000;0.00000000;0.00000000;0.00152381;0.00152381;0.00266667;0.01142857;0.08685714;0.67276190;0.21790476;0.00228571;0.00038095;0.00114286;0.00076190;0.00076190;0.00000000;0.00000000
HK97-like,49,163,3280,0.5795731707317072,0.0339314339075087,0.00000000;0.00000000;0.00000000;0.00000000;0.00000000;0.00000000;0.00121951;0.00182927;0.00213415;0.01128049;0.07621951;0.71097561;0.19054878;0.00274390;0.00030488;0.00121951;0.00091463;0.00060976;0.00000000;0.00000000
HK97-like,49,166,5680,0.6045950704225351,0.0346005084784439,0.00000000;0.00000000;0.00000000;0.00000000;0.00000000;0.00000000;0.00017606;0.00299296;0.00088028;0.00369718;0.01954225;0.36602113;0.58978873;0.01285211;0.00105634;0.00070423;0.00088028;0.00140845;0.00000000;0.00000000
HK97-like,49,169,657,0.6011035007610351,0.0338953749252245,0.00000000;0.00000000;0.00000000;0.00000000;0.00000000;0.00000000;0.00000000;0.00304414;0.00152207;0.00456621;0.01217656;0.43683409;0.53424658;0.00304414;0.00152207;0.00152207;0.00000000;0.00152207;0.00000000;0.00000000
HK97-like,49,171,1312,0.6228658536585365,0.0277321738811386,0.00000000;0.00000000;0.00000000;0.00000000;0.00000000;0.00000000;0.00000000;0.00076220;0.00228659;0.00152439;0.01067073;0.07469512;0.85137195;0.05411585;0.00152439;0.00000000;0.00152439;0.00152439;0.00000000;0.00000000
HK97-like,49,172,1313,0.6293412033511043,0.029404539039836,0.00000000;0.00000000;0.00000000;0.00000000;0.00000000;0.00000000;0.00000000;0.00000000;0.00304646;0.00152323;0.01066260;0.03579589;0.80045697;0.14394516;0.00152323;0.00000000;0.00152323;0.00152323;0.00000000;0.00000000
HK97-like,49,173,655,0.6362213740458014,0.0323393953208011,0.00000000;0.00000000;0.00000000;0.00000000;0.00000000;0.00000000;0.00000000;0.00000000;0.00305344;0.00152672;0.01068702;0.02442748;0.68549618;0.27022901;0.00152672;0.00000000;0.00152672;0.00152672;0.00000000;0.00000000
HK97-like,49,175,657,0.6409056316590563,0.0334765450765623,0.00000000;0.00000000;0.00000000;0.00000000;0.00000000;0.00000000;0.00000000;0.00000000;0.00304414;0.00152207;0.01065449;0.01674277;0.60882801;0.35312024;0.00304414;0.00000000;0.00152207;0.00152207;0.00000000;0.00000000
HK97-like,49,178,1314,0.6472222222222224,0.0349615042821031,0.00000000;0.00000000;0.00000000;0.00000000;0.00000000;0.00000000;0.00000000;0.00000000;0.00304414;0.00152207;0.00608828;0.01598174;0.50380518;0.46194825;0.00380518;0.00000000;0.00152207;0.00000000;0.00228311;0.00000000
HK97-like,49,179,1314,0.6514459665144599,0.0362166517326827,0.00000000;0.00000000;0.00000000;0.00000000;0.00000000;0.00000000;0.00000000;0.00000000;0.00304414;0.00152207;0.00608828;0.00989346;0.44063927;0.52815830;0.00456621;0.00152207;0.00000000;0.00152207;0.00304414;0.00000000
HK97-like,49,180,1312,0.6554115853658538,0.0337175515186593,0.00000000;0.00000000;0.00000000;0.00000000;0.00000000;0.00000000;0.00000000;0.00000000;0.00304878;0.00152439;0.00304878;0.01143293;0.36051829;0.61051829;0.00533537;0.00152439;0.00000000;0.00152439;0.00152439;0.00000000
HK97-like,49,185,3935,0.6837547649301144,0.0322628119332348,0.00000000;0.00000000;0.00000000;0.00000000;0.00000000;0.00000000;0.00000000;0.00000000;0.00152478;0.00177891;0.00127065;0.00711563;0.04218551;0.70775095;0.23354511;0.00203304;0.00025413;0.00101652;0.00152478;0.00000000
HK97-like,49,189,1968,0.6672256097560977,0.0299139333619142,0.00000000;0.00000000;0.00000000;0.00000000;0.00000000;0.00000000;0.00000000;0.00000000;0.00152439;0.00304878;0.00101626;0.00965447;0.15447154;0.80132114;0.02439024;0.00152439;0.00000000;0.00152439;0.00152439;0.00000000
HK97-like,49,209,3273,0.7731057134127713,0.0236667425530718,0.00000000;0.00000000;0.00000000;0.00000000;0.00000000;0.00000000;0.00000000;0.00000000;0.00000000;0.00061106;0.00091659;0.00152765;0.00366636;0.00427742;0.05285671;0.88939811;0.04460739;0.00213871;0.00000000;0.00000000
HK97-like,49,213,654,0.7882262996941894,0.0299870641745104,0.00000000;0.00000000;0.00000000;0.00000000;0.00000000;0.00000000;0.00000000;0.00000000;0.00000000;0.00000000;0.00152905;0.00152905;0.00152905;0.00458716;0.01529052;0.67278287;0.29969419;0.00152905;0.00152905;0.00000000
HK97-like,49,216,1308,0.7884556574923547,0.0298848507249938,0.00000000;0.00000000;0.00000000;0.00000000;0.00000000;0.00000000;0.00000000;0.00000000;0.00000000;0.00000000;0.00152905;0.00152905;0.00152905;0.00458716;0.01452599;0.66896024;0.30428135;0.00229358;0.00076453;0.00000000
HK97-like,49,224,1963,0.801566479877738,0.0314131270552402,0.00000000;0.00000000;0.00000000;0.00000000;0.00000000;0.00000000;0.00000000;0.00000000;0.00000000;0.00000000;0.00152827;0.00152827;0.00101885;0.00509424;0.00713194;0.42282221;0.55781966;0.00152827;0.00152827;0.00000000
HK97-like,49,229,4412,0.8132932910244786,0.0256504171268092,0.00000000;0.00000000;0.00000000;0.00000000;0.00000000;0.00000000;0.00000000;0.00000000;0.00000000;0.00000000;0.00067996;0.00067996;0.00000000;0.00430644;0.00498640;0.20988214;0.77425204;0.00430644;0.00090662;0.00000000
HK97-like,49,248,1307,0.8239288446824788,0.0195296722150929,0.00000000;0.00000000;0.00000000;0.00000000;0.00000000;0.00000000;0.00000000;0.00000000;0.00000000;0.00000000;0.00153022;0.00076511;0.00076511;0.00153022;0.00153022;0.02065800;0.95179801;0.01989288;0.00153022;0.00000000
HK97-like,49,252,1309,0.8271008403361343,0.0216175997300071,0.00000000;0.00000000;0.00000000;0.00000000;0.00000000;0.00000000;0.00000000;0.00000000;0.00000000;0.00000000;0.00152788;0.00000000;0.00152788;0.00152788;0.00076394;0.01222307;0.90909091;0.07104660;0.00229183;0.00000000
HK97-like,49,259,1965,0.8343638676844783,0.027049147941838,0.00000000;0.00000000;0.00000000;0.00000000;0.00000000;0.00000000;0.00000000;0.00000000;0.00000000;0.00000000;0.00152672;0.00000000;0.00152672;0.00152672;0.00000000;0.00865140;0.77506361;0.20865140;0.00203562;0.00101781
HK97-like,49,297,1305,0.9194827586206896,0.0225785281322742,0.00000000;0.00000000;0.00000000;0.00000000;0.00000000;0.00000000;0.00000000;0.00000000;0.00000000;0.00000000;0.00000000;0.00153257;0.00000000;0.00153257;0.00000000;0.00153257;0.00000000;0.08812261;0.90651341;0.00076628
HK97-like,49,301,652,0.9223926380368098,0.019603723066587,0.00000000;0.00000000;0.00000000;0.00000000;0.00000000;0.00000000;0.00000000;0.00000000;0.00000000;0.00000000;0.00000000;0.00153374;0.00000000;0.00153374;0.00000000;0.00153374;0.00000000;0.02914110;0.96625767;0.00000000
HK97-like,49,302,1956,0.9227505112474438,0.0191872466575836,0.00000000;0.00000000;0.00000000;0.00000000;0.00000000;0.00000000;0.00000000;0.00000000;0.00000000;0.00000000;0.00000000;0.00153374;0.00000000;0.00153374;0.00000000;0.00153374;0.00000000;0.02198364;0.97341513;0.00000000
HK97-like,49,313,3260,0.9248006134969324,0.0193242464973697,0.00000000;0.00000000;0.00000000;0.00000000;0.00000000;0.00000000;0.00000000;0.00000000;0.00000000;0.00000000;0.00000000;0.00122699;0.00030675;0.00153374;0.00000000;0.00092025;0.00061350;0.00552147;0.96625767;0.02361963
HK97-like,49,321,1955,0.9435933503836316,0.0296754112441418,0.00000000;0.00000000;0.00000000;0.00000000;0.00000000;0.00000000;0.00000000;0.00000000;0.00000000;0.00000000;0.00000000;0.00000000;0.00153453;0.00153453;0.00000000;0.00000000;0.00102302;0.00102302;0.60306905;0.39181586
HK97-like,49,340,680,0.0656617647058823,0.1820560765496458,0.93823529;0.01323529;0.00294118;0.00000000;0.00000000;0.00000000;0.00000000;0.00000000;0.00000000;0.00000000;0.00000000;0.00000000;0.00000000;0.00000000;0.00000000;0.00294118;0.00735294;0.01176471;0.01470588;0.00882353
HK97-like,50,10,477,0.025104821802935,0.0022869417431102,0.99790356;0.00209644;0.00000000;0.00000000;0.00000000;0.00000000;0.00000000;0.00000000;0.00000000;0.00000000;0.00000000;0.00000000;0.00000000;0.00000000;0.00000000;0.00000000;0.00000000;0.00000000;0.00000000;0.00000000
HK97-like,50,91,1391,0.3550862688713156,0.0350453095622168,0.00000000;0.00215672;0.00000000;0.00000000;0.00431344;0.04601006;0.30625449;0.62041697;0.01869159;0.00000000;0.00143781;0.00071891;0.00000000;0.00000000;0.00000000;0.00000000;0.00000000;0.00000000;0.00000000;0.00000000
HK97-like,50,98,6014,0.374326571333555,0.033501392527483,0.00000000;0.00099767;0.00116395;0.00000000;0.00266046;0.02261390;0.09477885;0.73927502;0.13501829;0.00133023;0.00000000;0.00216162;0.00000000;0.00000000;0.00000000;0.00000000;0.00000000;0.00000000;0.00000000;0.00000000
HK97-like,50,105,924,0.4023268398268398,0.0351634602009436,0.00000000;0.00000000;0.00108225;0.00108225;0.00000000;0.00541126;0.04437229;0.36580087;0.55735931;0.02272727;0.00000000;0.00216450;0.00000000;0.00000000;0.00000000;0.00000000;0.00000000;0.00000000;0.00000000;0.00000000
HK97-like,50,109,924,0.3992965367965367,0.0350794205422777,0.00000000;0.00000000;0.00108225;0.00108225;0.00000000;0.00649351;0.04545455;0.41450216;0.51298701;0.01623377;0.00000000;0.00216450;0.00000000;0.00000000;0.00000000;0.00000000;0.00000000;0.00000000;0.00000000;0.00000000
HK97-like,50,111,924,0.40508658008658,0.0354866152682383,0.00000000;0.00000000;0.00108225;0.00108225;0.00000000;0.00541126;0.04220779;0.32575758;0.58874459;0.03354978;0.00000000;0.00216450;0.00000000;0.00000000;0.00000000;0.00000000;0.00000000;0.00000000;0.00000000;0.00000000
HK97-like,50,114,462,0.4173160173160173,0.03290488264509,0.00000000;0.00000000;0.00000000;0.00216450;0.00000000;0.00432900;0.03463203;0.12987013;0.76623377;0.06060606;0.00000000;0.00000000;0.00216450;0.00000000;0.00000000;0.00000000;0.00000000;0.00000000;0.00000000;0.00000000
HK97-like,50,115,463,0.4186285097192224,0.0323220866676017,0.00000000;0.00000000;0.00000000;0.00215983;0.00000000;0.00431965;0.03239741;0.11231102;0.78185745;0.06479482;0.00000000;0.00000000;0.00215983;0.00000000;0.00000000;0.00000000;0.00000000;0.00000000;0.00000000;0.00000000
HK97-like,50,118,1385,0.4135198555956679,0.0338019898157284,0.00000000;0.00000000;0.00000000;0.00216606;0.00000000;0.00361011;0.03610108;0.19855596;0.70180505;0.05559567;0.00000000;0.00144404;0.00072202;0.00000000;0.00000000;0.00000000;0.00000000;0.00000000;0.00000000;0.00000000
HK97-like,50,119,463,0.4224082073434125,0.03158484233383,0.00000000;0.00000000;0.00000000;0.00215983;0.00000000;0.00215983;0.02591793;0.08855292;0.78401728;0.09287257;0.00215983;0.00000000;0.00215983;0.00000000;0.00000000;0.00000000;0.00000000;0.00000000;0.00000000;0.00000000
HK97-like,50,121,924,0.4286796536796537,0.0321907393295239,0.00000000;0.00000000;0.00000000;0.00108225;0.00108225;0.00216450;0.01623377;0.06818182;0.73051948;0.17532468;0.00324675;0.00000000;0.00216450;0.00000000;0.00000000;0.00000000;0.00000000;0.00000000;0.00000000;0.00000000
HK97-like,50,123,116,0.4275862068965517,0.0520464098211157,0.00000000;0.00000000;0.00000000;0.00000000;0.00862069;0.00862069;0.05172414;0.16379310;0.42241379;0.32758621;0.00862069;0.00000000;0.00862069;0.00000000;0.00000000;0.00000000;0.00000000;0.00000000;0.00000000;0.00000000
HK97-like,50,125,463,0.4370950323974081,0.0331000126775475,0.00000000;0.00000000;0.00000000;0.00000000;0.00215983;0.00000000;0.01079914;0.04967603;0.63282937;0.29157667;0.01079914;0.00000000;0.00215983;0.00000000;0.00000000;0.00000000;0.00000000;0.00000000;0.00000000;0.00000000
HK97-like,50,128,926,0.4329913606911447,0.0326289422679695,0.00000000;0.00000000;0.00000000;0.00000000;0.00215983;0.00107991;0.01403888;0.05507559;0.68682505;0.23110151;0.00755940;0.00000000;0.00215983;0.00000000;0.00000000;0.00000000;0.00000000;0.00000000;0.00000000;0.00000000
HK97-like,50,129,1387,0.4439257390050468,0.0355784352505734,0.00000000;0.00000000;0.00000000;0.00000000;0.00144196;0.00144196;0.00865177;0.05046864;0.51117520;0.40158616;0.02307138;0.00000000;0.00216294;0.00000000;0.00000000;0.00000000;0.00000000;0.00000000;0.00000000;0.00000000
HK97-like,50,131,922,0.4531995661605206,0.0357262925932457,0.00000000;0.00000000;0.00000000;0.00000000;0.00108460;0.00108460;0.00650759;0.04338395;0.36550976;0.54121475;0.03904555;0.00000000;0.00216920;0.00000000;0.00000000;0.00000000;0.00000000;0.00000000;0.00000000;0.00000000
HK97-like,50,160,2317,0.5865235217954251,0.0400814985892409,0.00000000;0.00000000;0.00000000;0.00000000;0.00000000;0.00000000;0.00000000;0.00086319;0.00604230;0.03064307;0.08200259;0.49633146;0.37548554;0.00604230;0.00258956;0.00000000;0.00000000;0.00000000;0.00000000;0.00000000
HK97-like,50,163,3232,0.5932240099009901,0.0397882926927738,0.00000000;0.00000000;0.00000000;0.00000000;0.00000000;0.00000000;0.00000000;0.00061881;0.00495050;0.02629950;0.07023515;0.40594059;0.48236386;0.00649752;0.00309406;0.00000000;0.00000000;0.00000000;0.00000000;0.00000000
HK97-like,50,166,10402,0.6338973274370314,0.0406388281991827,0.00000000;0.00000000;0.00000000;0.00000000;0.00000000;0.00000000;0.00000000;0.00000000;0.00057681;0.00845991;0.03287829;0.08940588;0.51826572;0.34224188;0.00596039;0.00221111;0.00000000;0.00000000;0.00000000;0.00000000
HK97-like,50,171,1386,0.6633838383838384,0.0344821491972446,0.00000000;0.00000000;0.00000000;0.00000000;0.00000000;0.00000000;0.00000000;0.00000000;0.00000000;0.00000000;0.01948052;0.04834055;0.11471861;0.78427128;0.02886003;0.00432900;0.00000000;0.00000000;0.00000000;0.00000000
HK97-like,50,172,924,0.6667207792207793,0.0344901636181361,0.00000000;0.00000000;0.00000000;0.00000000;0.00000000;0.00000000;0.00000000;0.00000000;0.00000000;0.00000000;0.01406926;0.04437229;0.11255411;0.75541126;0.06926407;0.00432900;0.00000000;0.00000000;0.00000000;0.00000000
HK97-like,50,173,462,0.6681818181818181,0.0353100897759303,0.00000000;0.00000000;0.00000000;0.00000000;0.00000000;0.00000000;0.00000000;0.00000000;0.00000000;0.00000000;0.01298701;0.04545455;0.10822511;0.73593074;0.09307359;0.00432900;0.00000000;0.00000000;0.00000000;0.00000000
HK97-like,50,175,462,0.6704545454545455,0.036051146491083,0.00000000;0.00000000;0.00000000;0.00000000;0.00000000;0.00000000;0.00000000;0.00000000;0.00000000;0.00000000;0.01082251;0.04545455;0.10173160;0.71428571;0.12121212;0.00649351;0.00000000;0.00000000;0.00000000;0.00000000
HK97-like,50,178,924,0.677435064935065,0.0383933433519454,0.00000000;0.00000000;0.00000000;0.00000000;0.00000000;0.00000000;0.00000000;0.00000000;0.00000000;0.00000000;0.00865801;0.03787879;0.09848485;0.61363636;0.23376623;0.00757576;0.00000000;0.00000000;0.00000000;0.00000000
HK97-like,50,179,924,0.6869047619047619,0.040612832763998,0.00000000;0.00000000;0.00000000;0.00000000;0.00000000;0.00000000;0.00000000;0.00000000;0.00000000;0.00000000;0.00757576;0.03463203;0.07900433;0.47943723;0.39069264;0.00757576;0.00108225;0.00000000;0.00000000;0.00000000
HK97-like,50,180,924,0.6973484848484849,0.0410364080228594,0.00000000;0.00000000;0.00000000;0.00000000;0.00000000;0.00000000;0.00000000;0.00000000;0.00000000;0.00000000;0.00432900;0.03571429;0.06493506;0.31060606;0.57575758;0.00541126;0.00324675;0.00000000;0.00000000;0.00000000
HK97-like,50,209,103,0.741504854368932,0.0563399656017637,0.00000000;0.00000000;0.00000000;0.00000000;0.00000000;0.00000000;0.00000000;0.00000000;0.00000000;0.00000000;0.00000000;0.00970874;0.04854369;0.17475728;0.26213592;0.39805825;0.08737864;0.01941748;0.00000000;0.00000000
HK97-like,50,213,103,0.7516990291262136,0.0573760944353102,0.00000000;0.00000000;0.00000000;0.00000000;0.00000000;0.00000000;0.00000000;0.00000000;0.00000000;0.00000000;0.00000000;0.00970874;0.03883495;0.12621359;0.27184466;0.35922330;0.17475728;0.01941748;0.00000000;0.00000000
HK97-like,50,216,95,0.7476315789473684,0.0570172739534772,0.00000000;0.00000000;0.00000000;0.00000000;0.00000000;0.00000000;0.00000000;0.00000000;0.00000000;0.00000000;0.00000000;0.02105263;0.04210526;0.10526316;0.27368421;0.43157895;0.10526316;0.02105263;0.00000000;0.00000000
HK97-like,50,229,26840,0.7727160953800297,0.0555842148647526,0.00000000;0.00000000;0.00000000;0.00000000;0.00000000;0.00000000;0.00000000;0.00000000;0.00000000;0.00000000;0.00026080;0.00506706;0.01989568;0.05324143;0.25536513;0.32149776;0.29191505;0.05275708;0.00000000;0.00000000
HK97-like,50,248,931,0.8577604726100967,0.0325402433712405,0.00000000;0.00000000;0.00000000;0.00000000;0.00000000;0.00000000;0.00000000;0.00000000;0.00000000;0.00000000;0.00000000;0.00000000;0.00107411;0.00537057;0.00644468;0.03114930;0.24167562;0.70891515;0.00537057;0.00000000
HK97-like,50,252,924,0.8597943722943723,0.0308406905473459,0.00000000;0.00000000;0.00000000;0.00000000;0.00000000;0.00000000;0.00000000;0.00000000;0.00000000;0.00000000;0.00000000;0.00000000;0.00000000;0.00649351;0.00649351;0.02597403;0.20670996;0.75432900;0.00000000;0.00000000
HK97-like,50,259,2773,0.8646862603678326,0.0284218076710018,0.00000000;0.00000000;0.00000000;0.00000000;0.00000000;0.00000000;0.00000000;0.00000000;0.00000000;0.00000000;0.00000000;0.00000000;0.00000000;0.00649116;0.00649116;0.02055536;0.12044717;0.84529391;0.00072124;0.00000000
HK97-like,50,297,1381,0.917034757422158,0.0268741041531809,0.00000000;0.00000000;0.00000000;0.00000000;0.00000000;0.00000000;0.00000000;0.00000000;0.00000000;0.00000000;0.00000000;0.00000000;0.00000000;0.00000000;0.00651702;0.00651702;0.01882694;0.07603186;0.89210717;0.00000000
HK97-like,50,301,461,0.9177331887201736,0.026063337762045,0.00000000;0.00000000;0.00000000;0.00000000;0.00000000;0.00000000;0.00000000;0.00000000;0.00000000;0.00000000;0.00000000;0.00000000;0.00000000;0.00000000;0.00650759;0.00650759;0.01518438;0.06941432;0.90238612;0.00000000
HK97-like,50,302,1386,0.9211399711399711,0.0287026961441662,0.00000000;0.00000000;0.00000000;0.00000000;0.00000000;0.00000000;0.00000000;0.00000000;0.00000000;0.00000000;0.00000000;0.00000000;0.00000000;0.00000000;0.00649351;0.00649351;0.01515152;0.05699856;0.85930736;0.05555556
HK97-like,50,313,2313,0.9420773886727194,0.0377744640893329,0.00000000;0.00000000;0.00000000;0.00000000;0.00000000;0.00000000;0.00000000;0.00000000;0.00000000;0.00000000;0.00000000;0.00000000;0.00000000;0.00000000;0.00518807;0.00734976;0.01340251;0.03674881;0.48940770;0.44790316
HK97-like,50,321,1383,0.958586406362979,0.0356978910407533,0.00000000;0.00000000;0.00000000;0.00000000;0.00000000;0.00000000;0.00000000;0.00000000;0.00000000;0.00000000;0.00000000;0.00000000;0.00000000;0.00000000;0.00433839;0.00650759;0.01156905;0.02747650;0.19088937;0.75921909
HK97-like,50,340,573,0.1391361256544502,0.2922515871570413,0.79406632;0.04188482;0.03839442;0.00523560;0.00349040;0.00000000;0.00000000;0.00000000;0.00000000;0.00000000;0.00000000;0.00000000;0.00000000;0.00000000;0.00000000;0.00174520;0.00872600;0.01047120;0.03315881;0.06282723
HK97-like,53,10,364,0.0256868131868131,0.0068996529422386,0.98901099;0.00824176;0.00274725;0.00000000;0.00000000;0.00000000;0.00000000;0.00000000;0.00000000;0.00000000;0.00000000;0.00000000;0.00000000;0.00000000;0.00000000;0.00000000;0.00000000;0.00000000;0.00000000;0.00000000
HK97-like,53,91,1416,0.2296257062146892,0.0354271914334574,0.00000000;0.00000000;0.00353107;0.09110169;0.76624294;0.11511299;0.01341808;0.00211864;0.00282486;0.00282486;0.00282486;0.00000000;0.00000000;0.00000000;0.00000000;0.00000000;0.00000000;0.00000000;0.00000000;0.00000000
HK97-like,53,98,4595,0.2474483133841132,0.0372970211345656,0.00000000;0.00000000;0.00087051;0.01980413;0.57997824;0.35625680;0.03307943;0.00261153;0.00065288;0.00304679;0.00348205;0.00021763;0.00000000;0.00000000;0.00000000;0.00000000;0.00000000;0.00000000;0.00000000;0.00000000
HK97-like,53,105,707,0.2705445544554455,0.0398630141370245,0.00141443;0.00000000;0.00000000;0.00707214;0.22772277;0.64639321;0.10042433;0.00848656;0.00000000;0.00282885;0.00282885;0.00282885;0.00000000;0.00000000;0.00000000;0.00000000;0.00000000;0.00000000;0.00000000;0.00000000
HK97-like,53,109,706,0.2678470254957507,0.0403837379050815,0.00141643;0.00000000;0.00000000;0.00708215;0.27053824;0.61331445;0.09206799;0.00708215;0.00000000;0.00283286;0.00283286;0.00283286;0.00000000;0.00000000;0.00000000;0.00000000;0.00000000;0.00000000;0.00000000;0.00000000
HK97-like,53,111,706,0.2726628895184135,0.0394481006573833,0.00141643;0.00000000;0.00000000;0.00566572;0.20113314;0.66147309;0.11331445;0.00849858;0.00000000;0.00283286;0.00283286;0.00283286;0.00000000;0.00000000;0.00000000;0.00000000;0.00000000;0.00000000;0.00000000;0.00000000
HK97-like,53,114,354,0.2809322033898305,0.039685998216841,0.00282486;0.00000000;0.00000000;0.00282486;0.10451977;0.69774011;0.16949153;0.01129944;0.00282486;0.00282486;0.00282486;0.00282486;0.00000000;0.00000000;0.00000000;0.00000000;0.00000000;0.00000000;0.00000000;0.00000000
HK97-like,53,115,354,0.284180790960452,0.0391528379017225,0.00282486;0.00000000;0.00000000;0.00282486;0.07062147;0.70338983;0.19491525;0.01412429;0.00282486;0.00282486;0.00282486;0.00282486;0.00000000;0.00000000;0.00000000;0.00000000;0.00000000;0.00000000;0.00000000;0.00000000
HK97-like,53,118,1061,0.2797596606974553,0.0405367348728832,0.00282752;0.00000000;0.00000000;0.00282752;0.12818096;0.67389255;0.16870877;0.01319510;0.00188501;0.00282752;0.00282752;0.00282752;0.00000000;0.00000000;0.00000000;0.00000000;0.00000000;0.00000000;0.00000000;0.00000000
HK97-like,53,119,354,0.2918079096045198,0.0389659034587087,0.00282486;0.00000000;0.00000000;0.00000000;0.02824859;0.65536723;0.27683616;0.02542373;0.00282486;0.00282486;0.00282486;0.00282486;0.00000000;0.00000000;0.00000000;0.00000000;0.00000000;0.00000000;0.00000000;0.00000000
HK97-like,53,121,715,0.295,0.0472902065586907,0.00979021;0.00139860;0.00000000;0.00000000;0.02237762;0.56783217;0.35104895;0.03636364;0.00279720;0.00139860;0.00279720;0.00419580;0.00000000;0.00000000;0.00000000;0.00000000;0.00000000;0.00000000;0.00000000;0.00000000
HK97-like,53,123,355,0.2937323943661972,0.0468118673248143,0.01126761;0.00000000;0.00000000;0.00000000;0.02535211;0.57746479;0.34366197;0.03098592;0.00281690;0.00281690;0.00281690;0.00281690;0.00000000;0.00000000;0.00000000;0.00000000;0.00000000;0.00000000;0.00000000;0.00000000
HK97-like,53,125,357,0.3006302521008404,0.0465319140890205,0.00560224;0.00280112;0.00000000;0.00000000;0.01400560;0.50420168;0.41736695;0.04481793;0.00280112;0.00000000;0.00280112;0.00280112;0.00280112;0.00000000;0.00000000;0.00000000;0.00000000;0.00000000;0.00000000;0.00000000
HK97-like,53,128,711,0.3005274261603375,0.0431557089066732,0.00281294;0.00281294;0.00000000;0.00000000;0.01687764;0.51195499;0.41068917;0.04360056;0.00281294;0.00140647;0.00281294;0.00281294;0.00140647;0.00000000;0.00000000;0.00000000;0.00000000;0.00000000;0.00000000;0.00000000
HK97-like,53,129,1067,0.3068181818181818,0.0453795069461683,0.00374883;0.00281162;0.00000000;0.00000000;0.01405811;0.41424555;0.48453608;0.06935333;0.00281162;0.00093721;0.00187441;0.00374883;0.00187441;0.00000000;0.00000000;0.00000000;0.00000000;0.00000000;0.00000000;0.00000000
HK97-like,53,131,356,0.3081460674157304,0.0469244074296593,0.00561798;0.00280899;0.00000000;0.00000000;0.00842697;0.39044944;0.51123596;0.07022472;0.00280899;0.00000000;0.00280899;0.00280899;0.00280899;0.00000000;0.00000000;0.00000000;0.00000000;0.00000000;0.00000000;0.00000000
HK97-like,53,160,1750,0.5056,0.1155826729476104,0.00000000;0.00000000;0.00285714;0.00114286;0.00114286;0.00171429;0.07542857;0.19200000;0.14971429;0.02057143;0.03942857;0.21142857;0.27428571;0.02514286;0.00514286;0.00000000;0.00000000;0.00000000;0.00000000;0.00000000
HK97-like,53,163,2147,0.5039473684210526,0.1168070416553138,0.00000000;0.00000000;0.00279460;0.00139730;0.00139730;0.00093153;0.08570098;0.18258034;0.15882627;0.02515137;0.03260363;0.19701910;0.27899395;0.02794597;0.00465766;0.00000000;0.00000000;0.00000000;0.00000000;0.00000000
HK97-like,53,166,4047,0.524456387447492,0.114921793169051,0.00247097;0.00024710;0.00000000;0.00345935;0.00222387;0.00049419;0.00790709;0.12725476;0.24783790;0.08203608;0.00938967;0.11959476;0.27773660;0.10798122;0.00864838;0.00271806;0.00000000;0.00000000;0.00000000;0.00000000
HK97-like,53,169,363,0.5174242424242425,0.1163218043495105,0.00275482;0.00000000;0.00000000;0.00275482;0.00275482;0.00000000;0.03581267;0.15702479;0.20936639;0.04132231;0.01652893;0.15426997;0.30578512;0.06611570;0.00550964;0.00000000;0.00000000;0.00000000;0.00000000;0.00000000
HK97-like,53,171,667,0.5566341829085457,0.1124720104487216,0.00000000;0.00299850;0.00000000;0.00000000;0.00299850;0.00299850;0.00149925;0.07646177;0.14392804;0.16641679;0.01499250;0.06896552;0.26836582;0.22788606;0.01949025;0.00299850;0.00000000;0.00000000;0.00000000;0.00000000
HK97-like,53,172,718,0.5497910863509748,0.1180960768805884,0.00000000;0.00278552;0.00000000;0.00000000;0.00278552;0.00278552;0.00278552;0.12256267;0.11699164;0.18384401;0.01949861;0.05013928;0.21866295;0.25069638;0.02367688;0.00278552;0.00000000;0.00000000;0.00000000;0.00000000
HK97-like,53,173,359,0.5546657381615598,0.1194994188699216,0.00000000;0.00278552;0.00000000;0.00000000;0.00278552;0.00278552;0.00278552;0.11420613;0.10584958;0.20055710;0.02228412;0.04178273;0.18105850;0.28412256;0.03621170;0.00278552;0.00000000;0.00000000;0.00000000;0.00000000
HK97-like,53,175,359,0.5567548746518106,0.1203291033661694,0.00000000;0.00278552;0.00000000;0.00000000;0.00278552;0.00278552;0.00278552;0.11420613;0.09749304;0.20891365;0.02228412;0.03621170;0.15877437;0.31197772;0.03621170;0.00278552;0.00000000;0.00000000;0.00000000;0.00000000
HK97-like,53,178,718,0.5597493036211699,0.1191924129369964,0.00000000;0.00278552;0.00000000;0.00000000;0.00278552;0.00278552;0.00000000;0.09888579;0.10863510;0.20473538;0.03342618;0.02506964;0.16991643;0.30501393;0.04317549;0.00000000;0.00278552;0.00000000;0.00000000;0.00000000
HK97-like,53,179,718,0.5632311977715877,0.1194115890778036,0.00000000;0.00278552;0.00000000;0.00000000;0.00278552;0.00278552;0.00000000;0.08774373;0.10863510;0.20752089;0.04178273;0.01671309;0.16713092;0.29805014;0.05988858;0.00139276;0.00278552;0.00000000;0.00000000;0.00000000
HK97-like,53,180,718,0.5674094707520891,0.1188743139988166,0.00000000;0.00000000;0.00278552;0.00000000;0.00278552;0.00000000;0.00278552;0.07103064;0.12116992;0.20055710;0.05013928;0.01671309;0.15320334;0.29247911;0.08077994;0.00278552;0.00278552;0.00000000;0.00000000;0.00000000
HK97-like,53,185,8786,0.6074607329842933,0.1172335522645401,0.00000000;0.00000000;0.00034145;0.00125199;0.00113817;0.00136581;0.00216253;0.00375598;0.09298885;0.12303665;0.18438425;0.04882768;0.04780332;0.18404280;0.24413840;0.06032324;0.00250398;0.00193490;0.00000000;0.00000000
HK97-like,53,189,1082,0.5774491682070241,0.115126747255748,0.00000000;0.00000000;0.00277264;0.00000000;0.00000000;0.00277264;0.00277264;0.02495379;0.13216266;0.19408503;0.09149723;0.00646950;0.13493530;0.29205176;0.10443623;0.00739372;0.00369686;0.00000000;0.00000000;0.00000000
HK97-like,53,209,1799,0.64198165647582,0.1139241685187427,0.00000000;0.00000000;0.00000000;0.00000000;0.00000000;0.00277932;0.00000000;0.00277932;0.00667037;0.12840467;0.13563091;0.16564758;0.01334074;0.10227904;0.24346859;0.16842690;0.02779322;0.00055586;0.00222346;0.00000000
HK97-like,53,213,359,0.6532729805013928,0.1179033319148866,0.00000000;0.00000000;0.00000000;0.00000000;0.00000000;0.00278552;0.00000000;0.00278552;0.00278552;0.12813370;0.09749304;0.19220056;0.02785515;0.06128134;0.19498607;0.23398329;0.05292479;0.00000000;0.00278552;0.00000000
HK97-like,53,216,718,0.652924791086351,0.1179124831181823,0.00000000;0.00000000;0.00000000;0.00000000;0.00000000;0.00278552;0.00000000;0.00278552;0.00278552;0.12952646;0.09888579;0.18802228;0.02924791;0.06406685;0.19080780;0.23816156;0.05013928;0.00000000;0.00278552;0.00000000
HK97-like,53,224,1435,0.6607142857142857,0.1191203030148238,0.00000000;0.00000000;0.00000000;0.00000000;0.00000000;0.00069686;0.00209059;0.00209059;0.00139373;0.12334495;0.08362369;0.19372822;0.04599303;0.04390244;0.14843206;0.28641115;0.06550523;0.00000000;0.00278746;0.00000000
HK97-like,53,229,5171,0.7497727712241344,0.0875399270798425,0.00000000;0.00000000;0.00000000;0.00000000;0.00000000;0.00000000;0.00077354;0.00000000;0.00077354;0.02649391;0.02378650;0.05453491;0.02223941;0.01643783;0.17578805;0.43028428;0.22452137;0.02069232;0.00135370;0.00232063
HK97-like,53,248,720,0.8133333333333334,0.0407737660757502,0.00000000;0.00000000;0.00000000;0.00000000;0.00000000;0.00000000;0.00000000;0.00000000;0.00138889;0.00000000;0.00000000;0.00000000;0.00416667;0.00694444;0.00555556;0.30972222;0.54722222;0.11944444;0.00000000;0.00555556
HK97-like,53,252,724,0.8215469613259668,0.0456137913396783,0.00000000;0.00000000;0.00000000;0.00000000;0.00000000;0.00000000;0.00000000;0.00000000;0.00276243;0.00000000;0.00000000;0.00000000;0.00276243;0.00828729;0.00552486;0.24309392;0.50552486;0.22651934;0.00000000;0.00552486
HK97-like,53,259,2195,0.8400341685649202,0.0418200529405853,0.00000000;0.00000000;0.00000000;0.00000000;0.00000000;0.00000000;0.00000000;0.00000000;0.00091116;0.00045558;0.00000000;0.00000000;0.00227790;0.00592255;0.00728929;0.09931663;0.44646925;0.42779043;0.00455581;0.00501139
HK97-like,53,297,1070,0.92196261682243,0.0195182278734639,0.00000000;0.00000000;0.00000000;0.00000000;0.00000000;0.00000000;0.00000000;0.00000000;0.00000000;0.00000000;0.00000000;0.00000000;0.00000000;0.00000000;0.00280374;0.00373832;0.00654206;0.03831776;0.93551402;0.01308411
HK97-like,53,301,358,0.9287709497206704,0.0252035965486336,0.00000000;0.00000000;0.00000000;0.00000000;0.00000000;0.00000000;0.00000000;0.00000000;0.00000000;0.00000000;0.00000000;0.00000000;0.00000000;0.00000000;0.00279330;0.00558659;0.00558659;0.01396648;0.84357542;0.12849162
HK97-like,53,302,1071,0.929435107376284,0.0240880977223031,0.00000000;0.00000000;0.00000000;0.00000000;0.00000000;0.00000000;0.00000000;0.00000000;0.00000000;0.00000000;0.00000000;0.00000000;0.00000000;0.00000000;0.00280112;0.00373483;0.00280112;0.01680672;0.84033613;0.13352007
HK97-like,53,313,1781,0.93328186412128,0.0246860409947608,0.00000000;0.00000000;0.00000000;0.00000000;0.00000000;0.00000000;0.00000000;0.00000000;0.00000000;0.00000000;0.00000000;0.00000000;0.00000000;0.00000000;0.00280741;0.00056148;0.00280741;0.01291409;0.78382931;0.19708029
HK97-like,53,321,1068,0.9423220973782772,0.0277012756521168,0.00000000;0.00000000;0.00000000;0.00000000;0.00000000;0.00000000;0.00000000;0.00000000;0.00000000;0.00000000;0.00000000;0.00000000;0.00000000;0.00000000;0.00280899;0.00000000;0.00093633;0.00936330;0.61797753;0.36891386
HK97-like,53,340,375,0.0336666666666666,0.0706981062138316,0.94666667;0.04000000;0.00533333;0.00000000;0.00000000;0.00000000;0.00000000;0.00000000;0.00000000;0.00000000;0.00000000;0.00266667;0.00000000;0.00000000;0.00000000;0.00000000;0.00266667;0.00000000;0.00000000;0.00266667
HK97-like,54,10,159,0.0265723270440251,0.0087260609594412,0.96855346;0.03144654;0.00000000;0.00000000;0.00000000;0.00000000;0.00000000;0.00000000;0.00000000;0.00000000;0.00000000;0.00000000;0.00000000;0.00000000;0.00000000;0.00000000;0.00000000;0.00000000;0.00000000;0.00000000
HK97-like,54,91,301,0.2773255813953489,0.0161360590625659,0.00000000;0.00000000;0.00000000;0.00664452;0.00996678;0.91362126;0.06976744;0.00000000;0.00000000;0.00000000;0.00000000;0.00000000;0.00000000;0.00000000;0.00000000;0.00000000;0.00000000;0.00000000;0.00000000;0.00000000
HK97-like,54,98,603,0.3511194029850746,0.0438813303037747,0.00000000;0.00000000;0.00000000;0.00000000;0.00331675;0.22388060;0.04643449;0.69983416;0.02653400;0.00000000;0.00000000;0.00000000;0.00000000;0.00000000;0.00000000;0.00000000;0.00000000;0.00000000;0.00000000;0.00000000
HK97-like,54,105,302,0.380794701986755,0.0220894682528268,0.00000000;0.00000000;0.00000000;0.00000000;0.00000000;0.01324503;0.00662252;0.83112583;0.14900662;0.00000000;0.00000000;0.00000000;0.00000000;0.00000000;0.00000000;0.00000000;0.00000000;0.00000000;0.00000000;0.00000000
HK97-like,54,109,151,0.3809602649006622,0.0222323315650258,0.00000000;0.00000000;0.00000000;0.00000000;0.00000000;0.01324503;0.00662252;0.82781457;0.15231788;0.00000000;0.00000000;0.00000000;0.00000000;0.00000000;0.00000000;0.00000000;0.00000000;0.00000000;0.00000000;0.00000000
HK97-like,54,111,302,0.383112582781457,0.0242520001349946,0.00000000;0.00000000;0.00000000;0.00000000;0.00000000;0.01324503;0.00662252;0.78807947;0.18874172;0.00331126;0.00000000;0.00000000;0.00000000;0.00000000;0.00000000;0.00000000;0.00000000;0.00000000;0.00000000;0.00000000
HK97-like,54,114,151,0.398841059602649,0.0280930555665038,0.00000000;0.00000000;0.00000000;0.00000000;0.00000000;0.00662252;0.00662252;0.49668874;0.48344371;0.00662252;0.00000000;0.00000000;0.00000000;0.00000000;0.00000000;0.00000000;0.00000000;0.00000000;0.00000000;0.00000000
HK97-like,54,115,302,0.4062913907284768,0.0274040383266576,0.00000000;0.00000000;0.00000000;0.00000000;0.00000000;0.00662252;0.00662252;0.34768212;0.63245033;0.00662252;0.00000000;0.00000000;0.00000000;0.00000000;0.00000000;0.00000000;0.00000000;0.00000000;0.00000000;0.00000000
HK97-like,54,118,151,0.4150662251655629,0.0223012691926923,0.00000000;0.00000000;0.00000000;0.00000000;0.00000000;0.00000000;0.01324503;0.17880795;0.80132450;0.00662252;0.00000000;0.00000000;0.00000000;0.00000000;0.00000000;0.00000000;0.00000000;0.00000000;0.00000000;0.00000000
HK97-like,54,119,151,0.4206953642384106,0.0172058027241941,0.00000000;0.00000000;0.00000000;0.00000000;0.00000000;0.00000000;0.01324503;0.06622517;0.91390728;0.00662252;0.00000000;0.00000000;0.00000000;0.00000000;0.00000000;0.00000000;0.00000000;0.00000000;0.00000000;0.00000000
HK97-like,54,121,302,0.4236754966887417,0.0162217863760475,0.00000000;0.00000000;0.00000000;0.00000000;0.00000000;0.00000000;0.01324503;0.02649007;0.93377483;0.02649007;0.00000000;0.00000000;0.00000000;0.00000000;0.00000000;0.00000000;0.00000000;0.00000000;0.00000000;0.00000000
HK97-like,54,123,151,0.4230132450331125,0.0161540541955635,0.00000000;0.00000000;0.00000000;0.00000000;0.00000000;0.00000000;0.01324503;0.03311258;0.93377483;0.01986755;0.00000000;0.00000000;0.00000000;0.00000000;0.00000000;0.00000000;0.00000000;0.00000000;0.00000000;0.00000000
HK97-like,54,125,151,0.4253311258278145,0.0167734107839919,0.00000000;0.00000000;0.00000000;0.00000000;0.00000000;0.00000000;0.01324503;0.01324503;0.92715232;0.04635762;0.00000000;0.00000000;0.00000000;0.00000000;0.00000000;0.00000000;0.00000000;0.00000000;0.00000000;0.00000000
HK97-like,54,128,151,0.4236754966887417,0.0162217863760475,0.00000000;0.00000000;0.00000000;0.00000000;0.00000000;0.00000000;0.01324503;0.02649007;0.93377483;0.02649007;0.00000000;0.00000000;0.00000000;0.00000000;0.00000000;0.00000000;0.00000000;0.00000000;0.00000000;0.00000000
HK97-like,54,129,151,0.4240066225165563,0.0157276054132952,0.00000000;0.00000000;0.00000000;0.00000000;0.00000000;0.00000000;0.01324503;0.01986755;0.94039735;0.02649007;0.00000000;0.00000000;0.00000000;0.00000000;0.00000000;0.00000000;0.00000000;0.00000000;0.00000000;0.00000000
HK97-like,54,131,151,0.4286423841059603,0.0208267353556508,0.00000000;0.00000000;0.00000000;0.00000000;0.00000000;0.00000000;0.01324503;0.01324503;0.86092715;0.11258278;0.00000000;0.00000000;0.00000000;0.00000000;0.00000000;0.00000000;0.00000000;0.00000000;0.00000000;0.00000000
HK97-like,54,160,604,0.5995860927152318,0.0302417555723434,0.00000000;0.00000000;0.00000000;0.00000000;0.00000000;0.00000000;0.00000000;0.00000000;0.00165563;0.01158940;0.00331126;0.47019868;0.50331126;0.00993377;0.00000000;0.00000000;0.00000000;0.00000000;0.00000000;0.00000000
HK97-like,54,163,755,0.5998344370860927,0.0298307433895502,0.00000000;0.00000000;0.00000000;0.00000000;0.00000000;0.00000000;0.00000000;0.00000000;0.00132450;0.01192053;0.00397351;0.45960265;0.51788079;0.00529801;0.00000000;0.00000000;0.00000000;0.00000000;0.00000000;0.00000000
HK97-like,54,166,1336,0.6233158682634731,0.0307553449859403,0.00000000;0.00000000;0.00000000;0.00000000;0.00000000;0.00000000;0.00000000;0.00000000;0.00000000;0.01571856;0.00598802;0.09431138;0.76422156;0.11976048;0.00000000;0.00000000;0.00000000;0.00000000;0.00000000;0.00000000
HK97-like,54,169,152,0.619407894736842,0.0247017353063871,0.00000000;0.00000000;0.00000000;0.00000000;0.00000000;0.00000000;0.00000000;0.00000000;0.00000000;0.01315789;0.00000000;0.10526316;0.84868421;0.03289474;0.00000000;0.00000000;0.00000000;0.00000000;0.00000000;0.00000000
HK97-like,54,171,302,0.6427152317880795,0.0300509231124962,0.00000000;0.00000000;0.00000000;0.00000000;0.00000000;0.00000000;0.00000000;0.00000000;0.00000000;0.00662252;0.00662252;0.00662252;0.58609272;0.39403974;0.00000000;0.00000000;0.00000000;0.00000000;0.00000000;0.00000000
HK97-like,54,172,302,0.6456953642384107,0.0297981050505301,0.00000000;0.00000000;0.00000000;0.00000000;0.00000000;0.00000000;0.00000000;0.00000000;0.00000000;0.00331126;0.00993377;0.00662252;0.52980132;0.45033113;0.00000000;0.00000000;0.00000000;0.00000000;0.00000000;0.00000000
HK97-like,54,173,151,0.6478476821192053,0.0291917044245486,0.00000000;0.00000000;0.00000000;0.00000000;0.00000000;0.00000000;0.00000000;0.00000000;0.00000000;0.00000000;0.01324503;0.00662252;0.49006623;0.49006623;0.00000000;0.00000000;0.00000000;0.00000000;0.00000000;0.00000000
HK97-like,54,175,151,0.6518211920529802,0.0292142317882288,0.00000000;0.00000000;0.00000000;0.00000000;0.00000000;0.00000000;0.00000000;0.00000000;0.00000000;0.00000000;0.01324503;0.00662252;0.41059603;0.56953642;0.00000000;0.00000000;0.00000000;0.00000000;0.00000000;0.00000000
HK97-like,54,178,302,0.6577814569536424,0.0285095299599895,0.00000000;0.00000000;0.00000000;0.00000000;0.00000000;0.00000000;0.00000000;0.00000000;0.00000000;0.00000000;0.01324503;0.00331126;0.30463576;0.67218543;0.00662252;0.00000000;0.00000000;0.00000000;0.00000000;0.00000000
HK97-like,54,179,302,0.6658940397350993,0.0262097126524295,0.00000000;0.00000000;0.00000000;0.00000000;0.00000000;0.00000000;0.00000000;0.00000000;0.00000000;0.00000000;0.01324503;0.00000000;0.16556291;0.79801325;0.02317881;0.00000000;0.00000000;0.00000000;0.00000000;0.00000000
HK97-like,54,180,302,0.6710264900662252,0.0244293675780431,0.00000000;0.00000000;0.00000000;0.00000000;0.00000000;0.00000000;0.00000000;0.00000000;0.00000000;0.00000000;0.01324503;0.00000000;0.08278146;0.86092715;0.04304636;0.00000000;0.00000000;0.00000000;0.00000000;0.00000000
HK97-like,54,185,908,0.6951541850220265,0.032365928373677,0.00000000;0.00000000;0.00000000;0.00000000;0.00000000;0.00000000;0.00000000;0.00000000;0.00000000;0.00000000;0.00770925;0.00550661;0.00660793;0.54955947;0.42400881;0.00000000;0.00660793;0.00000000;0.00000000;0.00000000
HK97-like,54,189,453,0.6833885209713024,0.0283124954008953,0.00000000;0.00000000;0.00000000;0.00000000;0.00000000;0.00000000;0.00000000;0.00000000;0.00000000;0.00000000;0.01324503;0.00000000;0.01103753;0.75717439;0.21854305;0.00000000;0.00000000;0.00000000;0.00000000;0.00000000
HK97-like,54,209,728,0.7738324175824176,0.0253141675938293,0.00000000;0.00000000;0.00000000;0.00000000;0.00000000;0.00000000;0.00000000;0.00000000;0.00000000;0.00000000;0.00000000;0.00686813;0.00686813;0.00274725;0.01373626;0.93406593;0.02747253;0.00824176;0.00000000;0.00000000
HK97-like,54,213,152,0.7851973684210526,0.0294348163596687,0.00000000;0.00000000;0.00000000;0.00000000;0.00000000;0.00000000;0.00000000;0.00000000;0.00000000;0.00000000;0.00000000;0.00000000;0.01315789;0.00000000;0.00657895;0.73684211;0.23684211;0.00657895;0.00000000;0.00000000
HK97-like,54,216,305,0.783688524590164,0.0288850412154784,0.00000000;0.00000000;0.00000000;0.00000000;0.00000000;0.00000000;0.00000000;0.00000000;0.00000000;0.00000000;0.00000000;0.00000000;0.01311475;0.00000000;0.00983607;0.76065574;0.20983607;0.00655738;0.00000000;0.00000000
HK97-like,54,224,455,0.7945604395604395,0.0325107619683517,0.00000000;0.00000000;0.00000000;0.00000000;0.00000000;0.00000000;0.00000000;0.00000000;0.00000000;0.00000000;0.00000000;0.00000000;0.01318681;0.00000000;0.00659341;0.54945055;0.42417582;0.00659341;0.00000000;0.00000000
HK97-like,54,229,1842,0.8168295331161781,0.0257307371146628,0.00000000;0.00000000;0.00000000;0.00000000;0.00000000;0.00000000;0.00000000;0.00000000;0.00000000;0.00000000;0.00000000;0.00000000;0.00868621;0.00000000;0.00542888;0.12432139;0.85504886;0.00651466;0.00000000;0.00000000
HK97-like,54,248,302,0.8269867549668873,0.0127128170996374,0.00000000;0.00000000;0.00000000;0.00000000;0.00000000;0.00000000;0.00000000;0.00000000;0.00000000;0.00000000;0.00000000;0.00000000;0.00000000;0.00000000;0.00000000;0.01324503;0.93377483;0.05298013;0.00000000;0.00000000
HK97-like,54,252,302,0.8324503311258277,0.0195763706536688,0.00000000;0.00000000;0.00000000;0.00000000;0.00000000;0.00000000;0.00000000;0.00000000;0.00000000;0.00000000;0.00000000;0.00000000;0.00000000;0.00000000;0.00000000;0.01324503;0.82450331;0.16225166;0.00000000;0.00000000
HK97-like,54,259,453,0.8554635761589404,0.0250651534672524,0.00000000;0.00000000;0.00000000;0.00000000;0.00000000;0.00000000;0.00000000;0.00000000;0.00000000;0.00000000;0.00000000;0.00000000;0.00000000;0.00000000;0.00000000;0.00662252;0.37748344;0.61589404;0.00000000;0.00000000
HK97-like,54,297,302,0.9245033112582782,0.0086172276024325,0.00000000;0.00000000;0.00000000;0.00000000;0.00000000;0.00000000;0.00000000;0.00000000;0.00000000;0.00000000;0.00000000;0.00000000;0.00000000;0.00000000;0.00000000;0.00000000;0.00662252;0.00000000;0.99006623;0.00331126
HK97-like,54,301,151,0.925,0.0057543533764843,0.00000000;0.00000000;0.00000000;0.00000000;0.00000000;0.00000000;0.00000000;0.00000000;0.00000000;0.00000000;0.00000000;0.00000000;0.00000000;0.00000000;0.00000000;0.00000000;0.00000000;0.00662252;0.98675497;0.00662252
HK97-like,54,302,454,0.9251101321585904,0.0070389873045263,0.00000000;0.00000000;0.00000000;0.00000000;0.00000000;0.00000000;0.00000000;0.00000000;0.00000000;0.00000000;0.00000000;0.00000000;0.00000000;0.00000000;0.00000000;0.00000000;0.00000000;0.00881057;0.98017621;0.01101322
HK97-like,54,313,755,0.9421523178807948,0.0244238913389607,0.00000000;0.00000000;0.00000000;0.00000000;0.00000000;0.00000000;0.00000000;0.00000000;0.00000000;0.00000000;0.00000000;0.00000000;0.00000000;0.00000000;0.00000000;0.00000000;0.00000000;0.00662252;0.64370861;0.34966887
HK97-like,54,321,453,0.972130242825607,0.0129755514434309,0.00000000;0.00000000;0.00000000;0.00000000;0.00000000;0.00000000;0.00000000;0.00000000;0.00000000;0.00000000;0.00000000;0.00000000;0.00000000;0.00000000;0.00000000;0.00000000;0.00000000;0.00662252;0.04415011;0.94922737
HK97-like,54,340,163,0.0265337423312883,0.008621760320586,0.96932515;0.03067485;0.00000000;0.00000000;0.00000000;0.00000000;0.00000000;0.00000000;0.00000000;0.00000000;0.00000000;0.00000000;0.00000000;0.00000000;0.00000000;0.00000000;0.00000000;0.00000000;0.00000000;0.00000000
HK97-like,55,10,174,0.0264367816091954,0.0099252391029715,0.97701149;0.01724138;0.00574713;0.00000000;0.00000000;0.00000000;0.00000000;0.00000000;0.00000000;0.00000000;0.00000000;0.00000000;0.00000000;0.00000000;0.00000000;0.00000000;0.00000000;0.00000000;0.00000000;0.00000000
HK97-like,55,91,688,0.2263081395348837,0.0158949437266557,0.00000000;0.00000000;0.00000000;0.02325581;0.94040698;0.02470930;0.01017442;0.00145349;0.00000000;0.00000000;0.00000000;0.00000000;0.00000000;0.00000000;0.00000000;0.00000000;0.00000000;0.00000000;0.00000000;0.00000000
HK97-like,55,98,2268,0.2542328042328042,0.0293361671863831,0.00000000;0.00000000;0.00000000;0.00749559;0.43474427;0.53218695;0.01675485;0.00881834;0.00000000;0.00000000;0.00000000;0.00000000;0.00000000;0.00000000;0.00000000;0.00000000;0.00000000;0.00000000;0.00000000;0.00000000
HK97-like,55,105,344,0.2765988372093023,0.0158683390653977,0.00000000;0.00000000;0.00000000;0.00000000;0.02325581;0.93313953;0.03197674;0.01162791;0.00000000;0.00000000;0.00000000;0.00000000;0.00000000;0.00000000;0.00000000;0.00000000;0.00000000;0.00000000;0.00000000;0.00000000
HK97-like,55,109,345,0.2765942028985508,0.0158455579114163,0.00000000;0.00000000;0.00000000;0.00000000;0.02318841;0.93333333;0.03188406;0.01159420;0.00000000;0.00000000;0.00000000;0.00000000;0.00000000;0.00000000;0.00000000;0.00000000;0.00000000;0.00000000;0.00000000;0.00000000
HK97-like,55,111,344,0.2776162790697675,0.0172739006008669,0.00000000;0.00000000;0.00000000;0.00000000;0.02325581;0.91279070;0.05232558;0.01162791;0.00000000;0.00000000;0.00000000;0.00000000;0.00000000;0.00000000;0.00000000;0.00000000;0.00000000;0.00000000;0.00000000;0.00000000
HK97-like,55,114,172,0.2845930232558139,0.0224478091886836,0.00000000;0.00000000;0.00000000;0.00000000;0.01162791;0.79651163;0.18023256;0.01162791;0.00000000;0.00000000;0.00000000;0.00000000;0.00000000;0.00000000;0.00000000;0.00000000;0.00000000;0.00000000;0.00000000;0.00000000
HK97-like,55,115,172,0.2886627906976744,0.0259014727358585,0.00000000;0.00000000;0.00000000;0.00000000;0.01162791;0.72093023;0.25581395;0.00581395;0.00581395;0.00000000;0.00000000;0.00000000;0.00000000;0.00000000;0.00000000;0.00000000;0.00000000;0.00000000;0.00000000;0.00000000
HK97-like,55,118,516,0.2862403100775194,0.0248953702597283,0.00000000;0.00000000;0.00000000;0.00000000;0.01744186;0.75775194;0.20930233;0.01356589;0.00193798;0.00000000;0.00000000;0.00000000;0.00000000;0.00000000;0.00000000;0.00000000;0.00000000;0.00000000;0.00000000;0.00000000
HK97-like,55,119,172,0.3058139534883721,0.0281901812148852,0.00000000;0.00000000;0.00000000;0.00000000;0.00581395;0.40116279;0.56976744;0.01744186;0.00581395;0.00000000;0.00000000;0.00000000;0.00000000;0.00000000;0.00000000;0.00000000;0.00000000;0.00000000;0.00000000;0.00000000
HK97-like,55,121,344,0.3162790697674418,0.0246390931400198,0.00000000;0.00000000;0.00000000;0.00000000;0.00290698;0.20639535;0.76162791;0.02034884;0.00872093;0.00000000;0.00000000;0.00000000;0.00000000;0.00000000;0.00000000;0.00000000;0.00000000;0.00000000;0.00000000;0.00000000
HK97-like,55,123,172,0.3127906976744186,0.0274243637559784,0.00000000;0.00000000;0.00000000;0.00000000;0.00581395;0.27325581;0.69186047;0.01744186;0.01162791;0.00000000;0.00000000;0.00000000;0.00000000;0.00000000;0.00000000;0.00000000;0.00000000;0.00000000;0.00000000;0.00000000
HK97-like,55,125,172,0.3247093023255814,0.0174684874274111,0.00000000;0.00000000;0.00000000;0.00000000;0.00000000;0.05232558;0.91279070;0.02325581;0.01162791;0.00000000;0.00000000;0.00000000;0.00000000;0.00000000;0.00000000;0.00000000;0.00000000;0.00000000;0.00000000;0.00000000
HK97-like,55,128,344,0.3212209302325581,0.0215724313530836,0.00000000;0.00000000;0.00000000;0.00000000;0.00290698;0.11337209;0.85174419;0.02034884;0.01162791;0.00000000;0.00000000;0.00000000;0.00000000;0.00000000;0.00000000;0.00000000;0.00000000;0.00000000;0.00000000;0.00000000
HK97-like,55,129,516,0.3246124031007752,0.0186731619696835,0.00000000;0.00000000;0.00000000;0.00000000;0.00193798;0.05620155;0.90116279;0.02906977;0.01162791;0.00000000;0.00000000;0.00000000;0.00000000;0.00000000;0.00000000;0.00000000;0.00000000;0.00000000;0.00000000;0.00000000
HK97-like,55,131,172,0.3258720930232558,0.0156949825426663,0.00000000;0.00000000;0.00000000;0.00000000;0.00000000;0.02906977;0.93604651;0.02325581;0.01162791;0.00000000;0.00000000;0.00000000;0.00000000;0.00000000;0.00000000;0.00000000;0.00000000;0.00000000;0.00000000;0.00000000
HK97-like,55,160,688,0.3876453488372092,0.0248538011550558,0.00000000;0.00000000;0.00000000;0.00000000;0.00000000;0.00000000;0.01162791;0.74127907;0.22965116;0.01744186;0.00000000;0.00000000;0.00000000;0.00000000;0.00000000;0.00000000;0.00000000;0.00000000;0.00000000;0.00000000
HK97-like,55,163,1032,0.3896317829457364,0.0259333537130391,0.00000000;0.00000000;0.00000000;0.00000000;0.00000000;0.00000000;0.01356589;0.69767442;0.27131783;0.01744186;0.00000000;0.00000000;0.00000000;0.00000000;0.00000000;0.00000000;0.00000000;0.00000000;0.00000000;0.00000000
HK97-like,55,166,1629,0.4198741559238796,0.0226362487099005,0.00000000;0.00000000;0.00000000;0.00000000;0.00000000;0.00000000;0.00000000;0.14917127;0.81399632;0.02701044;0.00982198;0.00000000;0.00000000;0.00000000;0.00000000;0.00000000;0.00000000;0.00000000;0.00000000;0.00000000
HK97-like,55,169,172,0.4084302325581395,0.0253207519900429,0.00000000;0.00000000;0.00000000;0.00000000;0.00000000;0.00000000;0.00000000;0.34883721;0.63372093;0.01744186;0.00000000;0.00000000;0.00000000;0.00000000;0.00000000;0.00000000;0.00000000;0.00000000;0.00000000;0.00000000
HK97-like,55,171,172,0.4311046511627907,0.0196021647296316,0.00000000;0.00000000;0.00000000;0.00000000;0.00000000;0.00000000;0.00000000;0.01162791;0.86627907;0.11046512;0.01162791;0.00000000;0.00000000;0.00000000;0.00000000;0.00000000;0.00000000;0.00000000;0.00000000;0.00000000
HK97-like,55,172,344,0.4325581395348837,0.0215900518925897,0.00000000;0.00000000;0.00000000;0.00000000;0.00000000;0.00000000;0.00000000;0.01162791;0.84302326;0.12790698;0.01744186;0.00000000;0.00000000;0.00000000;0.00000000;0.00000000;0.00000000;0.00000000;0.00000000;0.00000000
HK97-like,55,173,172,0.4354651162790697,0.0236449993112357,0.00000000;0.00000000;0.00000000;0.00000000;0.00000000;0.00000000;0.00000000;0.01162791;0.78488372;0.18604651;0.01744186;0.00000000;0.00000000;0.00000000;0.00000000;0.00000000;0.00000000;0.00000000;0.00000000;0.00000000
HK97-like,55,175,172,0.4389534883720929,0.0248848076267822,0.00000000;0.00000000;0.00000000;0.00000000;0.00000000;0.00000000;0.00000000;0.00581395;0.72674419;0.25000000;0.01744186;0.00000000;0.00000000;0.00000000;0.00000000;0.00000000;0.00000000;0.00000000;0.00000000;0.00000000
HK97-like,55,178,344,0.4438953488372093,0.0265332301830757,0.00000000;0.00000000;0.00000000;0.00000000;0.00000000;0.00000000;0.00000000;0.00581395;0.62790698;0.34883721;0.01744186;0.00000000;0.00000000;0.00000000;0.00000000;0.00000000;0.00000000;0.00000000;0.00000000;0.00000000
HK97-like,55,179,344,0.4530523255813953,0.0267848370275361,0.00000000;0.00000000;0.00000000;0.00000000;0.00000000;0.00000000;0.00000000;0.00290698;0.45058140;0.52906977;0.01744186;0.00000000;0.00000000;0.00000000;0.00000000;0.00000000;0.00000000;0.00000000;0.00000000;0.00000000
HK97-like,55,180,344,0.4593023255813953,0.0250135171677894,0.00000000;0.00000000;0.00000000;0.00000000;0.00000000;0.00000000;0.00000000;0.00000000;0.33139535;0.65116279;0.01744186;0.00000000;0.00000000;0.00000000;0.00000000;0.00000000;0.00000000;0.00000000;0.00000000;0.00000000
HK97-like,55,185,4004,0.5029595404595405,0.0288058602337234,0.00000000;0.00000000;0.00000000;0.00000000;0.00000000;0.00000000;0.00000000;0.00000000;0.01048951;0.45004995;0.51123876;0.02622378;0.00199800;0.00000000;0.00000000;0.00000000;0.00000000;0.00000000;0.00000000;0.00000000
HK97-like,55,189,516,0.4713178294573643,0.0200775567926382,0.00000000;0.00000000;0.00000000;0.00000000;0.00000000;0.00000000;0.00000000;0.00000000;0.11240310;0.85658915;0.02325581;0.00775194;0.00000000;0.00000000;0.00000000;0.00000000;0.00000000;0.00000000;0.00000000;0.00000000
HK97-like,55,209,859,0.5363504074505239,0.0236838295128294,0.00000000;0.00000000;0.00000000;0.00000000;0.00000000;0.00000000;0.00000000;0.00000000;0.00000000;0.01047730;0.76600698;0.20954598;0.01396973;0.00000000;0.00000000;0.00000000;0.00000000;0.00000000;0.00000000;0.00000000
HK97-like,55,213,173,0.5481213872832369,0.0266115767396926,0.00000000;0.00000000;0.00000000;0.00000000;0.00000000;0.00000000;0.00000000;0.00000000;0.00000000;0.00000000;0.55491329;0.42774566;0.01734104;0.00000000;0.00000000;0.00000000;0.00000000;0.00000000;0.00000000;0.00000000
HK97-like,55,216,342,0.5495614035087718,0.02669320009597,0.00000000;0.00000000;0.00000000;0.00000000;0.00000000;0.00000000;0.00000000;0.00000000;0.00000000;0.00000000;0.52631579;0.45614035;0.01754386;0.00000000;0.00000000;0.00000000;0.00000000;0.00000000;0.00000000;0.00000000
HK97-like,55,224,687,0.5624818049490538,0.0235911167551529,0.00000000;0.00000000;0.00000000;0.00000000;0.00000000;0.00000000;0.00000000;0.00000000;0.00000000;0.00000000;0.26783115;0.71470160;0.01746725;0.00000000;0.00000000;0.00000000;0.00000000;0.00000000;0.00000000;0.00000000
HK97-like,55,229,1206,0.6683665008291874,0.1151534127293319,0.00000000;0.00000000;0.00000000;0.00000000;0.00000000;0.00000000;0.00000000;0.00000000;0.00000000;0.00000000;0.06218905;0.49751244;0.01409619;0.00000000;0.00000000;0.21558872;0.21061360;0.00000000;0.00000000;0.00000000
HK97-like,55,248,344,0.8170058139534884,0.0183249090524165,0.00000000;0.00000000;0.00000000;0.00000000;0.00000000;0.00000000;0.00000000;0.00000000;0.00000000;0.00000000;0.00000000;0.00000000;0.00000000;0.00000000;0.00000000;0.15988372;0.84011628;0.00000000;0.00000000;0.00000000
HK97-like,55,252,344,0.8229651162790698,0.0098794450395153,0.00000000;0.00000000;0.00000000;0.00000000;0.00000000;0.00000000;0.00000000;0.00000000;0.00000000;0.00000000;0.00000000;0.00000000;0.00000000;0.00000000;0.00000000;0.04069767;0.95930233;0.00000000;0.00000000;0.00000000
HK97-like,55,259,1032,0.8249515503875968,0.004117647019372,0.00000000;0.00000000;0.00000000;0.00000000;0.00000000;0.00000000;0.00000000;0.00000000;0.00000000;0.00000000;0.00000000;0.00000000;0.00000000;0.00000000;0.00000000;0.00387597;0.99321705;0.00290698;0.00000000;0.00000000
HK97-like,55,297,517,0.925,0.0,0.00000000;0.00000000;0.00000000;0.00000000;0.00000000;0.00000000;0.00000000;0.00000000;0.00000000;0.00000000;0.00000000;0.00000000;0.00000000;0.00000000;0.00000000;0.00000000;0.00000000;0.00000000;1.00000000;0.00000000
HK97-like,55,301,172,0.925,0.0,0.00000000;0.00000000;0.00000000;0.00000000;0.00000000;0.00000000;0.00000000;0.00000000;0.00000000;0.00000000;0.00000000;0.00000000;0.00000000;0.00000000;0.00000000;0.00000000;0.00000000;0.00000000;1.00000000;0.00000000
HK97-like,55,302,516,0.9306201550387598,0.0157930873890537,0.00000000;0.00000000;0.00000000;0.00000000;0.00000000;0.00000000;0.00000000;0.00000000;0.00000000;0.00000000;0.00000000;0.00000000;0.00000000;0.00000000;0.00000000;0.00000000;0.00000000;0.00000000;0.88759690;0.11240310
HK97-like,55,313,860,0.959593023255814,0.023086227600312,0.00000000;0.00000000;0.00000000;0.00000000;0.00000000;0.00000000;0.00000000;0.00000000;0.00000000;0.00000000;0.00000000;0.00000000;0.00000000;0.00000000;0.00000000;0.00000000;0.00000000;0.00000000;0.30813953;0.69186047
HK97-like,55,321,516,0.9748062015503876,0.0031068254926126,0.00000000;0.00000000;0.00000000;0.00000000;0.00000000;0.00000000;0.00000000;0.00000000;0.00000000;0.00000000;0.00000000;0.00000000;0.00000000;0.00000000;0.00000000;0.00000000;0.00000000;0.00000000;0.00387597;0.99612403
HK97-like,55,340,171,0.0282163742690058,0.0144552129757991,0.94736842;0.04093567;0.01169591;0.00000000;0.00000000;0.00000000;0.00000000;0.00000000;0.00000000;0.00000000;0.00000000;0.00000000;0.00000000;0.00000000;0.00000000;0.00000000;0.00000000;0.00000000;0.00000000;0.00000000
HK97-like,56,10,589,0.0259337860780984,0.0067688512662986,0.98132428;0.01867572;0.00000000;0.00000000;0.00000000;0.00000000;0.00000000;0.00000000;0.00000000;0.00000000;0.00000000;0.00000000;0.00000000;0.00000000;0.00000000;0.00000000;0.00000000;0.00000000;0.00000000;0.00000000
HK97-like,56,91,2221,0.5162201710941018,0.0406985012470091,0.00000000;0.00000000;0.00000000;0.00000000;0.00000000;0.00000000;0.00000000;0.00000000;0.01891040;0.26654660;0.61773976;0.08824854;0.00315173;0.00180099;0.00000000;0.00000000;0.00000000;0.00180099;0.00000000;0.00180099
HK97-like,56,98,6641,0.5345241680469808,0.0377026150459392,0.00000000;0.00000000;0.00000000;0.00000000;0.00000000;0.00000000;0.00000000;0.00000000;0.00511971;0.11293480;0.60412588;0.25794308;0.01430507;0.00225870;0.00135522;0.00000000;0.00000000;0.00090348;0.00090348;0.00015058
HK97-like,56,105,1108,0.559927797833935,0.0364648862282804,0.00000000;0.00000000;0.00000000;0.00000000;0.00000000;0.00000000;0.00000000;0.00000000;0.00000000;0.02256318;0.33844765;0.57581227;0.05776173;0.00090253;0.00180505;0.00090253;0.00000000;0.00000000;0.00090253;0.00090253
HK97-like,56,109,1108,0.5566787003610107,0.0359009570346037,0.00000000;0.00000000;0.00000000;0.00000000;0.00000000;0.00000000;0.00000000;0.00000000;0.00090253;0.02707581;0.37454874;0.54963899;0.04241877;0.00090253;0.00270758;0.00000000;0.00000000;0.00000000;0.00180505;0.00000000
HK97-like,56,111,1109,0.5618800721370604,0.0392284131030623,0.00000000;0.00090171;0.00000000;0.00000000;0.00000000;0.00000000;0.00000000;0.00000000;0.00000000;0.01983769;0.30838593;0.59513075;0.07033363;0.00090171;0.00180343;0.00090171;0.00000000;0.00000000;0.00090171;0.00090171
HK97-like,56,114,554,0.5715703971119134,0.0362622755142871,0.00000000;0.00000000;0.00000000;0.00000000;0.00000000;0.00000000;0.00000000;0.00000000;0.00000000;0.00902527;0.20216606;0.66245487;0.11732852;0.00361011;0.00180505;0.00180505;0.00000000;0.00000000;0.00000000;0.00180505
HK97-like,56,115,553,0.5740054249547919,0.0363813681555552,0.00000000;0.00000000;0.00000000;0.00000000;0.00000000;0.00000000;0.00000000;0.00000000;0.00000000;0.00904159;0.17721519;0.66365280;0.14104882;0.00361664;0.00180832;0.00180832;0.00000000;0.00000000;0.00000000;0.00180832
HK97-like,56,118,1662,0.5685920577617328,0.0366649333511309,0.00000000;0.00000000;0.00000000;0.00000000;0.00000000;0.00000000;0.00000000;0.00000000;0.00000000;0.01444043;0.23586041;0.63537906;0.10649819;0.00300842;0.00180505;0.00120337;0.00000000;0.00000000;0.00060168;0.00120337
HK97-like,56,119,554,0.5796931407942238,0.0359953324775798,0.00000000;0.00000000;0.00000000;0.00000000;0.00000000;0.00000000;0.00000000;0.00000000;0.00000000;0.00541516;0.12996390;0.65523466;0.20036101;0.00361011;0.00180505;0.00180505;0.00000000;0.00000000;0.00000000;0.00180505
HK97-like,56,121,1110,0.5863963963963964,0.0426945529532621,0.00000000;0.00180180;0.00000000;0.00000000;0.00090090;0.00000000;0.00000000;0.00000000;0.00000000;0.00450450;0.08378378;0.59279279;0.29819820;0.01351351;0.00180180;0.00180180;0.00000000;0.00000000;0.00000000;0.00090090
HK97-like,56,123,555,0.5851801801801803,0.0404920631080006,0.00000000;0.00000000;0.00000000;0.00180180;0.00000000;0.00000000;0.00000000;0.00000000;0.00000000;0.00360360;0.09009009;0.62522523;0.25945946;0.01441441;0.00180180;0.00180180;0.00000000;0.00000000;0.00000000;0.00180180
HK97-like,56,125,553,0.5967902350813743,0.0327996732680502,0.00000000;0.00000000;0.00000000;0.00000000;0.00000000;0.00000000;0.00000000;0.00000000;0.00000000;0.00361664;0.04339964;0.49728752;0.43037975;0.02169982;0.00180832;0.00180832;0.00000000;0.00000000;0.00000000;0.00000000
HK97-like,56,128,1108,0.5936371841155235,0.0376742898957181,0.00000000;0.00000000;0.00000000;0.00000000;0.00090253;0.00000000;0.00000000;0.00000000;0.00000000;0.00361011;0.06046931;0.52797834;0.37996390;0.02256318;0.00090253;0.00180505;0.00090253;0.00000000;0.00000000;0.00090253
HK97-like,56,129,1361,0.6003122703894196,0.0374174799635387,0.00000000;0.00000000;0.00000000;0.00000000;0.00073475;0.00000000;0.00000000;0.00000000;0.00000000;0.00220426;0.04555474;0.44452608;0.46509919;0.03673769;0.00146951;0.00220426;0.00073475;0.00000000;0.00000000;0.00073475
HK97-like,56,131,555,0.6040090090090089,0.0355891205907555,0.00000000;0.00000000;0.00000000;0.00000000;0.00000000;0.00180180;0.00000000;0.00000000;0.00000000;0.00180180;0.02522523;0.39819820;0.53513514;0.03423423;0.00000000;0.00180180;0.00180180;0.00000000;0.00000000;0.00000000
HK97-like,56,160,1666,0.6677070828331333,0.0385736931829952,0.00000000;0.00000000;0.00000000;0.00000000;0.00000000;0.00000000;0.00120048;0.00120048;0.00000000;0.00000000;0.00420168;0.01560624;0.22629052;0.62364946;0.12244898;0.00240096;0.00120048;0.00000000;0.00180072;0.00000000
HK97-like,56,163,3888,0.6723508230452675,0.0380623590747465,0.00000000;0.00000000;0.00000000;0.00000000;0.00000000;0.00000000;0.00051440;0.00128601;0.00000000;0.00000000;0.00385802;0.01105967;0.19418724;0.61651235;0.16563786;0.00385802;0.00128601;0.00000000;0.00180041;0.00000000
HK97-like,56,166,3267,0.6955081114172024,0.0394558818958103,0.00000000;0.00000000;0.00000000;0.00000000;0.00000000;0.00000000;0.00000000;0.00061218;0.00306091;0.00030609;0.00000000;0.00826446;0.05203551;0.46311601;0.45883073;0.00795837;0.00336700;0.00000000;0.00061218;0.00183655
HK97-like,56,169,1236,0.6848705501618123,0.037569561028558,0.00000000;0.00000000;0.00000000;0.00000000;0.00000000;0.00000000;0.00000000;0.00080906;0.00000000;0.00000000;0.00161812;0.01294498;0.10032362;0.56877023;0.30744337;0.00323625;0.00323625;0.00000000;0.00000000;0.00161812
HK97-like,56,171,1106,0.7072784810126581,0.0351007105414356,0.00000000;0.00000000;0.00000000;0.00000000;0.00000000;0.00000000;0.00000000;0.00000000;0.00000000;0.00180832;0.00000000;0.00542495;0.02622061;0.32278481;0.61030741;0.02802893;0.00180832;0.00180832;0.00000000;0.00180832
HK97-like,56,172,1107,0.7122177055103884,0.0352001700559967,0.00000000;0.00000000;0.00000000;0.00000000;0.00000000;0.00000000;0.00000000;0.00000000;0.00000000;0.00180668;0.00000000;0.00542005;0.02077687;0.26016260;0.65401987;0.05149051;0.00271003;0.00180668;0.00000000;0.00180668
HK97-like,56,173,553,0.715506329113924,0.0340900368280365,0.00000000;0.00000000;0.00000000;0.00000000;0.00000000;0.00000000;0.00000000;0.00000000;0.00000000;0.00180832;0.00000000;0.00361664;0.01446655;0.22784810;0.67811935;0.06871609;0.00180832;0.00180832;0.00000000;0.00180832
HK97-like,56,175,553,0.7179475587703437,0.0343499562187796,0.00000000;0.00000000;0.00000000;0.00000000;0.00000000;0.00000000;0.00000000;0.00000000;0.00000000;0.00180832;0.00000000;0.00361664;0.01265823;0.20433996;0.68173599;0.09041591;0.00180832;0.00180832;0.00000000;0.00180832
HK97-like,56,178,1109,0.7222948602344454,0.0345900190014488,0.00000000;0.00000000;0.00000000;0.00000000;0.00000000;0.00000000;0.00000000;0.00000000;0.00000000;0.00180343;0.00000000;0.00360685;0.00991885;0.17132552;0.66726781;0.13976555;0.00360685;0.00180343;0.00000000;0.00090171
HK97-like,56,179,1104,0.7271286231884059,0.0339503278397017,0.00000000;0.00000000;0.00000000;0.00000000;0.00000000;0.00000000;0.00000000;0.00000000;0.00000000;0.00090580;0.00090580;0.00362319;0.00905797;0.13134058;0.64855072;0.20199275;0.00181159;0.00181159;0.00000000;0.00000000
HK97-like,56,180,1105,0.7322850678733032,0.0340860662555566,0.00000000;0.00000000;0.00000000;0.00000000;0.00000000;0.00000000;0.00000000;0.00000000;0.00000000;0.00000000;0.00180995;0.00361991;0.00904977;0.09592760;0.61719457;0.26877828;0.00180995;0.00180995;0.00000000;0.00000000
HK97-like,56,185,538,0.7969330855018588,0.0462575140299856,0.00185874;0.00000000;0.00000000;0.00000000;0.00000000;0.00000000;0.00000000;0.00000000;0.00000000;0.00000000;0.00000000;0.00000000;0.00185874;0.00371747;0.04089219;0.44237918;0.50371747;0.00185874;0.00185874;0.00185874
HK97-like,56,189,3975,0.7429999999999999,0.0343661380801055,0.00000000;0.00000000;0.00000000;0.00000000;0.00000000;0.00000000;0.00000000;0.00000000;0.00000000;0.00000000;0.00176101;0.00050314;0.00930818;0.05710692;0.49761006;0.42691824;0.00402516;0.00176101;0.00100629;0.00000000
HK97-like,56,209,2776,0.8061059077809797,0.0305243847289479,0.00000000;0.00000000;0.00000000;0.00000000;0.00000000;0.00000000;0.00000000;0.00000000;0.00000000;0.00000000;0.00000000;0.00000000;0.00180115;0.00612392;0.01837176;0.32853026;0.63832853;0.00288184;0.00180115;0.00216138
HK97-like,56,213,557,0.8146768402154397,0.0283648273625699,0.00000000;0.00000000;0.00000000;0.00000000;0.00000000;0.00000000;0.00000000;0.00000000;0.00000000;0.00000000;0.00000000;0.00000000;0.00179533;0.00538600;0.01436266;0.17953321;0.78276481;0.01077199;0.00179533;0.00359066
HK97-like,56,216,1108,0.8144404332129964,0.0281251244456461,0.00000000;0.00000000;0.00000000;0.00000000;0.00000000;0.00000000;0.00000000;0.00000000;0.00000000;0.00000000;0.00000000;0.00000000;0.00180505;0.00541516;0.01444043;0.18231047;0.77978339;0.01173285;0.00180505;0.00270758
HK97-like,56,224,2004,0.8199850299401197,0.0270109347165287,0.00000000;0.00000000;0.00000000;0.00000000;0.00000000;0.00000000;0.00000000;0.00000000;0.00000000;0.00000000;0.00000000;0.00000000;0.00000000;0.00548902;0.01247505;0.12524950;0.79441118;0.05988024;0.00099800;0.00149701
HK97-like,56,229,3796,0.8297154899894625,0.0291049875015953,0.00000000;0.00000000;0.00000000;0.00000000;0.00000000;0.00000000;0.00000000;0.00000000;0.00000000;0.00000000;0.00000000;0.00000000;0.00000000;0.00158061;0.01106428;0.07033720;0.73524763;0.17597471;0.00184405;0.00395153
HK97-like,56,248,1105,0.8484389140271492,0.0304258185000806,0.00000000;0.00000000;0.00000000;0.00000000;0.00000000;0.00000000;0.00000000;0.00000000;0.00000000;0.00000000;0.00000000;0.00000000;0.00000000;0.00180995;0.00814480;0.01809955;0.46877828;0.49954751;0.00180995;0.00180995
HK97-like,56,252,1107,0.8576106594399279,0.0287146380338527,0.00000000;0.00000000;0.00000000;0.00000000;0.00000000;0.00000000;0.00000000;0.00000000;0.00000000;0.00000000;0.00000000;0.00000000;0.00000000;0.00180668;0.00632340;0.01445348;0.29810298;0.67570009;0.00180668;0.00180668
HK97-like,56,259,3536,0.8660209276018099,0.0232559925824454,0.00000000;0.00000000;0.00000000;0.00000000;0.00000000;0.00000000;0.00000000;0.00000000;0.00000000;0.00000000;0.00000000;0.00000000;0.00000000;0.00028281;0.00593891;0.01074661;0.14309955;0.83625566;0.00339367;0.00028281
HK97-like,56,297,1647,0.9203855494839104,0.0173350527393967,0.00000000;0.00000000;0.00000000;0.00000000;0.00000000;0.00000000;0.00000000;0.00000000;0.00000000;0.00000000;0.00000000;0.00000000;0.00000000;0.00000000;0.00000000;0.00364299;0.00728597;0.06678810;0.92228294;0.00000000
HK97-like,56,301,549,0.9220856102003644,0.0138517374657742,0.00000000;0.00000000;0.00000000;0.00000000;0.00000000;0.00000000;0.00000000;0.00000000;0.00000000;0.00000000;0.00000000;0.00000000;0.00000000;0.00000000;0.00000000;0.00182149;0.00546448;0.04189435;0.95081967;0.00000000
HK97-like,56,302,1647,0.923755312689739,0.0158726793457759,0.00000000;0.00000000;0.00000000;0.00000000;0.00000000;0.00000000;0.00000000;0.00000000;0.00000000;0.00000000;0.00000000;0.00000000;0.00000000;0.00000000;0.00000000;0.00121433;0.00607165;0.03764420;0.92653309;0.02853673
HK97-like,56,313,2745,0.938224043715847,0.0262395244991871,0.00000000;0.00000000;0.00000000;0.00000000;0.00000000;0.00000000;0.00000000;0.00000000;0.00000000;0.00000000;0.00000000;0.00000000;0.00000000;0.00000000;0.00000000;0.00036430;0.00546448;0.02185792;0.67395264;0.29836066
HK97-like,56,321,1647,0.9623406193078324,0.024745847321622,0.00000000;0.00000000;0.00000000;0.00000000;0.00000000;0.00000000;0.00000000;0.00000000;0.00000000;0.00000000;0.00000000;0.00000000;0.00000000;0.00000000;0.00000000;0.00000000;0.00546448;0.01153613;0.21372192;0.76927747
HK97-like,56,340,18555,0.0614995957962813,0.06053437983812,0.50654810;0.34788467;0.10180544;0.03163568;0.00786850;0.00188628;0.00010779;0.00000000;0.00000000;0.00000000;0.00000000;0.00000000;0.00000000;0.00000000;0.00000000;0.00005389;0.00000000;0.00000000;0.00075451;0.00145513
HK97-like,58,10,1063,0.0257525870178739,0.0089104423812532,0.98965193;0.00846660;0.00000000;0.00094073;0.00094073;0.00000000;0.00000000;0.00000000;0.00000000;0.00000000;0.00000000;0.00000000;0.00000000;0.00000000;0.00000000;0.00000000;0.00000000;0.00000000;0.00000000;0.00000000
HK97-like,58,91,4120,0.5109830097087378,0.0602442818675579,0.00121359;0.00072816;0.00024272;0.00000000;0.00000000;0.00097087;0.00339806;0.01553398;0.08106796;0.27524272;0.45898058;0.10873786;0.04077670;0.00922330;0.00000000;0.00097087;0.00097087;0.00145631;0.00048544;0.00000000
HK97-like,58,98,12494,0.5301824875940452,0.0565622698770319,0.00000000;0.00000000;0.00000000;0.00000000;0.00000000;0.00088042;0.00040019;0.00984473;0.04490155;0.18248759;0.45918041;0.23515287;0.04426125;0.01704818;0.00152073;0.00024012;0.00120058;0.00136065;0.00104050;0.00048023
HK97-like,58,105,2057,0.5509115216334467,0.0543844142189238,0.00000000;0.00000000;0.00000000;0.00000000;0.00000000;0.00000000;0.00097229;0.00437530;0.01993194;0.09917355;0.36363636;0.40836169;0.06465727;0.03159942;0.00340301;0.00048614;0.00097229;0.00048614;0.00097229;0.00097229
HK97-like,58,109,2056,0.548443579766537,0.0537731013393517,0.00000000;0.00000000;0.00000000;0.00000000;0.00000000;0.00000000;0.00097276;0.00486381;0.01994163;0.10603113;0.38521401;0.38715953;0.05982490;0.02869650;0.00389105;0.00000000;0.00097276;0.00097276;0.00097276;0.00048638
HK97-like,58,111,2057,0.5525887214389887,0.0562429277500264,0.00097229;0.00000000;0.00000000;0.00000000;0.00000000;0.00000000;0.00097229;0.00340301;0.01701507;0.09333982;0.35099660;0.42440447;0.06806028;0.03354400;0.00340301;0.00048614;0.00097229;0.00048614;0.00097229;0.00097229
HK97-like,58,114,1025,0.562170731707317,0.0528116314050202,0.00000000;0.00000000;0.00000000;0.00000000;0.00000000;0.00000000;0.00097561;0.00195122;0.01268293;0.06439024;0.29365854;0.47902439;0.09951220;0.03902439;0.00487805;0.00097561;0.00000000;0.00097561;0.00097561;0.00097561
HK97-like,58,115,1027,0.5646299902629017,0.0526055242757182,0.00000000;0.00000000;0.00000000;0.00000000;0.00000000;0.00000000;0.00097371;0.00097371;0.01265823;0.06134372;0.27166504;0.48880234;0.11489776;0.03992210;0.00486855;0.00097371;0.00000000;0.00097371;0.00097371;0.00097371
HK97-like,58,118,3082,0.5598475016223231,0.0540908527598847,0.00032446;0.00000000;0.00000000;0.00000000;0.00000000;0.00000000;0.00097339;0.00227125;0.01330305;0.07170668;0.31018819;0.46009085;0.09539260;0.03731343;0.00454250;0.00064893;0.00064893;0.00064893;0.00097339;0.00097339
HK97-like,58,119,1027,0.5716893865628043,0.0506889623094927,0.00000000;0.00000000;0.00000000;0.00000000;0.00000000;0.00000000;0.00097371;0.00000000;0.00876339;0.04186952;0.22979552;0.51411879;0.15189873;0.04381694;0.00486855;0.00097371;0.00000000;0.00097371;0.00097371;0.00097371
HK97-like,58,121,2053,0.5778738431563566,0.0503666262628301,0.00000000;0.00000000;0.00000000;0.00000000;0.00000000;0.00000000;0.00048709;0.00048709;0.00681929;0.03263517;0.19678519;0.50170482;0.20311739;0.04286410;0.01169021;0.00097418;0.00000000;0.00097418;0.00097418;0.00048709
HK97-like,58,123,1027,0.5762171372930867,0.0509020727582321,0.00000000;0.00000000;0.00000000;0.00000000;0.00000000;0.00000000;0.00097371;0.00000000;0.00778968;0.03115871;0.21032132;0.50827653;0.18403116;0.04381694;0.00973710;0.00097371;0.00000000;0.00097371;0.00097371;0.00097371
HK97-like,58,125,1026,0.583869395711501,0.0491575073144054,0.00000000;0.00000000;0.00000000;0.00000000;0.00000000;0.00000000;0.00000000;0.00097466;0.00487329;0.02631579;0.16179337;0.48440546;0.25828460;0.04580897;0.01461988;0.00097466;0.00000000;0.00097466;0.00097466;0.00000000
HK97-like,58,128,2053,0.5823063809059913,0.0501357353228362,0.00000000;0.00000000;0.00000000;0.00000000;0.00000000;0.00000000;0.00048709;0.00048709;0.00535801;0.02679006;0.17145641;0.49342426;0.24062348;0.04383829;0.01412567;0.00097418;0.00000000;0.00097418;0.00048709;0.00097418
HK97-like,58,129,2057,0.5844555177442877,0.0498836282118183,0.00000000;0.00000000;0.00000000;0.00000000;0.00000000;0.00000000;0.00000000;0.00097229;0.00486145;0.02576568;0.15556636;0.49003403;0.26105980;0.04326689;0.01409820;0.00194458;0.00000000;0.00097229;0.00048614;0.00097229
HK97-like,58,131,1026,0.5908869395711501,0.0491253209542685,0.00000000;0.00000000;0.00000000;0.00000000;0.00000000;0.00000000;0.00000000;0.00097466;0.00487329;0.01949318;0.12280702;0.45224172;0.33333333;0.04483431;0.01656920;0.00292398;0.00000000;0.00097466;0.00000000;0.00097466
HK97-like,58,160,3074,0.6777651268705269,0.0415873101578838,0.00000000;0.00000000;0.00000000;0.00000000;0.00000000;0.00000000;0.00000000;0.00000000;0.00000000;0.00097593;0.00162655;0.01951854;0.19225764;0.53025374;0.22218608;0.02862720;0.00260247;0.00162655;0.00032531;0.00000000
HK97-like,58,163,7168,0.6818638392857144,0.0415708891693612,0.00000000;0.00000000;0.00000000;0.00000000;0.00000000;0.00000000;0.00000000;0.00000000;0.00000000;0.00097656;0.00111607;0.01422991;0.16950335;0.51841518;0.25669643;0.03417969;0.00265067;0.00167411;0.00055804;0.00000000
HK97-like,58,166,7827,0.7062955155231889,0.0402681434524145,0.00012776;0.00000000;0.00000000;0.00000000;0.00000000;0.00000000;0.00000000;0.00000000;0.00000000;0.00102210;0.00025553;0.00306631;0.05698224;0.34457647;0.50440782;0.08087390;0.00613262;0.00178868;0.00076658;0.00000000
HK97-like,58,169,2049,0.6941556857003415,0.040678957908554,0.00000000;0.00000000;0.00000000;0.00000000;0.00000000;0.00000000;0.00000000;0.00000000;0.00000000;0.00097609;0.00000000;0.00683260;0.10200098;0.45387994;0.37920937;0.05173255;0.00244021;0.00195217;0.00097609;0.00000000
HK97-like,58,171,2047,0.7142769907181241,0.0370974893464487,0.00000000;0.00000000;0.00000000;0.00000000;0.00000000;0.00000000;0.00000000;0.00000000;0.00000000;0.00000000;0.00097704;0.00195408;0.02979971;0.27112848;0.58768930;0.09574988;0.00879336;0.00293112;0.00097704;0.00000000
HK97-like,58,172,2046,0.7185483870967743,0.0364601759853461,0.00000000;0.00000000;0.00000000;0.00000000;0.00000000;0.00000000;0.00000000;0.00000000;0.00000000;0.00000000;0.00097752;0.00195503;0.01759531;0.23460411;0.61583578;0.11388074;0.01075269;0.00244379;0.00195503;0.00000000
HK97-like,58,173,1022,0.7217710371819962,0.0370690425629901,0.00000000;0.00000000;0.00000000;0.00000000;0.00000000;0.00000000;0.00000000;0.00000000;0.00000000;0.00000000;0.00097847;0.00195695;0.00978474;0.22015656;0.60861057;0.13992172;0.01369863;0.00293542;0.00097847;0.00097847
HK97-like,58,175,1027,0.7216407010710809,0.0568219551309425,0.00292113;0.00097371;0.00000000;0.00000000;0.00000000;0.00000000;0.00000000;0.00000000;0.00000000;0.00000000;0.00097371;0.00097371;0.00778968;0.20155794;0.60662123;0.15481986;0.01850049;0.00194742;0.00194742;0.00097371
HK97-like,58,178,2048,0.7278076171875,0.0431111628682578,0.00000000;0.00097656;0.00000000;0.00000000;0.00000000;0.00000000;0.00000000;0.00000000;0.00000000;0.00000000;0.00097656;0.00097656;0.00585938;0.17236328;0.59619141;0.19433594;0.02343750;0.00195312;0.00195312;0.00097656
HK97-like,58,179,2128,0.709046052631579,0.1312638526288737,0.00704887;0.02725564;0.00281955;0.00000000;0.00000000;0.00000000;0.00000000;0.00000000;0.00000000;0.00000000;0.00093985;0.00093985;0.00469925;0.13345865;0.54605263;0.24483083;0.02725564;0.00187970;0.00187970;0.00093985
HK97-like,58,180,2104,0.7201758555133081,0.1159428511821133,0.00190114;0.02423954;0.00190114;0.00000000;0.00000000;0.00000000;0.00000000;0.00000000;0.00000000;0.00000000;0.00095057;0.00095057;0.00380228;0.10076046;0.52946768;0.29752852;0.03374525;0.00190114;0.00190114;0.00095057
HK97-like,58,185,2381,0.7626312473750524,0.1248657241591968,0.00083998;0.02519950;0.00335993;0.00041999;0.00000000;0.00000000;0.00000000;0.00000000;0.00000000;0.00000000;0.00000000;0.00041999;0.00293994;0.01805964;0.08441831;0.58924822;0.25577488;0.01679966;0.00167997;0.00083998
HK97-like,58,189,6762,0.747567287784679,0.0393608952832686,0.00000000;0.00029577;0.00000000;0.00000000;0.00000000;0.00000000;0.00000000;0.00000000;0.00000000;0.00000000;0.00103520;0.00103520;0.00073943;0.05915410;0.47944395;0.40461402;0.04687962;0.00354925;0.00221828;0.00103520
HK97-like,58,209,5117,0.8107631424662888,0.032785910883283,0.00000000;0.00019543;0.00000000;0.00000000;0.00000000;0.00000000;0.00000000;0.00000000;0.00000000;0.00000000;0.00000000;0.00039085;0.00058628;0.00097714;0.01367989;0.30603869;0.62712527;0.04514364;0.00390854;0.00195427
HK97-like,58,213,1023,0.8175219941348973,0.028660094755767,0.00000000;0.00000000;0.00000000;0.00000000;0.00000000;0.00000000;0.00000000;0.00000000;0.00000000;0.00000000;0.00000000;0.00000000;0.00097752;0.00097752;0.00684262;0.20625611;0.71456500;0.06451613;0.00488759;0.00097752
HK97-like,58,216,2039,0.8173001471309466,0.0330270469656038,0.00000000;0.00049044;0.00000000;0.00000000;0.00000000;0.00000000;0.00000000;0.00000000;0.00000000;0.00000000;0.00000000;0.00000000;0.00098087;0.00049044;0.00735655;0.20549289;0.71309465;0.06620893;0.00490436;0.00098087
HK97-like,58,224,3955,0.8236472819216182,0.0268688953412647,0.00000000;0.00000000;0.00000000;0.00000000;0.00000000;0.00000000;0.00000000;0.00000000;0.00000000;0.00000000;0.00000000;0.00000000;0.00101138;0.00000000;0.00303413;0.12920354;0.76232617;0.09860936;0.00379267;0.00202276
HK97-like,58,229,11301,0.8455910981329084,0.0307106224195011,0.00000000;0.00000000;0.00000000;0.00000000;0.00000000;0.00000000;0.00000000;0.00000000;0.00000000;0.00000000;0.00000000;0.00000000;0.00106185;0.00044244;0.00247766;0.03495266;0.51340589;0.44022653;0.00522078;0.00221219
HK97-like,58,248,2037,0.8558541973490427,0.0267565406518615,0.00000000;0.00000000;0.00000000;0.00000000;0.00000000;0.00000000;0.00000000;0.00000000;0.00000000;0.00000000;0.00000000;0.00000000;0.00000000;0.00000000;0.00000000;0.00687285;0.38438881;0.59646539;0.00932744;0.00294551
HK97-like,58,252,2037,0.8595851742758958,0.0258955880175415,0.00000000;0.00000000;0.00000000;0.00000000;0.00000000;0.00000000;0.00000000;0.00000000;0.00000000;0.00000000;0.00000000;0.00000000;0.00000000;0.00000000;0.00000000;0.00392734;0.32155130;0.65586647;0.01620029;0.00245459
HK97-like,58,259,6247,0.8690931647190652,0.0250724507345924,0.00000000;0.00000000;0.00000000;0.00000000;0.00000000;0.00000000;0.00000000;0.00000000;0.00000000;0.00000000;0.00000000;0.00000000;0.00000000;0.00000000;0.00000000;0.00272131;0.17944613;0.75524252;0.05842805;0.00416200
HK97-like,58,297,3041,0.924309437684972,0.0107824412286156,0.00000000;0.00000000;0.00000000;0.00000000;0.00000000;0.00000000;0.00000000;0.00000000;0.00000000;0.00000000;0.00000000;0.00000000;0.00000000;0.00000000;0.00000000;0.00000000;0.00098652;0.02729365;0.95626439;0.01545544
HK97-like,58,301,1015,0.9274137931034484,0.0131900173812914,0.00000000;0.00000000;0.00000000;0.00000000;0.00000000;0.00000000;0.00000000;0.00000000;0.00000000;0.00000000;0.00000000;0.00000000;0.00000000;0.00000000;0.00000000;0.00000000;0.00098522;0.00886700;0.93103448;0.05911330
HK97-like,58,302,3043,0.929929346040092,0.0166250310093738,0.00000000;0.00000000;0.00000000;0.00000000;0.00000000;0.00000000;0.00000000;0.00000000;0.00000000;0.00000000;0.00000000;0.00000000;0.00000000;0.00000000;0.00000000;0.00000000;0.00098587;0.00788695;0.88268156;0.10844561
HK97-like,58,313,5058,0.9451660735468564,0.0252432237176177,0.00000000;0.00000000;0.00000000;0.00000000;0.00000000;0.00000000;0.00000000;0.00000000;0.00000000;0.00000000;0.00000000;0.00000000;0.00000000;0.00000000;0.00000000;0.00000000;0.00098853;0.00415184;0.58540925;0.40945038
HK97-like,58,321,3035,0.9628583196046128,0.022120525608345,0.00000000;0.00000000;0.00000000;0.00000000;0.00000000;0.00000000;0.00000000;0.00000000;0.00000000;0.00000000;0.00000000;0.00000000;0.00000000;0.00000000;0.00000000;0.00000000;0.00098847;0.00296540;0.23393740;0.76210873
HK97-like,58,340,44814,0.081577185700897,0.0601251047147185,0.36450663;0.31233543;0.20098630;0.08921319;0.02494756;0.00611416;0.00118267;0.00002231;0.00002231;0.00000000;0.00000000;0.00002231;0.00000000;0.00000000;0.00000000;0.00004463;0.00004463;0.00011157;0.00020083;0.00024546
HK97-like,59,10,563,0.025088809946714,0.0021053764815505,0.99822380;0.00177620;0.00000000;0.00000000;0.00000000;0.00000000;0.00000000;0.00000000;0.00000000;0.00000000;0.00000000;0.00000000;0.00000000;0.00000000;0.00000000;0.00000000;0.00000000;0.00000000;0.00000000;0.00000000
HK97-like,59,98,1113,0.485826594788859,0.0305981039408442,0.00000000;0.00000000;0.00000000;0.00000000;0.00000000;0.00000000;0.00000000;0.00179695;0.05929919;0.68463612;0.23629829;0.01437556;0.00179695;0.00000000;0.00179695;0.00000000;0.00000000;0.00000000;0.00000000;0.00000000
HK97-like,59,111,1113,0.4945417789757412,0.0308965509706935,0.00000000;0.00000000;0.00000000;0.00000000;0.00000000;0.00000000;0.00000000;0.00179695;0.02156334;0.59299191;0.35849057;0.02156334;0.00179695;0.00000000;0.00179695;0.00000000;0.00000000;0.00000000;0.00000000;0.00000000
HK97-like,59,115,1673,0.5092797369994023,0.0313242025965703,0.00000000;0.00000000;0.00000000;0.00000000;0.00000000;0.00000000;0.00000000;0.00000000;0.00597729;0.36162582;0.58398087;0.04482965;0.00000000;0.00179319;0.00000000;0.00179319;0.00000000;0.00000000;0.00000000;0.00000000
HK97-like,59,121,1113,0.5197439353099731,0.028777924390446,0.00000000;0.00000000;0.00000000;0.00000000;0.00000000;0.00000000;0.00000000;0.00000000;0.00359389;0.18957772;0.72596586;0.07726864;0.00000000;0.00179695;0.00000000;0.00179695;0.00000000;0.00000000;0.00000000;0.00000000
HK97-like,59,123,556,0.5184352517985612,0.0288739093681957,0.00000000;0.00000000;0.00000000;0.00000000;0.00000000;0.00000000;0.00000000;0.00000000;0.00359712;0.20683453;0.71762590;0.06834532;0.00000000;0.00179856;0.00000000;0.00179856;0.00000000;0.00000000;0.00000000;0.00000000
HK97-like,59,125,558,0.5256272401433691,0.0268501905892136,0.00000000;0.00000000;0.00000000;0.00000000;0.00000000;0.00000000;0.00000000;0.00000000;0.00358423;0.10394265;0.77956989;0.10931900;0.00000000;0.00179211;0.00000000;0.00179211;0.00000000;0.00000000;0.00000000;0.00000000
HK97-like,59,128,555,0.5201351351351351,0.0280560849132129,0.00000000;0.00000000;0.00000000;0.00000000;0.00000000;0.00000000;0.00000000;0.00000000;0.00360360;0.17657658;0.74414414;0.07207207;0.00000000;0.00180180;0.00000000;0.00180180;0.00000000;0.00000000;0.00000000;0.00000000
HK97-like,59,129,1113,0.5181266846361186,0.0291373291672893,0.00000000;0.00000000;0.00000000;0.00000000;0.00000000;0.00000000;0.00000000;0.00000000;0.00449236;0.21114106;0.71248877;0.06828392;0.00000000;0.00179695;0.00000000;0.00179695;0.00000000;0.00000000;0.00000000;0.00000000
HK97-like,59,131,556,0.5301258992805755,0.0275788988207019,0.00000000;0.00000000;0.00000000;0.00000000;0.00000000;0.00000000;0.00000000;0.00000000;0.00359712;0.06654676;0.76978417;0.15107914;0.00539568;0.00179856;0.00000000;0.00179856;0.00000000;0.00000000;0.00000000;0.00000000
HK97-like,59,166,12124,0.6395166611679314,0.0342654787146536,0.00000000;0.00000000;0.00000000;0.00000000;0.00000000;0.00000000;0.00000000;0.00000000;0.00000000;0.00041241;0.00197954;0.05616958;0.63064995;0.28159023;0.02490927;0.00107225;0.00140218;0.00000000;0.00123722;0.00057737
HK97-like,59,171,1116,0.6618279569892472,0.034148250580226,0.00000000;0.00000000;0.00000000;0.00000000;0.00000000;0.00000000;0.00000000;0.00000000;0.00000000;0.00000000;0.00179211;0.00358423;0.34050179;0.58064516;0.06810036;0.00000000;0.00358423;0.00000000;0.00000000;0.00179211
HK97-like,59,172,1115,0.666883408071749,0.0330652954104807,0.00000000;0.00000000;0.00000000;0.00000000;0.00000000;0.00000000;0.00000000;0.00000000;0.00000000;0.00000000;0.00179372;0.00179372;0.25919283;0.64753363;0.08430493;0.00000000;0.00358744;0.00000000;0.00000000;0.00179372
HK97-like,59,173,558,0.6706093189964157,0.0324270018779213,0.00000000;0.00000000;0.00000000;0.00000000;0.00000000;0.00000000;0.00000000;0.00000000;0.00000000;0.00000000;0.00179211;0.00179211;0.20430108;0.68279570;0.10394265;0.00000000;0.00358423;0.00000000;0.00000000;0.00179211
HK97-like,59,175,560,0.6729464285714286,0.0319077462845495,0.00000000;0.00000000;0.00000000;0.00000000;0.00000000;0.00000000;0.00000000;0.00000000;0.00000000;0.00000000;0.00178571;0.00178571;0.17142857;0.70178571;0.11785714;0.00000000;0.00357143;0.00000000;0.00000000;0.00178571
HK97-like,59,178,1116,0.6762096774193548,0.0310489689467427,0.00000000;0.00000000;0.00000000;0.00000000;0.00000000;0.00000000;0.00000000;0.00000000;0.00000000;0.00000000;0.00179211;0.00179211;0.12365591;0.73387097;0.13261649;0.00089606;0.00268817;0.00089606;0.00000000;0.00179211
HK97-like,59,179,1118,0.6801431127012523,0.0307614618161427,0.00000000;0.00000000;0.00000000;0.00000000;0.00000000;0.00000000;0.00000000;0.00000000;0.00000000;0.00000000;0.00178891;0.00178891;0.07871199;0.75044723;0.15652952;0.00536673;0.00178891;0.00178891;0.00000000;0.00178891
HK97-like,59,180,1112,0.6832284172661872,0.0275205936954686,0.00000000;0.00000000;0.00000000;0.00000000;0.00000000;0.00000000;0.00000000;0.00000000;0.00000000;0.00000000;0.00179856;0.00179856;0.04316547;0.75269784;0.18974820;0.00719424;0.00179856;0.00179856;0.00000000;0.00000000
HK97-like,59,185,3350,0.6965820895522389,0.0300726231694291,0.00000000;0.00000000;0.00000000;0.00000000;0.00000000;0.00000000;0.00000000;0.00000000;0.00000000;0.00000000;0.00000000;0.00238806;0.00776119;0.58179104;0.37731343;0.02716418;0.00179104;0.00179104;0.00000000;0.00000000
HK97-like,59,189,1669,0.6888106650689036,0.0281671397062984,0.00000000;0.00000000;0.00000000;0.00000000;0.00000000;0.00000000;0.00000000;0.00000000;0.00000000;0.00000000;0.00119832;0.00239664;0.01198322;0.71300180;0.25164769;0.01617735;0.00179748;0.00179748;0.00000000;0.00000000
HK97-like,59,209,2785,0.7777468581687611,0.0242406141306755,0.00000000;0.00000000;0.00000000;0.00000000;0.00000000;0.00000000;0.00000000;0.00000000;0.00000000;0.00000000;0.00000000;0.00000000;0.00179533;0.00323160;0.06535009;0.80215440;0.12351885;0.00359066;0.00000000;0.00035907
HK97-like,59,213,559,0.7832289803220037,0.0281240127004219,0.00000000;0.00000000;0.00000000;0.00000000;0.00000000;0.00000000;0.00000000;0.00000000;0.00000000;0.00000000;0.00000000;0.00000000;0.00178891;0.00178891;0.03756708;0.76744186;0.18246869;0.00357782;0.00000000;0.00536673
HK97-like,59,216,1112,0.7823741007194245,0.024811019071307,0.00000000;0.00000000;0.00000000;0.00000000;0.00000000;0.00000000;0.00000000;0.00000000;0.00000000;0.00000000;0.00000000;0.00000000;0.00179856;0.00179856;0.03956835;0.76528777;0.18705036;0.00449640;0.00000000;0.00000000
HK97-like,59,224,1671,0.787657091561939,0.0267957957511464,0.00000000;0.00000000;0.00000000;0.00000000;0.00000000;0.00000000;0.00000000;0.00000000;0.00000000;0.00000000;0.00000000;0.00000000;0.00119689;0.00239378;0.02274087;0.69958109;0.26511071;0.00837822;0.00000000;0.00059844
HK97-like,59,229,10197,0.8126875551632834,0.0272765513415674,0.00000000;0.00000000;0.00000000;0.00000000;0.00000000;0.00000000;0.00000000;0.00000000;0.00000000;0.00000000;0.00000000;0.00000000;0.00000000;0.00313818;0.00647249;0.26135138;0.69373345;0.03363734;0.00117682;0.00049034
HK97-like,59,248,1111,0.8286903690369036,0.0213173164599095,0.00000000;0.00000000;0.00000000;0.00000000;0.00000000;0.00000000;0.00000000;0.00000000;0.00000000;0.00000000;0.00000000;0.00000000;0.00000000;0.00180018;0.00540054;0.02610261;0.85418542;0.10891089;0.00360036;0.00000000
HK97-like,59,252,1114,0.8315080789946141,0.0224271497129061,0.00000000;0.00000000;0.00000000;0.00000000;0.00000000;0.00000000;0.00000000;0.00000000;0.00000000;0.00000000;0.00000000;0.00000000;0.00000000;0.00179533;0.00448833;0.01615799;0.82046679;0.15350090;0.00359066;0.00000000
HK97-like,59,259,1673,0.8367453676031081,0.024893119127897,0.00000000;0.00000000;0.00000000;0.00000000;0.00000000;0.00000000;0.00000000;0.00000000;0.00000000;0.00000000;0.00000000;0.00000000;0.00000000;0.00179319;0.00358637;0.00896593;0.73281530;0.24925284;0.00358637;0.00000000
HK97-like,59,297,1108,0.9252707581227436,0.0135994389803581,0.00000000;0.00000000;0.00000000;0.00000000;0.00000000;0.00000000;0.00000000;0.00000000;0.00000000;0.00000000;0.00000000;0.00000000;0.00000000;0.00000000;0.00000000;0.00180505;0.00361011;0.01263538;0.95126354;0.03068592
HK97-like,59,301,555,0.9362612612612612,0.0239036020926515,0.00000000;0.00000000;0.00000000;0.00000000;0.00000000;0.00000000;0.00000000;0.00000000;0.00000000;0.00000000;0.00000000;0.00000000;0.00000000;0.00000000;0.00000000;0.00180180;0.00360360;0.00540541;0.74594595;0.24324324
HK97-like,59,302,1663,0.9440619362597714,0.0269822843437994,0.00000000;0.00000000;0.00000000;0.00000000;0.00000000;0.00000000;0.00000000;0.00000000;0.00000000;0.00000000;0.00000000;0.00000000;0.00000000;0.00000000;0.00000000;0.00180397;0.00360794;0.00601323;0.58869513;0.39987974
HK97-like,59,313,2770,0.9604151624548736,0.0254261339954692,0.00000000;0.00000000;0.00000000;0.00000000;0.00000000;0.00000000;0.00000000;0.00000000;0.00000000;0.00000000;0.00000000;0.00000000;0.00000000;0.00000000;0.00000000;0.00180505;0.00361011;0.00433213;0.26498195;0.72527076
HK97-like,59,321,1659,0.9646925858951174,0.0229492615758227,0.00000000;0.00000000;0.00000000;0.00000000;0.00000000;0.00000000;0.00000000;0.00000000;0.00000000;0.00000000;0.00000000;0.00000000;0.00000000;0.00000000;0.00000000;0.00180832;0.00361664;0.00180832;0.18444846;0.80831826
HK97-like,59,340,31,0.775,0.365001104726565,0.16129032;0.03225806;0.00000000;0.00000000;0.00000000;0.00000000;0.00000000;0.00000000;0.00000000;0.00000000;0.00000000;0.00000000;0.00000000;0.00000000;0.00000000;0.00000000;0.00000000;0.12903226;0.09677419;0.58064516
HK97-like,61,10,1304,0.0254601226993865,0.0064781325404732,0.99386503;0.00383436;0.00153374;0.00076687;0.00000000;0.00000000;0.00000000;0.00000000;0.00000000;0.00000000;0.00000000;0.00000000;0.00000000;0.00000000;0.00000000;0.00000000;0.00000000;0.00000000;0.00000000;0.00000000
HK97-like,61,91,5092,0.5071190102120974,0.0389231418829461,0.00019639;0.00000000;0.00000000;0.00000000;0.00000000;0.00000000;0.00000000;0.00000000;0.02827965;0.40475255;0.47761194;0.08248233;0.00451689;0.00000000;0.00000000;0.00078555;0.00000000;0.00078555;0.00058916;0.00000000
HK97-like,61,98,15256,0.525599764027268,0.0348436580076319,0.00000000;0.00000000;0.00000000;0.00000000;0.00000000;0.00000000;0.00000000;0.00000000;0.00452281;0.18038804;0.63666754;0.16288673;0.01330624;0.00065548;0.00000000;0.00058993;0.00019664;0.00045884;0.00032774;0.00000000
HK97-like,61,105,2546,0.5489787902592301,0.0355828743698242,0.00000000;0.00000000;0.00000000;0.00000000;0.00000000;0.00000000;0.00000000;0.00000000;0.00000000;0.03692066;0.51217596;0.39473684;0.05302435;0.00157109;0.00000000;0.00000000;0.00078555;0.00000000;0.00078555;0.00000000
HK97-like,61,109,2545,0.5468664047151276,0.0354074491713046,0.00000000;0.00000000;0.00000000;0.00000000;0.00000000;0.00000000;0.00000000;0.00000000;0.00039293;0.04047151;0.54066798;0.36777996;0.04754420;0.00157171;0.00000000;0.00000000;0.00078585;0.00000000;0.00078585;0.00000000
HK97-like,61,111,2543,0.5513861580810067,0.0356915214058084,0.00000000;0.00000000;0.00000000;0.00000000;0.00000000;0.00000000;0.00000000;0.00000000;0.00000000;0.03303185;0.47699567;0.42902084;0.05741250;0.00196618;0.00000000;0.00000000;0.00078647;0.00000000;0.00078647;0.00000000
HK97-like,61,114,1272,0.5607704402515723,0.0347095424021758,0.00000000;0.00000000;0.00000000;0.00000000;0.00000000;0.00000000;0.00000000;0.00000000;0.00000000;0.01257862;0.35927673;0.53852201;0.08569182;0.00235849;0.00000000;0.00000000;0.00078616;0.00000000;0.00078616;0.00000000
HK97-like,61,115,1272,0.5631289308176101,0.0346336039345944,0.00000000;0.00000000;0.00000000;0.00000000;0.00000000;0.00000000;0.00000000;0.00000000;0.00000000;0.01179245;0.32311321;0.56761006;0.09198113;0.00393082;0.00000000;0.00000000;0.00078616;0.00000000;0.00078616;0.00000000
HK97-like,61,118,3818,0.5585254059717129,0.0365796276017061,0.00000000;0.00026192;0.00000000;0.00000000;0.00000000;0.00000000;0.00000000;0.00000000;0.00000000;0.01938188;0.38449450;0.51100052;0.07988476;0.00340492;0.00000000;0.00000000;0.00078575;0.00000000;0.00052383;0.00026192
HK97-like,61,119,1272,0.5707940251572327,0.0337629317711825,0.00000000;0.00000000;0.00000000;0.00000000;0.00000000;0.00000000;0.00000000;0.00000000;0.00000000;0.00628931;0.21383648;0.65408805;0.11713836;0.00707547;0.00000000;0.00000000;0.00000000;0.00078616;0.00000000;0.00078616
HK97-like,61,121,2544,0.5768867924528301,0.0330626394507076,0.00000000;0.00000000;0.00000000;0.00000000;0.00000000;0.00000000;0.00000000;0.00000000;0.00000000;0.00393082;0.14308176;0.68474843;0.15644654;0.00943396;0.00078616;0.00000000;0.00000000;0.00078616;0.00000000;0.00078616
HK97-like,61,123,1272,0.5741352201257861,0.0328668069416006,0.00000000;0.00000000;0.00000000;0.00000000;0.00000000;0.00000000;0.00000000;0.00000000;0.00000000;0.00550314;0.16509434;0.68867925;0.13128931;0.00707547;0.00078616;0.00000000;0.00000000;0.00078616;0.00000000;0.00078616
HK97-like,61,125,1272,0.5837657232704402,0.032271964700169,0.00000000;0.00000000;0.00000000;0.00000000;0.00000000;0.00000000;0.00000000;0.00000000;0.00000000;0.00157233;0.08018868;0.68553459;0.21540881;0.01493711;0.00078616;0.00000000;0.00000000;0.00078616;0.00000000;0.00078616
HK97-like,61,128,2545,0.5811493123772101,0.0325791360025184,0.00000000;0.00000000;0.00000000;0.00000000;0.00000000;0.00000000;0.00000000;0.00000000;0.00000000;0.00235756;0.10373281;0.68487230;0.19528487;0.01139489;0.00078585;0.00000000;0.00000000;0.00078585;0.00000000;0.00078585
HK97-like,61,129,2545,0.58352652259332,0.0328117477388178,0.00000000;0.00000000;0.00000000;0.00000000;0.00000000;0.00000000;0.00000000;0.00000000;0.00000000;0.00196464;0.08880157;0.67072692;0.22239686;0.01375246;0.00078585;0.00000000;0.00000000;0.00078585;0.00000000;0.00078585
HK97-like,61,131,1272,0.5906446540880503,0.0330412285771373,0.00000000;0.00000000;0.00000000;0.00000000;0.00000000;0.00000000;0.00000000;0.00000000;0.00000000;0.00078616;0.05188679;0.61242138;0.31210692;0.02044025;0.00078616;0.00000000;0.00000000;0.00078616;0.00000000;0.00078616
HK97-like,61,160,3809,0.6822985035442374,0.0286068469731254,0.00000000;0.00000000;0.00000000;0.00000000;0.00000000;0.00000000;0.00000000;0.00000000;0.00000000;0.00000000;0.00000000;0.00183775;0.08322394;0.69257023;0.21370438;0.00708847;0.00131268;0.00026254;0.00000000;0.00000000
HK97-like,61,163,8893,0.6857275385134376,0.02879098499577,0.00000000;0.00000000;0.00000000;0.00000000;0.00000000;0.00000000;0.00000000;0.00000000;0.00000000;0.00000000;0.00000000;0.00168672;0.06274598;0.66659170;0.25908018;0.00832115;0.00134938;0.00022490;0.00000000;0.00000000
HK97-like,61,166,7902,0.7098013161225006,0.0283692390881021,0.00000000;0.00000000;0.00000000;0.00000000;0.00000000;0.00000000;0.00000000;0.00000000;0.00000000;0.00000000;0.00000000;0.00075930;0.00708681;0.32814477;0.62768919;0.03290306;0.00253100;0.00088585;0.00000000;0.00000000
HK97-like,61,169,2550,0.6980196078431373,0.0290283770534285,0.00000000;0.00000000;0.00000000;0.00000000;0.00000000;0.00000000;0.00000000;0.00000000;0.00000000;0.00000000;0.00000000;0.00078431;0.01882353;0.51921569;0.44431373;0.01490196;0.00117647;0.00078431;0.00000000;0.00000000
HK97-like,61,171,2537,0.7213933780055183,0.0256910743305219,0.00000000;0.00000000;0.00000000;0.00000000;0.00000000;0.00000000;0.00000000;0.00000000;0.00000000;0.00000000;0.00000000;0.00078833;0.00197083;0.15135987;0.76744186;0.07292077;0.00394166;0.00157667;0.00000000;0.00000000
HK97-like,61,172,2540,0.7248425196850393,0.0248613241033311,0.00000000;0.00000000;0.00000000;0.00000000;0.00000000;0.00000000;0.00000000;0.00000000;0.00000000;0.00000000;0.00000000;0.00000000;0.00236220;0.10905512;0.78543307;0.09724409;0.00433071;0.00157480;0.00000000;0.00000000
HK97-like,61,173,1268,0.7274447949526814,0.0249197629698227,0.00000000;0.00000000;0.00000000;0.00000000;0.00000000;0.00000000;0.00000000;0.00000000;0.00000000;0.00000000;0.00000000;0.00000000;0.00236593;0.08438486;0.78312303;0.12381703;0.00473186;0.00157729;0.00000000;0.00000000
HK97-like,61,175,1270,0.7296062992125985,0.0250283799483627,0.00000000;0.00000000;0.00000000;0.00000000;0.00000000;0.00000000;0.00000000;0.00000000;0.00000000;0.00000000;0.00000000;0.00000000;0.00236220;0.06692913;0.77480315;0.14960630;0.00472441;0.00157480;0.00000000;0.00000000
HK97-like,61,178,2540,0.7328149606299211,0.0261158309569742,0.00000000;0.00000000;0.00000000;0.00000000;0.00000000;0.00000000;0.00000000;0.00000000;0.00000000;0.00000000;0.00000000;0.00000000;0.00236220;0.05314961;0.73897638;0.19842520;0.00551181;0.00157480;0.00000000;0.00000000
HK97-like,61,179,2543,0.7371510027526545,0.0276169376962122,0.00000000;0.00000000;0.00000000;0.00000000;0.00000000;0.00000000;0.00000000;0.00000000;0.00000000;0.00000000;0.00000000;0.00000000;0.00235942;0.03578451;0.69052300;0.26307511;0.00589855;0.00078647;0.00157295;0.00000000
HK97-like,61,180,2540,0.7416141732283463,0.0276285961764012,0.00000000;0.00000000;0.00000000;0.00000000;0.00000000;0.00000000;0.00000000;0.00000000;0.00000000;0.00000000;0.00000000;0.00000000;0.00157480;0.02125984;0.63188976;0.33700787;0.00629921;0.00078740;0.00118110;0.00000000
HK97-like,61,185,1281,0.8132123341139734,0.0242290373130806,0.00000000;0.00000000;0.00000000;0.00000000;0.00000000;0.00000000;0.00000000;0.00000000;0.00000000;0.00000000;0.00000000;0.00000000;0.00000000;0.00078064;0.00546448;0.23653396;0.74785324;0.00546448;0.00312256;0.00078064
HK97-like,61,189,8900,0.754926966292135,0.0277457406956756,0.00000000;0.00000000;0.00000000;0.00000000;0.00000000;0.00000000;0.00000000;0.00000000;0.00000000;0.00000000;0.00000000;0.00000000;0.00078652;0.00606742;0.40674157;0.57134831;0.01123596;0.00292135;0.00089888;0.00000000
HK97-like,61,209,6364,0.8197831552482715,0.0203358073064777,0.00000000;0.00000000;0.00000000;0.00000000;0.00000000;0.00000000;0.00000000;0.00000000;0.00000000;0.00000000;0.00000000;0.00000000;0.00000000;0.00078567;0.00157134;0.12287869;0.85716530;0.01272784;0.00329981;0.00157134
HK97-like,61,213,1269,0.8251576044129235,0.0178640448112749,0.00000000;0.00000000;0.00000000;0.00000000;0.00000000;0.00000000;0.00000000;0.00000000;0.00000000;0.00000000;0.00000000;0.00000000;0.00000000;0.00078802;0.00157604;0.04491726;0.90543735;0.04255319;0.00315209;0.00157604
HK97-like,61,216,2537,0.8252562081198266,0.0183829266549509,0.00000000;0.00000000;0.00000000;0.00000000;0.00000000;0.00000000;0.00000000;0.00000000;0.00000000;0.00000000;0.00000000;0.00000000;0.00000000;0.00078833;0.00157667;0.04769413;0.89791092;0.04729996;0.00315333;0.00157667
HK97-like,61,224,5071,0.8310638927233287,0.0205477895225014,0.00000000;0.00000000;0.00000000;0.00000000;0.00000000;0.00000000;0.00000000;0.00000000;0.00000000;0.00000000;0.00000000;0.00000000;0.00000000;0.00000000;0.00236640;0.01459278;0.84953658;0.12877145;0.00236640;0.00236640
HK97-like,61,229,10365,0.8479570670525808,0.026979948057521,0.00000000;0.00000000;0.00000000;0.00000000;0.00000000;0.00000000;0.00000000;0.00000000;0.00000000;0.00000000;0.00000000;0.00000000;0.00000000;0.00000000;0.00231548;0.00337675;0.53545586;0.45335263;0.00270140;0.00279788
HK97-like,61,248,2536,0.8675078864353312,0.0202278995171691,0.00000000;0.00000000;0.00000000;0.00000000;0.00000000;0.00000000;0.00000000;0.00000000;0.00000000;0.00000000;0.00000000;0.00000000;0.00000000;0.00000000;0.00157729;0.00078864;0.15299685;0.83832808;0.00315457;0.00315457
HK97-like,61,252,2530,0.8712055335968379,0.0153814878021524,0.00000000;0.00000000;0.00000000;0.00000000;0.00000000;0.00000000;0.00000000;0.00000000;0.00000000;0.00000000;0.00000000;0.00000000;0.00000000;0.00000000;0.00079051;0.00158103;0.07707510;0.91541502;0.00355731;0.00158103
HK97-like,61,259,8569,0.8747899404831369,0.0124799846423322,0.00000000;0.00000000;0.00000000;0.00000000;0.00000000;0.00000000;0.00000000;0.00000000;0.00000000;0.00000000;0.00000000;0.00000000;0.00000000;0.00000000;0.00081690;0.00163380;0.02100595;0.95647100;0.01762166;0.00245069
HK97-like,61,297,3788,0.9249340021119326,0.007220386129021,0.00000000;0.00000000;0.00000000;0.00000000;0.00000000;0.00000000;0.00000000;0.00000000;0.00000000;0.00000000;0.00000000;0.00000000;0.00000000;0.00000000;0.00000000;0.00079197;0.00158395;0.00158395;0.99023231;0.00580781
HK97-like,61,301,1263,0.9258709422011084,0.0097084157392897,0.00000000;0.00000000;0.00000000;0.00000000;0.00000000;0.00000000;0.00000000;0.00000000;0.00000000;0.00000000;0.00000000;0.00000000;0.00000000;0.00000000;0.00000000;0.00079177;0.00158353;0.00079177;0.97307997;0.02375297
HK97-like,61,302,3792,0.9308016877637132,0.017545622186487,0.00000000;0.00000000;0.00000000;0.00000000;0.00000000;0.00000000;0.00000000;0.00000000;0.00000000;0.00000000;0.00000000;0.00000000;0.00000000;0.00000000;0.00000000;0.00079114;0.00158228;0.00079114;0.87447257;0.12236287
HK97-like,61,313,6313,0.9559836844606368,0.0251703882134607,0.00000000;0.00000000;0.00000000;0.00000000;0.00000000;0.00000000;0.00000000;0.00000000;0.00000000;0.00000000;0.00000000;0.00000000;0.00000000;0.00000000;0.00000000;0.00031681;0.00205924;0.00079202;0.37129732;0.62553461
HK97-like,61,321,3786,0.9721473851030112,0.0126327265050766,0.00000000;0.00000000;0.00000000;0.00000000;0.00000000;0.00000000;0.00000000;0.00000000;0.00000000;0.00000000;0.00000000;0.00000000;0.00000000;0.00000000;0.00000000;0.00000000;0.00158479;0.00026413;0.05176968;0.94638141
HK97-like,61,340,85772,0.0931078906869374,0.0573802004490811,0.26784965;0.29698503;0.27589423;0.13302710;0.02232663;0.00305461;0.00047801;0.00001166;0.00000000;0.00000000;0.00000000;0.00000000;0.00000000;0.00000000;0.00000000;0.00000000;0.00000000;0.00012825;0.00005829;0.00018654
HK97-like,62,10,320,0.0251562499999999,0.0027907142342955,0.99687500;0.00312500;0.00000000;0.00000000;0.00000000;0.00000000;0.00000000;0.00000000;0.00000000;0.00000000;0.00000000;0.00000000;0.00000000;0.00000000;0.00000000;0.00000000;0.00000000;0.00000000;0.00000000;0.00000000
HK97-like,62,91,1236,0.535032362459547,0.0285235198683633,0.00000000;0.00000000;0.00000000;0.00000000;0.00000000;0.00000000;0.00000000;0.00000000;0.00161812;0.06472492;0.67475728;0.25242718;0.00323625;0.00323625;0.00000000;0.00000000;0.00000000;0.00000000;0.00000000;0.00000000
HK97-like,62,98,3403,0.5561636791066705,0.0285180644027283,0.00000000;0.00000000;0.00000000;0.00000000;0.00000000;0.00000000;0.00000000;0.00000000;0.00000000;0.01410520;0.37143697;0.59770790;0.01263591;0.00205701;0.00205701;0.00000000;0.00000000;0.00000000;0.00000000;0.00000000
HK97-like,62,105,618,0.5744336569579287,0.0269033322828447,0.00000000;0.00000000;0.00000000;0.00000000;0.00000000;0.00000000;0.00000000;0.00000000;0.00000000;0.00323625;0.12783172;0.75566343;0.10679612;0.00323625;0.00323625;0.00000000;0.00000000;0.00000000;0.00000000;0.00000000
HK97-like,62,109,617,0.5724068071312804,0.0264253602043333,0.00000000;0.00000000;0.00000000;0.00000000;0.00000000;0.00000000;0.00000000;0.00000000;0.00000000;0.00486224;0.13938412;0.76823339;0.08103728;0.00324149;0.00324149;0.00000000;0.00000000;0.00000000;0.00000000;0.00000000
HK97-like,62,111,618,0.5763754045307443,0.0271735077697512,0.00000000;0.00000000;0.00000000;0.00000000;0.00000000;0.00000000;0.00000000;0.00000000;0.00000000;0.00323625;0.11165049;0.74919094;0.12944984;0.00323625;0.00323625;0.00000000;0.00000000;0.00000000;0.00000000;0.00000000
HK97-like,62,114,309,0.5868122977346277,0.0289729878252658,0.00000000;0.00000000;0.00000000;0.00000000;0.00000000;0.00000000;0.00000000;0.00000000;0.00000000;0.00323625;0.05501618;0.65372168;0.28155340;0.00323625;0.00323625;0.00000000;0.00000000;0.00000000;0.00000000;0.00000000
HK97-like,62,115,309,0.5897249190938512,0.0284725279575668,0.00000000;0.00000000;0.00000000;0.00000000;0.00000000;0.00000000;0.00000000;0.00000000;0.00000000;0.00000000;0.04530744;0.62459547;0.32362460;0.00323625;0.00323625;0.00000000;0.00000000;0.00000000;0.00000000;0.00000000
HK97-like,62,118,927,0.5842772384034519,0.0292888702022488,0.00000000;0.00000000;0.00000000;0.00000000;0.00000000;0.00000000;0.00000000;0.00000000;0.00000000;0.00215750;0.07335491;0.67206041;0.24595469;0.00323625;0.00215750;0.00107875;0.00000000;0.00000000;0.00000000;0.00000000
HK97-like,62,119,309,0.5986245954692556,0.0291486788586599,0.00000000;0.00000000;0.00000000;0.00000000;0.00000000;0.00000000;0.00000000;0.00000000;0.00000000;0.00000000;0.02265372;0.49514563;0.47572816;0.00323625;0.00000000;0.00323625;0.00000000;0.00000000;0.00000000;0.00000000
HK97-like,62,121,618,0.6073624595469256,0.0273639857646501,0.00000000;0.00000000;0.00000000;0.00000000;0.00000000;0.00000000;0.00000000;0.00000000;0.00000000;0.00000000;0.00970874;0.34789644;0.63592233;0.00161812;0.00161812;0.00323625;0.00000000;0.00000000;0.00000000;0.00000000
HK97-like,62,123,309,0.604935275080906,0.0276125941847269,0.00000000;0.00000000;0.00000000;0.00000000;0.00000000;0.00000000;0.00000000;0.00000000;0.00000000;0.00000000;0.00970874;0.39482201;0.58899676;0.00323625;0.00000000;0.00323625;0.00000000;0.00000000;0.00000000;0.00000000
HK97-like,62,125,309,0.6135113268608414,0.0252313060252746,0.00000000;0.00000000;0.00000000;0.00000000;0.00000000;0.00000000;0.00000000;0.00000000;0.00000000;0.00000000;0.00647249;0.23624595;0.74757282;0.00323625;0.00323625;0.00323625;0.00000000;0.00000000;0.00000000;0.00000000
HK97-like,62,128,618,0.6118122977346279,0.0263785065779608,0.00000000;0.00000000;0.00000000;0.00000000;0.00000000;0.00000000;0.00000000;0.00000000;0.00000000;0.00000000;0.00647249;0.27508091;0.70226537;0.01132686;0.00161812;0.00323625;0.00000000;0.00000000;0.00000000;0.00000000
HK97-like,62,129,626,0.6134984025559105,0.0259696461548831,0.00000000;0.00000000;0.00000000;0.00000000;0.00000000;0.00000000;0.00000000;0.00000000;0.00000000;0.00000000;0.00638978;0.24440895;0.73162939;0.01118211;0.00319489;0.00319489;0.00000000;0.00000000;0.00000000;0.00000000
HK97-like,62,131,309,0.6191747572815535,0.0257266287634055,0.00000000;0.00000000;0.00000000;0.00000000;0.00000000;0.00000000;0.00000000;0.00000000;0.00000000;0.00000000;0.00647249;0.16504854;0.77669903;0.04530744;0.00323625;0.00323625;0.00000000;0.00000000;0.00000000;0.00000000
HK97-like,62,160,927,0.6926914778856527,0.028441346800885,0.00000000;0.00000000;0.00000000;0.00000000;0.00000000;0.00000000;0.00000000;0.00000000;0.00000000;0.00000000;0.00000000;0.00000000;0.02157497;0.61812298;0.35382956;0.00000000;0.00431499;0.00215750;0.00000000;0.00000000
HK97-like,62,163,2163,0.6978386500231161,0.0291406483688893,0.00000000;0.00000000;0.00000000;0.00000000;0.00000000;0.00000000;0.00000000;0.00000000;0.00000000;0.00000000;0.00000000;0.00000000;0.01664355;0.52612113;0.45076283;0.00000000;0.00323625;0.00323625;0.00000000;0.00000000
HK97-like,62,166,2175,0.7195287356321838,0.0220750231150005,0.00000000;0.00000000;0.00000000;0.00000000;0.00000000;0.00000000;0.00000000;0.00000000;0.00000000;0.00000000;0.00000000;0.00000000;0.00321839;0.13471264;0.84000000;0.01609195;0.00275862;0.00275862;0.00045977;0.00000000
HK97-like,62,169,618,0.7134304207119742,0.024625923276783,0.00000000;0.00000000;0.00000000;0.00000000;0.00000000;0.00000000;0.00000000;0.00000000;0.00000000;0.00000000;0.00000000;0.00000000;0.00323625;0.24110032;0.74919094;0.00000000;0.00323625;0.00323625;0.00000000;0.00000000
HK97-like,62,171,618,0.7284789644012943,0.0234562260673442,0.00000000;0.00000000;0.00000000;0.00000000;0.00000000;0.00000000;0.00000000;0.00000000;0.00000000;0.00000000;0.00000000;0.00000000;0.00323625;0.03883495;0.85922330;0.09223301;0.00000000;0.00323625;0.00323625;0.00000000
HK97-like,62,172,618,0.7323624595469255,0.0255680071966682,0.00000000;0.00000000;0.00000000;0.00000000;0.00000000;0.00000000;0.00000000;0.00000000;0.00000000;0.00000000;0.00000000;0.00000000;0.00161812;0.03398058;0.79611650;0.16181230;0.00000000;0.00323625;0.00323625;0.00000000
HK97-like,62,173,309,0.736326860841424,0.0270056920198787,0.00000000;0.00000000;0.00000000;0.00000000;0.00000000;0.00000000;0.00000000;0.00000000;0.00000000;0.00000000;0.00000000;0.00000000;0.00000000;0.02912621;0.73139159;0.23300971;0.00000000;0.00323625;0.00323625;0.00000000
HK97-like,62,175,309,0.7405339805825242,0.0276031102091132,0.00000000;0.00000000;0.00000000;0.00000000;0.00000000;0.00000000;0.00000000;0.00000000;0.00000000;0.00000000;0.00000000;0.00000000;0.00000000;0.01618123;0.67313916;0.30420712;0.00000000;0.00323625;0.00323625;0.00000000
HK97-like,62,178,618,0.7474110032362459,0.028503891892842,0.00000000;0.00000000;0.00000000;0.00000000;0.00000000;0.00000000;0.00000000;0.00000000;0.00000000;0.00000000;0.00000000;0.00000000;0.00000000;0.00970874;0.54854369;0.43527508;0.00000000;0.00323625;0.00323625;0.00000000
HK97-like,62,179,618,0.7555016181229772,0.0280874875222131,0.00000000;0.00000000;0.00000000;0.00000000;0.00000000;0.00000000;0.00000000;0.00000000;0.00000000;0.00000000;0.00000000;0.00000000;0.00000000;0.00970874;0.38673139;0.59708738;0.00000000;0.00323625;0.00323625;0.00000000
HK97-like,62,180,619,0.7605411954765752,0.0262980831108943,0.00000000;0.00000000;0.00000000;0.00000000;0.00000000;0.00000000;0.00000000;0.00000000;0.00000000;0.00000000;0.00000000;0.00000000;0.00000000;0.00646204;0.29240711;0.69466882;0.00000000;0.00323102;0.00323102;0.00000000
HK97-like,62,185,308,0.8227272727272726,0.0131683764874501,0.00000000;0.00000000;0.00000000;0.00000000;0.00000000;0.00000000;0.00000000;0.00000000;0.00000000;0.00000000;0.00000000;0.00000000;0.00000000;0.00000000;0.00324675;0.04545455;0.94805195;0.00000000;0.00324675;0.00000000
HK97-like,62,189,2163,0.7669787332408691,0.0230412103592011,0.00000000;0.00000000;0.00000000;0.00000000;0.00000000;0.00000000;0.00000000;0.00000000;0.00000000;0.00000000;0.00000000;0.00000000;0.00000000;0.00323625;0.17383264;0.81368470;0.00277393;0.00323625;0.00231160;0.00092464
HK97-like,62,209,1540,0.8238311688311688,0.0131893331530992,0.00000000;0.00000000;0.00000000;0.00000000;0.00000000;0.00000000;0.00000000;0.00000000;0.00000000;0.00000000;0.00000000;0.00000000;0.00000000;0.00000000;0.00324675;0.02857143;0.96233766;0.00259740;0.00064935;0.00259740
HK97-like,62,213,308,0.8288961038961039,0.0193502135399368,0.00000000;0.00000000;0.00000000;0.00000000;0.00000000;0.00000000;0.00000000;0.00000000;0.00000000;0.00000000;0.00000000;0.00000000;0.00000000;0.00000000;0.00324675;0.01948052;0.87987013;0.09415584;0.00000000;0.00324675
HK97-like,62,216,616,0.8279220779220781,0.0180070449660546,0.00000000;0.00000000;0.00000000;0.00000000;0.00000000;0.00000000;0.00000000;0.00000000;0.00000000;0.00000000;0.00000000;0.00000000;0.00000000;0.00000000;0.00324675;0.01785714;0.90259740;0.07305195;0.00000000;0.00324675
HK97-like,62,224,930,0.8379032258064516,0.0257189376342615,0.00000000;0.00000000;0.00000000;0.00000000;0.00000000;0.00000000;0.00000000;0.00000000;0.00000000;0.00000000;0.00000000;0.00000000;0.00000000;0.00000000;0.00322581;0.01397849;0.71290323;0.26559140;0.00000000;0.00430108
HK97-like,62,229,941,0.8559245483528161,0.028044591086261,0.00000000;0.00000000;0.00000000;0.00000000;0.00000000;0.00000000;0.00000000;0.00000000;0.00000000;0.00000000;0.00000000;0.00000000;0.00000000;0.00000000;0.00000000;0.01700319;0.36238045;0.61317747;0.00000000;0.00743889
HK97-like,62,248,616,0.868831168831169,0.0191778434098991,0.00000000;0.00000000;0.00000000;0.00000000;0.00000000;0.00000000;0.00000000;0.00000000;0.00000000;0.00000000;0.00000000;0.00000000;0.00000000;0.00000000;0.00000000;0.00974026;0.11038961;0.87662338;0.00000000;0.00324675
HK97-like,62,252,614,0.8711726384364821,0.0144669510105025,0.00000000;0.00000000;0.00000000;0.00000000;0.00000000;0.00000000;0.00000000;0.00000000;0.00000000;0.00000000;0.00000000;0.00000000;0.00000000;0.00000000;0.00000000;0.00651466;0.06351792;0.92996743;0.00000000;0.00000000
HK97-like,62,259,2084,0.8729606525911708,0.010927100383848,0.00000000;0.00000000;0.00000000;0.00000000;0.00000000;0.00000000;0.00000000;0.00000000;0.00000000;0.00000000;0.00000000;0.00000000;0.00000000;0.00000000;0.00000000;0.00431862;0.03214971;0.96353167;0.00000000;0.00000000
HK97-like,62,297,918,0.9242919389978216,0.0078825639987592,0.00000000;0.00000000;0.00000000;0.00000000;0.00000000;0.00000000;0.00000000;0.00000000;0.00000000;0.00000000;0.00000000;0.00000000;0.00000000;0.00000000;0.00000000;0.00000000;0.00000000;0.01960784;0.97494553;0.00544662
HK97-like,62,301,307,0.9248371335504886,0.0085594028296227,0.00000000;0.00000000;0.00000000;0.00000000;0.00000000;0.00000000;0.00000000;0.00000000;0.00000000;0.00000000;0.00000000;0.00000000;0.00000000;0.00000000;0.00000000;0.00000000;0.00000000;0.01628664;0.97068404;0.01302932
HK97-like,62,302,923,0.9345341278439868,0.0217366208952691,0.00000000;0.00000000;0.00000000;0.00000000;0.00000000;0.00000000;0.00000000;0.00000000;0.00000000;0.00000000;0.00000000;0.00000000;0.00000000;0.00000000;0.00000000;0.00000000;0.00000000;0.01733478;0.77464789;0.20801733
HK97-like,62,313,1537,0.9598405985686402,0.0242893255998029,0.00000000;0.00000000;0.00000000;0.00000000;0.00000000;0.00000000;0.00000000;0.00000000;0.00000000;0.00000000;0.00000000;0.00000000;0.00000000;0.00000000;0.00000000;0.00000000;0.00000000;0.01236174;0.27846454;0.70917372
HK97-like,62,321,921,0.9715255157437568,0.0145090353510734,0.00000000;0.00000000;0.00000000;0.00000000;0.00000000;0.00000000;0.00000000;0.00000000;0.00000000;0.00000000;0.00000000;0.00000000;0.00000000;0.00000000;0.00000000;0.00000000;0.00000000;0.00977199;0.04994571;0.94028230
HK97-like,62,340,12005,0.0573281965847563,0.0392807332177042,0.48613078;0.40216576;0.09629321;0.01449396;0.00058309;0.00000000;0.00000000;0.00000000;0.00000000;0.00000000;0.00000000;0.00000000;0.00000000;0.00000000;0.00000000;0.00000000;0.00000000;0.00008330;0.00016660;0.00008330
HK97-like,65,10,190,0.0252631578947368,0.0036178229170703,0.99473684;0.00526316;0.00000000;0.00000000;0.00000000;0.00000000;0.00000000;0.00000000;0.00000000;0.00000000;0.00000000;0.00000000;0.00000000;0.00000000;0.00000000;0.00000000;0.00000000;0.00000000;0.00000000;0.00000000
HK97-like,65,91,700,0.4970714285714285,0.0253967497518714,0.00000000;0.00000000;0.00000000;0.00000000;0.00000000;0.00000000;0.00000000;0.00000000;0.00000000;0.56428571;0.43000000;0.00571429;0.00000000;0.00000000;0.00000000;0.00000000;0.00000000;0.00000000;0.00000000;0.00000000
HK97-like,65,98,2093,0.5205088389870999,0.0218886454155228,0.00000000;0.00000000;0.00000000;0.00000000;0.00000000;0.00000000;0.00000000;0.00000000;0.00000000;0.13999044;0.81462016;0.04061156;0.00477783;0.00000000;0.00000000;0.00000000;0.00000000;0.00000000;0.00000000;0.00000000
HK97-like,65,105,350,0.5408571428571428,0.0244653023772068,0.00000000;0.00000000;0.00000000;0.00000000;0.00000000;0.00000000;0.00000000;0.00000000;0.00000000;0.00571429;0.67714286;0.31142857;0.00571429;0.00000000;0.00000000;0.00000000;0.00000000;0.00000000;0.00000000;0.00000000
HK97-like,65,109,350,0.5379999999999999,0.023197906309468,0.00000000;0.00000000;0.00000000;0.00000000;0.00000000;0.00000000;0.00000000;0.00000000;0.00000000;0.00571429;0.73428571;0.25428571;0.00571429;0.00000000;0.00000000;0.00000000;0.00000000;0.00000000;0.00000000;0.00000000
HK97-like,65,111,350,0.5441428571428572,0.0254526370872229,0.00000000;0.00000000;0.00000000;0.00000000;0.00000000;0.00000000;0.00000000;0.00000000;0.00000000;0.00000000;0.62571429;0.36857143;0.00285714;0.00285714;0.00000000;0.00000000;0.00000000;0.00000000;0.00000000;0.00000000
HK97-like,65,114,175,0.5572857142857143,0.0256443493397906,0.00000000;0.00000000;0.00000000;0.00000000;0.00000000;0.00000000;0.00000000;0.00000000;0.00000000;0.00000000;0.36571429;0.62857143;0.00000000;0.00571429;0.00000000;0.00000000;0.00000000;0.00000000;0.00000000;0.00000000
HK97-like,65,115,173,0.5622832369942197,0.0236817923995623,0.00000000;0.00000000;0.00000000;0.00000000;0.00000000;0.00000000;0.00000000;0.00000000;0.00000000;0.00000000;0.26589595;0.72832370;0.00000000;0.00578035;0.00000000;0.00000000;0.00000000;0.00000000;0.00000000;0.00000000
HK97-like,65,118,525,0.5539523809523809,0.0260008721291021,0.00000000;0.00000000;0.00000000;0.00000000;0.00000000;0.00000000;0.00000000;0.00000000;0.00000000;0.00000000;0.43047619;0.56380952;0.00190476;0.00380952;0.00000000;0.00000000;0.00000000;0.00000000;0.00000000;0.00000000
HK97-like,65,119,175,0.5704285714285715,0.0179432211064086,0.00000000;0.00000000;0.00000000;0.00000000;0.00000000;0.00000000;0.00000000;0.00000000;0.00000000;0.00000000;0.10857143;0.88000000;0.00571429;0.00571429;0.00000000;0.00000000;0.00000000;0.00000000;0.00000000;0.00000000
HK97-like,65,121,350,0.5747142857142857,0.0185141975306541,0.00000000;0.00000000;0.00000000;0.00000000;0.00000000;0.00000000;0.00000000;0.00000000;0.00000000;0.00000000;0.06571429;0.88000000;0.04857143;0.00571429;0.00000000;0.00000000;0.00000000;0.00000000;0.00000000;0.00000000
HK97-like,65,123,175,0.5735714285714285,0.018070158058105,0.00000000;0.00000000;0.00000000;0.00000000;0.00000000;0.00000000;0.00000000;0.00000000;0.00000000;0.00000000;0.07428571;0.88571429;0.03428571;0.00571429;0.00000000;0.00000000;0.00000000;0.00000000;0.00000000;0.00000000
HK97-like,65,125,175,0.579,0.0188528133557984,0.00000000;0.00000000;0.00000000;0.00000000;0.00000000;0.00000000;0.00000000;0.00000000;0.00000000;0.00000000;0.02857143;0.86857143;0.09714286;0.00571429;0.00000000;0.00000000;0.00000000;0.00000000;0.00000000;0.00000000
HK97-like,65,128,350,0.5787142857142857,0.019285185177927,0.00000000;0.00000000;0.00000000;0.00000000;0.00000000;0.00000000;0.00000000;0.00000000;0.00000000;0.00000000;0.03428571;0.86285714;0.09714286;0.00571429;0.00000000;0.00000000;0.00000000;0.00000000;0.00000000;0.00000000
HK97-like,65,129,358,0.5814245810055866,0.0211554147807391,0.00000000;0.00000000;0.00000000;0.00000000;0.00000000;0.00000000;0.00000000;0.00000000;0.00000000;0.00000000;0.02793296;0.82122905;0.14525140;0.00558659;0.00000000;0.00000000;0.00000000;0.00000000;0.00000000;0.00000000
HK97-like,65,131,175,0.5855714285714286,0.0224171945667806,0.00000000;0.00000000;0.00000000;0.00000000;0.00000000;0.00000000;0.00000000;0.00000000;0.00000000;0.00000000;0.01142857;0.77142857;0.21142857;0.00571429;0.00000000;0.00000000;0.00000000;0.00000000;0.00000000;0.00000000
HK97-like,65,160,526,0.6691064638783271,0.0193393763893985,0.00000000;0.00000000;0.00000000;0.00000000;0.00000000;0.00000000;0.00000000;0.00000000;0.00000000;0.00000000;0.00000000;0.00000000;0.13498099;0.85361217;0.00570342;0.00570342;0.00000000;0.00000000;0.00000000;0.00000000
HK97-like,65,163,1225,0.6716530612244898,0.0176421931863593,0.00000000;0.00000000;0.00000000;0.00000000;0.00000000;0.00000000;0.00000000;0.00000000;0.00000000;0.00000000;0.00000000;0.00000000;0.09061224;0.89224490;0.01142857;0.00489796;0.00081633;0.00000000;0.00000000;0.00000000
HK97-like,65,166,1115,0.6914573991031391,0.0255961517297007,0.00000000;0.00000000;0.00000000;0.00000000;0.00000000;0.00000000;0.00000000;0.00000000;0.00000000;0.00000000;0.00000000;0.00000000;0.00448430;0.67264574;0.31748879;0.00000000;0.00538117;0.00000000;0.00000000;0.00000000
HK97-like,65,169,352,0.6796875,0.0188267840667346,0.00000000;0.00000000;0.00000000;0.00000000;0.00000000;0.00000000;0.00000000;0.00000000;0.00000000;0.00000000;0.00000000;0.00000000;0.01136364;0.89488636;0.08806818;0.00000000;0.00568182;0.00000000;0.00000000;0.00000000
HK97-like,65,171,350,0.7097142857142857,0.0248263355889569,0.00000000;0.00000000;0.00000000;0.00000000;0.00000000;0.00000000;0.00000000;0.00000000;0.00000000;0.00000000;0.00000000;0.00000000;0.00000000;0.31714286;0.67714286;0.00000000;0.00571429;0.00000000;0.00000000;0.00000000
HK97-like,65,172,350,0.7168571428571427,0.0206531116398513,0.00000000;0.00000000;0.00000000;0.00000000;0.00000000;0.00000000;0.00000000;0.00000000;0.00000000;0.00000000;0.00000000;0.00000000;0.00000000;0.17428571;0.82000000;0.00000000;0.00571429;0.00000000;0.00000000;0.00000000
HK97-like,65,173,175,0.7204285714285713,0.0171285654712249,0.00000000;0.00000000;0.00000000;0.00000000;0.00000000;0.00000000;0.00000000;0.00000000;0.00000000;0.00000000;0.00000000;0.00000000;0.00000000;0.10285714;0.89142857;0.00000000;0.00571429;0.00000000;0.00000000;0.00000000
HK97-like,65,175,175,0.7218571428571429,0.0161725390835255,0.00000000;0.00000000;0.00000000;0.00000000;0.00000000;0.00000000;0.00000000;0.00000000;0.00000000;0.00000000;0.00000000;0.00000000;0.00000000;0.08000000;0.90857143;0.00571429;0.00571429;0.00000000;0.00000000;0.00000000
HK97-like,65,178,350,0.7231428571428572,0.0165868155165357,0.00000000;0.00000000;0.00000000;0.00000000;0.00000000;0.00000000;0.00000000;0.00000000;0.00000000;0.00000000;0.00000000;0.00000000;0.00000000;0.06285714;0.92000000;0.01142857;0.00285714;0.00285714;0.00000000;0.00000000
HK97-like,65,179,350,0.7251428571428571,0.0166898478245957,0.00000000;0.00000000;0.00000000;0.00000000;0.00000000;0.00000000;0.00000000;0.00000000;0.00000000;0.00000000;0.00000000;0.00000000;0.00000000;0.03714286;0.93428571;0.02285714;0.00000000;0.00571429;0.00000000;0.00000000
HK97-like,65,180,350,0.7274285714285714,0.0169398696474757,0.00000000;0.00000000;0.00000000;0.00000000;0.00000000;0.00000000;0.00000000;0.00000000;0.00000000;0.00000000;0.00000000;0.00000000;0.00000000;0.01714286;0.92857143;0.04857143;0.00000000;0.00571429;0.00000000;0.00000000
HK97-like,65,185,175,0.7958571428571428,0.0273987933593984,0.00000000;0.00000000;0.00000000;0.00000000;0.00000000;0.00000000;0.00000000;0.00000000;0.00000000;0.00000000;0.00000000;0.00000000;0.00000000;0.00000000;0.01142857;0.57142857;0.41142857;0.00000000;0.00571429;0.00000000
HK97-like,65,189,1227,0.7388141809290952,0.0246135515918697,0.00000000;0.00000000;0.00000000;0.00000000;0.00000000;0.00000000;0.00000000;0.00000000;0.00000000;0.00000000;0.00000000;0.00000000;0.00000000;0.00407498;0.72697637;0.26324368;0.00000000;0.00570497;0.00000000;0.00000000
HK97-like,65,209,875,0.8137428571428572,0.0244158529965884,0.00000000;0.00000000;0.00000000;0.00000000;0.00000000;0.00000000;0.00000000;0.00000000;0.00000000;0.00000000;0.00000000;0.00000000;0.00000000;0.00000000;0.00114286;0.23885714;0.75428571;0.00000000;0.00114286;0.00457143
HK97-like,65,213,175,0.8224285714285714,0.0171285654712249,0.00000000;0.00000000;0.00000000;0.00000000;0.00000000;0.00000000;0.00000000;0.00000000;0.00000000;0.00000000;0.00000000;0.00000000;0.00000000;0.00000000;0.00000000;0.06857143;0.92571429;0.00000000;0.00000000;0.00571429
HK97-like,65,216,350,0.8222857142857142,0.0173140264006984,0.00000000;0.00000000;0.00000000;0.00000000;0.00000000;0.00000000;0.00000000;0.00000000;0.00000000;0.00000000;0.00000000;0.00000000;0.00000000;0.00000000;0.00000000;0.07142857;0.92285714;0.00000000;0.00000000;0.00571429
HK97-like,65,224,671,0.8247764530551415,0.0137827765669005,0.00000000;0.00000000;0.00000000;0.00000000;0.00000000;0.00000000;0.00000000;0.00000000;0.00000000;0.00000000;0.00000000;0.00000000;0.00000000;0.00000000;0.00000000;0.02235469;0.97168405;0.00000000;0.00000000;0.00596125
HK97-like,65,229,1168,0.8291523972602738,0.0184446801850792,0.00000000;0.00000000;0.00000000;0.00000000;0.00000000;0.00000000;0.00000000;0.00000000;0.00000000;0.00000000;0.00000000;0.00000000;0.00000000;0.00000000;0.00000000;0.01455479;0.89811644;0.08219178;0.00000000;0.00513699
HK97-like,65,248,348,0.8520114942528736,0.0249189464237687,0.00000000;0.00000000;0.00000000;0.00000000;0.00000000;0.00000000;0.00000000;0.00000000;0.00000000;0.00000000;0.00000000;0.00000000;0.00000000;0.00000000;0.00000000;0.00000000;0.45977011;0.54022989;0.00000000;0.00000000
HK97-like,65,252,348,0.8640804597701149,0.0206577020179441,0.00000000;0.00000000;0.00000000;0.00000000;0.00000000;0.00000000;0.00000000;0.00000000;0.00000000;0.00000000;0.00000000;0.00000000;0.00000000;0.00000000;0.00000000;0.00000000;0.21839080;0.78160920;0.00000000;0.00000000
HK97-like,65,259,1081,0.8711609620721553,0.01331216301661,0.00000000;0.00000000;0.00000000;0.00000000;0.00000000;0.00000000;0.00000000;0.00000000;0.00000000;0.00000000;0.00000000;0.00000000;0.00000000;0.00000000;0.00000000;0.00000000;0.07678076;0.92321924;0.00000000;0.00000000
HK97-like,65,297,522,0.9238505747126436,0.007493336097934,0.00000000;0.00000000;0.00000000;0.00000000;0.00000000;0.00000000;0.00000000;0.00000000;0.00000000;0.00000000;0.00000000;0.00000000;0.00000000;0.00000000;0.00000000;0.00000000;0.00000000;0.02298851;0.97701149;0.00000000
HK97-like,65,301,174,0.9241379310344828,0.0065084779614403,0.00000000;0.00000000;0.00000000;0.00000000;0.00000000;0.00000000;0.00000000;0.00000000;0.00000000;0.00000000;0.00000000;0.00000000;0.00000000;0.00000000;0.00000000;0.00000000;0.00000000;0.01724138;0.98275862;0.00000000
HK97-like,65,302,522,0.925095785440613,0.0065646228699925,0.00000000;0.00000000;0.00000000;0.00000000;0.00000000;0.00000000;0.00000000;0.00000000;0.00000000;0.00000000;0.00000000;0.00000000;0.00000000;0.00000000;0.00000000;0.00000000;0.00000000;0.00766284;0.98275862;0.00957854
HK97-like,65,313,870,0.9426436781609197,0.0240131558824875,0.00000000;0.00000000;0.00000000;0.00000000;0.00000000;0.00000000;0.00000000;0.00000000;0.00000000;0.00000000;0.00000000;0.00000000;0.00000000;0.00000000;0.00000000;0.00000000;0.00000000;0.00114943;0.64482759;0.35402299
HK97-like,65,321,522,0.9681992337164752,0.0171402418924913,0.00000000;0.00000000;0.00000000;0.00000000;0.00000000;0.00000000;0.00000000;0.00000000;0.00000000;0.00000000;0.00000000;0.00000000;0.00000000;0.00000000;0.00000000;0.00000000;0.00000000;0.00000000;0.13601533;0.86398467
HK97-like,65,340,6292,0.0581929434202161,0.0359242549346222,0.46741894;0.41465353;0.10600763;0.01096631;0.00047680;0.00047680;0.00000000;0.00000000;0.00000000;0.00000000;0.00000000;0.00000000;0.00000000;0.00000000;0.00000000;0.00000000;0.00000000;0.00000000;0.00000000;0.00000000
HK97-like,66,10,655,0.0259160305343511,0.0082379110298953,0.98625954;0.00916031;0.00458015;0.00000000;0.00000000;0.00000000;0.00000000;0.00000000;0.00000000;0.00000000;0.00000000;0.00000000;0.00000000;0.00000000;0.00000000;0.00000000;0.00000000;0.00000000;0.00000000;0.00000000
HK97-like,66,91,2585,0.2850580270793036,0.0299160094150007,0.00116054;0.00038685;0.00309478;0.00502901;0.00386847;0.77756286;0.19381044;0.01199226;0.00154739;0.00000000;0.00000000;0.00154739;0.00000000;0.00000000;0.00000000;0.00000000;0.00000000;0.00000000;0.00000000;0.00000000
HK97-like,66,98,8029,0.3192832233154814,0.0294690845818628,0.00000000;0.00137003;0.00074729;0.00485739;0.00361191;0.14995641;0.78266285;0.05081579;0.00448375;0.00000000;0.00000000;0.00149458;0.00000000;0.00000000;0.00000000;0.00000000;0.00000000;0.00000000;0.00000000;0.00000000
HK97-like,66,105,1293,0.3425947409126063,0.0329899518818214,0.00077340;0.00000000;0.00154679;0.00232019;0.00541377;0.00386698;0.62567672;0.34338747;0.01392111;0.00154679;0.00000000;0.00077340;0.00077340;0.00000000;0.00000000;0.00000000;0.00000000;0.00000000;0.00000000;0.00000000
HK97-like,66,109,1290,0.3387209302325581,0.0318321607992635,0.00077519;0.00000000;0.00155039;0.00232558;0.00620155;0.00465116;0.69612403;0.27364341;0.01240310;0.00077519;0.00000000;0.00077519;0.00077519;0.00000000;0.00000000;0.00000000;0.00000000;0.00000000;0.00000000;0.00000000
HK97-like,66,111,1292,0.347329721362229,0.0337685568603412,0.00077399;0.00000000;0.00154799;0.00154799;0.00619195;0.00386997;0.53482972;0.43111455;0.01702786;0.00154799;0.00000000;0.00077399;0.00077399;0.00000000;0.00000000;0.00000000;0.00000000;0.00000000;0.00000000;0.00000000
HK97-like,66,114,647,0.3658037094281298,0.0320061352092296,0.00154560;0.00000000;0.00154560;0.00000000;0.00772798;0.00154560;0.17774343;0.78052550;0.02472952;0.00309119;0.00000000;0.00000000;0.00154560;0.00000000;0.00000000;0.00000000;0.00000000;0.00000000;0.00000000;0.00000000
HK97-like,66,115,646,0.3684984520123839,0.0309221908368185,0.00154799;0.00000000;0.00154799;0.00000000;0.00773994;0.00154799;0.12848297;0.82507740;0.02941176;0.00309598;0.00000000;0.00000000;0.00154799;0.00000000;0.00000000;0.00000000;0.00000000;0.00000000;0.00000000;0.00000000
HK97-like,66,118,1942,0.357826982492276,0.0347477289681435,0.00154480;0.00000000;0.00154480;0.00102987;0.00566426;0.00411946;0.33316169;0.62358393;0.02523172;0.00257467;0.00000000;0.00051493;0.00102987;0.00000000;0.00000000;0.00000000;0.00000000;0.00000000;0.00000000;0.00000000
HK97-like,66,119,646,0.3740712074303405,0.0280822190820645,0.00154799;0.00000000;0.00000000;0.00154799;0.00464396;0.00464396;0.04798762;0.87925697;0.05572755;0.00309598;0.00000000;0.00000000;0.00154799;0.00000000;0.00000000;0.00000000;0.00000000;0.00000000;0.00000000;0.00000000
HK97-like,66,121,1294,0.3785548686244204,0.0290052439474494,0.00077280;0.00077280;0.00000000;0.00154560;0.00463679;0.00386399;0.02163833;0.84775889;0.11205564;0.00540958;0.00000000;0.00000000;0.00154560;0.00000000;0.00000000;0.00000000;0.00000000;0.00000000;0.00000000;0.00000000
HK97-like,66,123,645,0.3767829457364341,0.0286775609117959,0.00155039;0.00000000;0.00000000;0.00155039;0.00465116;0.00465116;0.02480620;0.87441860;0.08062016;0.00620155;0.00000000;0.00000000;0.00155039;0.00000000;0.00000000;0.00000000;0.00000000;0.00000000;0.00000000;0.00000000
HK97-like,66,125,649,0.3844761171032357,0.0310132403708083,0.00000000;0.00154083;0.00000000;0.00154083;0.00462250;0.00308166;0.00616333;0.76733436;0.20493066;0.00924499;0.00000000;0.00000000;0.00154083;0.00000000;0.00000000;0.00000000;0.00000000;0.00000000;0.00000000;0.00000000
HK97-like,66,128,1296,0.3830246913580247,0.0302579345001171,0.00000000;0.00154321;0.00000000;0.00154321;0.00308642;0.00462963;0.01234568;0.78395062;0.18364198;0.00771605;0.00000000;0.00000000;0.00154321;0.00000000;0.00000000;0.00000000;0.00000000;0.00000000;0.00000000;0.00000000
HK97-like,66,129,1947,0.3950308166409861,0.0342113296290563,0.00000000;0.00154083;0.00000000;0.00102722;0.00308166;0.00513611;0.00770416;0.56034926;0.40626605;0.01284027;0.00051361;0.00000000;0.00154083;0.00000000;0.00000000;0.00000000;0.00000000;0.00000000;0.00000000;0.00000000
HK97-like,66,131,649,0.3975731895223421,0.0341482937847468,0.00000000;0.00154083;0.00000000;0.00154083;0.00154083;0.00616333;0.00616333;0.51155624;0.45762712;0.01232666;0.00000000;0.00000000;0.00154083;0.00000000;0.00000000;0.00000000;0.00000000;0.00000000;0.00000000;0.00000000
HK97-like,66,160,3235,0.5081993817619784,0.0327719222321386,0.00000000;0.00000000;0.00000000;0.00000000;0.00092736;0.00061824;0.00247295;0.00309119;0.01514683;0.31190108;0.63771252;0.02503864;0.00154560;0.00030912;0.00123648;0.00000000;0.00000000;0.00000000;0.00000000;0.00000000
HK97-like,66,163,3869,0.511495218402688,0.0321008811494532,0.00000000;0.00000000;0.00000000;0.00000000;0.00103386;0.00051693;0.00206772;0.00310158;0.01266477;0.26079090;0.68389765;0.03204963;0.00232618;0.00051693;0.00103386;0.00000000;0.00000000;0.00000000;0.00000000;0.00000000
HK97-like,66,166,4039,0.5311648923000742,0.0313771323134844,0.00000000;0.00000000;0.00000000;0.00000000;0.00074276;0.00148552;0.00173310;0.00297103;0.00321862;0.04382273;0.75662293;0.18049022;0.00742758;0.00000000;0.00148552;0.00000000;0.00000000;0.00000000;0.00000000;0.00000000
HK97-like,66,169,651,0.5230030721966205,0.0276416612108248,0.00000000;0.00000000;0.00000000;0.00000000;0.00000000;0.00153610;0.00153610;0.00307220;0.00768049;0.07987711;0.83717358;0.06298003;0.00460829;0.00000000;0.00153610;0.00000000;0.00000000;0.00000000;0.00000000;0.00000000
HK97-like,66,171,1293,0.5504833720030936,0.0328207639521418,0.00000000;0.00000000;0.00000000;0.00000000;0.00000000;0.00077340;0.00232019;0.00154679;0.00154679;0.02010828;0.44006187;0.51972158;0.01237432;0.00000000;0.00154679;0.00000000;0.00000000;0.00000000;0.00000000;0.00000000
HK97-like,66,172,1294,0.5585394126738794,0.0316885623610193,0.00000000;0.00000000;0.00000000;0.00000000;0.00000000;0.00000000;0.00309119;0.00154560;0.00154560;0.01468315;0.29829985;0.66074189;0.01700155;0.00154560;0.00154560;0.00000000;0.00000000;0.00000000;0.00000000;0.00000000
HK97-like,66,173,646,0.5630030959752321,0.0307170244999431,0.00000000;0.00000000;0.00000000;0.00000000;0.00000000;0.00000000;0.00309598;0.00154799;0.00154799;0.01393189;0.21826625;0.73374613;0.02476780;0.00154799;0.00154799;0.00000000;0.00000000;0.00000000;0.00000000;0.00000000
HK97-like,66,175,647,0.5656491499227201,0.0293127715077563,0.00000000;0.00000000;0.00000000;0.00000000;0.00000000;0.00000000;0.00309119;0.00000000;0.00309119;0.01236476;0.17465224;0.77434312;0.02936631;0.00154560;0.00154560;0.00000000;0.00000000;0.00000000;0.00000000;0.00000000
HK97-like,66,178,1295,0.5677027027027027,0.0274887206147387,0.00000000;0.00000000;0.00000000;0.00000000;0.00000000;0.00000000;0.00154440;0.00154440;0.00308880;0.00849421;0.14594595;0.80386100;0.03243243;0.00154440;0.00154440;0.00000000;0.00000000;0.00000000;0.00000000;0.00000000
HK97-like,66,179,1294,0.5710587326120556,0.0267349971841592,0.00000000;0.00000000;0.00000000;0.00000000;0.00000000;0.00000000;0.00154560;0.00154560;0.00309119;0.00618238;0.10200927;0.83307573;0.04791345;0.00309119;0.00154560;0.00000000;0.00000000;0.00000000;0.00000000;0.00000000
HK97-like,66,180,1294,0.5739567233384852,0.0263153444654072,0.00000000;0.00000000;0.00000000;0.00000000;0.00000000;0.00000000;0.00154560;0.00154560;0.00309119;0.00618238;0.06491499;0.85007728;0.06723338;0.00386399;0.00154560;0.00000000;0.00000000;0.00000000;0.00000000;0.00000000
HK97-like,66,185,12896,0.6250387717121588,0.0338310425450114,0.00000000;0.00000000;0.00000000;0.00000000;0.00000000;0.00000000;0.00000000;0.00178350;0.00240385;0.00186104;0.00930521;0.13135856;0.68432072;0.16446960;0.00310174;0.00139578;0.00000000;0.00000000;0.00000000;0.00000000
HK97-like,66,189,1941,0.5894255538382277,0.0318264589484299,0.00000000;0.00000000;0.00000000;0.00000000;0.00000000;0.00000000;0.00000000;0.00309119;0.00154560;0.00360639;0.03194230;0.62751159;0.32302937;0.00772798;0.00000000;0.00154560;0.00000000;0.00000000;0.00000000;0.00000000
HK97-like,66,209,3232,0.6656404702970298,0.0269325697372179,0.00000000;0.00000000;0.00000000;0.00000000;0.00000000;0.00000000;0.00000000;0.00000000;0.00154703;0.00154703;0.00216584;0.01299505;0.16336634;0.79764851;0.01918317;0.00123762;0.00030941;0.00000000;0.00000000;0.00000000
HK97-like,66,213,646,0.671981424148607,0.0256981097318895,0.00000000;0.00000000;0.00000000;0.00000000;0.00000000;0.00000000;0.00000000;0.00000000;0.00154799;0.00154799;0.00154799;0.00928793;0.08204334;0.84984520;0.05108359;0.00154799;0.00154799;0.00000000;0.00000000;0.00000000
HK97-like,66,216,1292,0.6723684210526317,0.0258905267286533,0.00000000;0.00000000;0.00000000;0.00000000;0.00000000;0.00000000;0.00000000;0.00000000;0.00154799;0.00154799;0.00154799;0.00928793;0.08049536;0.84442724;0.05882353;0.00077399;0.00154799;0.00000000;0.00000000;0.00000000
HK97-like,66,224,2575,0.6785533980582524,0.0276944942673637,0.00000000;0.00000000;0.00000000;0.00000000;0.00000000;0.00000000;0.00000000;0.00000000;0.00155340;0.00155340;0.00077670;0.00660194;0.04932039;0.79650485;0.13902913;0.00310680;0.00155340;0.00000000;0.00000000;0.00000000
HK97-like,66,229,6635,0.7075018839487566,0.0310297247344995,0.00000000;0.00000000;0.00000000;0.00000000;0.00000000;0.00000000;0.00000000;0.00000000;0.00135644;0.00135644;0.00000000;0.00301432;0.02290882;0.29223813;0.66797287;0.01024868;0.00090430;0.00000000;0.00000000;0.00000000
HK97-like,66,248,1294,0.721870170015456,0.0237488174042608,0.00000000;0.00000000;0.00000000;0.00000000;0.00000000;0.00000000;0.00000000;0.00000000;0.00000000;0.00231839;0.00077280;0.00000000;0.00695518;0.08114374;0.86321484;0.04404946;0.00154560;0.00000000;0.00000000;0.00000000
HK97-like,66,252,1294,0.7249999999999999,0.0247085014998451,0.00000000;0.00000000;0.00000000;0.00000000;0.00000000;0.00000000;0.00000000;0.00000000;0.00000000;0.00154560;0.00154560;0.00000000;0.00540958;0.06491499;0.83925811;0.08500773;0.00231839;0.00000000;0.00000000;0.00000000
HK97-like,66,259,3883,0.7395506052021633,0.0307762513590448,0.00000000;0.00000000;0.00000000;0.00000000;0.00000000;0.00000000;0.00000000;0.00000000;0.00000000;0.00154520;0.00154520;0.00000000;0.00257533;0.03682720;0.61370075;0.34071594;0.00309039;0.00000000;0.00000000;0.00000000
HK97-like,66,297,41,0.8286585365853659,0.0279159101030722,0.00000000;0.00000000;0.00000000;0.00000000;0.00000000;0.00000000;0.00000000;0.00000000;0.00000000;0.00000000;0.00000000;0.00000000;0.00000000;0.00000000;0.02439024;0.00000000;0.90243902;0.02439024;0.04878049;0.00000000
HK97-like,66,301,34,0.8308823529411764,0.0264705882352941,0.00000000;0.00000000;0.00000000;0.00000000;0.00000000;0.00000000;0.00000000;0.00000000;0.00000000;0.00000000;0.00000000;0.00000000;0.00000000;0.00000000;0.00000000;0.00000000;0.94117647;0.02941176;0.00000000;0.02941176
HK97-like,66,302,96,0.8328125,0.0300417461279577,0.00000000;0.00000000;0.00000000;0.00000000;0.00000000;0.00000000;0.00000000;0.00000000;0.00000000;0.00000000;0.00000000;0.00000000;0.00000000;0.00000000;0.01041667;0.01041667;0.84375000;0.10416667;0.01041667;0.02083333
HK97-like,66,340,810,0.0792592592592592,0.1842830805372289,0.83086420;0.04938272;0.03703704;0.02098765;0.00246914;0.00493827;0.00000000;0.00246914;0.00000000;0.00000000;0.00000000;0.00000000;0.00370370;0.00493827;0.00370370;0.00740741;0.00246914;0.00370370;0.01975309;0.00617284
HK97-like,68,10,333,0.025,0.0,1.00000000;0.00000000;0.00000000;0.00000000;0.00000000;0.00000000;0.00000000;0.00000000;0.00000000;0.00000000;0.00000000;0.00000000;0.00000000;0.00000000;0.00000000;0.00000000;0.00000000;0.00000000;0.00000000;0.00000000
HK97-like,68,91,1328,0.2801581325301205,0.0246537283063662,0.00301205;0.00000000;0.00301205;0.00150602;0.00753012;0.84713855;0.13780120;0.00000000;0.00000000;0.00000000;0.00000000;0.00000000;0.00000000;0.00000000;0.00000000;0.00000000;0.00000000;0.00000000;0.00000000;0.00000000
HK97-like,68,98,4482,0.3145024542614904,0.0277185062673441,0.00066934;0.00223115;0.00044623;0.00267738;0.00557787;0.19589469;0.77041499;0.02208835;0.00000000;0.00000000;0.00000000;0.00000000;0.00000000;0.00000000;0.00000000;0.00000000;0.00000000;0.00000000;0.00000000;0.00000000
HK97-like,68,105,664,0.3478915662650603,0.0297339658312314,0.00000000;0.00000000;0.00301205;0.00000000;0.00451807;0.00753012;0.50000000;0.48343373;0.00150602;0.00000000;0.00000000;0.00000000;0.00000000;0.00000000;0.00000000;0.00000000;0.00000000;0.00000000;0.00000000;0.00000000
HK97-like,68,109,664,0.3422439759036144,0.0296834827885349,0.00000000;0.00150602;0.00150602;0.00150602;0.00301205;0.00753012;0.60843373;0.37650602;0.00000000;0.00000000;0.00000000;0.00000000;0.00000000;0.00000000;0.00000000;0.00000000;0.00000000;0.00000000;0.00000000;0.00000000
HK97-like,68,111,664,0.3518825301204819,0.0297491226292969,0.00000000;0.00000000;0.00301205;0.00000000;0.00451807;0.00753012;0.42018072;0.56325301;0.00150602;0.00000000;0.00000000;0.00000000;0.00000000;0.00000000;0.00000000;0.00000000;0.00000000;0.00000000;0.00000000;0.00000000
HK97-like,68,114,332,0.3700301204819277,0.0219047567862554,0.00000000;0.00000000;0.00301205;0.00000000;0.00301205;0.00602410;0.06927711;0.91265060;0.00602410;0.00000000;0.00000000;0.00000000;0.00000000;0.00000000;0.00000000;0.00000000;0.00000000;0.00000000;0.00000000;0.00000000
HK97-like,68,115,332,0.3728915662650602,0.0192888706585365,0.00000000;0.00000000;0.00301205;0.00000000;0.00301205;0.00602410;0.01506024;0.96385542;0.00903614;0.00000000;0.00000000;0.00000000;0.00000000;0.00000000;0.00000000;0.00000000;0.00000000;0.00000000;0.00000000;0.00000000
HK97-like,68,118,996,0.3617971887550201,0.0273289318156647,0.00000000;0.00000000;0.00200803;0.00100402;0.00401606;0.00602410;0.23393574;0.74497992;0.00803213;0.00000000;0.00000000;0.00000000;0.00000000;0.00000000;0.00000000;0.00000000;0.00000000;0.00000000;0.00000000;0.00000000
HK97-like,68,119,332,0.3756024096385542,0.019002181079021,0.00000000;0.00000000;0.00000000;0.00301205;0.00301205;0.00301205;0.00903614;0.93373494;0.04819277;0.00000000;0.00000000;0.00000000;0.00000000;0.00000000;0.00000000;0.00000000;0.00000000;0.00000000;0.00000000;0.00000000
HK97-like,68,121,664,0.383960843373494,0.0258640730355355,0.00000000;0.00000000;0.00000000;0.00301205;0.00150602;0.00451807;0.00753012;0.77108434;0.21234940;0.00000000;0.00000000;0.00000000;0.00000000;0.00000000;0.00000000;0.00000000;0.00000000;0.00000000;0.00000000;0.00000000
HK97-like,68,123,332,0.3798192771084337,0.0231085153961646,0.00000000;0.00000000;0.00000000;0.00301205;0.00301205;0.00301205;0.00602410;0.85542169;0.12951807;0.00000000;0.00000000;0.00000000;0.00000000;0.00000000;0.00000000;0.00000000;0.00000000;0.00000000;0.00000000;0.00000000
HK97-like,68,125,332,0.3954819277108433,0.0295917447971449,0.00000000;0.00000000;0.00000000;0.00301205;0.00000000;0.00602410;0.00602410;0.54518072;0.43975904;0.00000000;0.00000000;0.00000000;0.00000000;0.00000000;0.00000000;0.00000000;0.00000000;0.00000000;0.00000000;0.00000000
HK97-like,68,128,664,0.3928463855421686,0.0291965795602846,0.00000000;0.00000000;0.00000000;0.00301205;0.00000000;0.00602410;0.00602410;0.59939759;0.38403614;0.00150602;0.00000000;0.00000000;0.00000000;0.00000000;0.00000000;0.00000000;0.00000000;0.00000000;0.00000000;0.00000000
HK97-like,68,129,996,0.4061746987951807,0.0292050911968599,0.00000000;0.00000000;0.00000000;0.00200803;0.00100402;0.00602410;0.00502008;0.33835341;0.64357430;0.00401606;0.00000000;0.00000000;0.00000000;0.00000000;0.00000000;0.00000000;0.00000000;0.00000000;0.00000000;0.00000000
HK97-like,68,131,332,0.4131024096385541,0.0271932241556012,0.00000000;0.00000000;0.00000000;0.00301205;0.00000000;0.00602410;0.00602410;0.19578313;0.78614458;0.00301205;0.00000000;0.00000000;0.00000000;0.00000000;0.00000000;0.00000000;0.00000000;0.00000000;0.00000000;0.00000000
HK97-like,68,160,1662,0.4930505415162454,0.0291112203372901,0.00000000;0.00000000;0.00000000;0.00000000;0.00000000;0.00060168;0.00300842;0.00722022;0.00782190;0.58724428;0.39350181;0.00060168;0.00000000;0.00000000;0.00000000;0.00000000;0.00000000;0.00000000;0.00000000;0.00000000
HK97-like,68,163,1993,0.497629202207727,0.0300060453888099,0.00000000;0.00000000;0.00000000;0.00000000;0.00000000;0.00100351;0.00301054;0.00652283;0.00551932;0.50275966;0.47817361;0.00301054;0.00000000;0.00000000;0.00000000;0.00000000;0.00000000;0.00000000;0.00000000;0.00000000
HK97-like,68,166,2599,0.5285013466717969,0.0244456645188751,0.00000000;0.00000000;0.00000000;0.00000000;0.00000000;0.00000000;0.00076953;0.00577145;0.00654098;0.02500962;0.83339746;0.12851097;0.00000000;0.00000000;0.00000000;0.00000000;0.00000000;0.00000000;0.00000000;0.00000000
HK97-like,68,169,332,0.5197289156626507,0.0218342332633345,0.00000000;0.00000000;0.00000000;0.00000000;0.00000000;0.00000000;0.00301205;0.00602410;0.00301205;0.07831325;0.90060241;0.00903614;0.00000000;0.00000000;0.00000000;0.00000000;0.00000000;0.00000000;0.00000000;0.00000000
HK97-like,68,171,662,0.5444864048338369,0.030196370844032,0.00000000;0.00000000;0.00000000;0.00000000;0.00000000;0.00000000;0.00000000;0.00604230;0.00604230;0.00604230;0.55891239;0.41993958;0.00302115;0.00000000;0.00000000;0.00000000;0.00000000;0.00000000;0.00000000;0.00000000
HK97-like,68,172,663,0.5531297134238311,0.0297774764974195,0.00000000;0.00000000;0.00000000;0.00000000;0.00000000;0.00000000;0.00000000;0.00452489;0.00754148;0.00000000;0.40120664;0.58220211;0.00452489;0.00000000;0.00000000;0.00000000;0.00000000;0.00000000;0.00000000;0.00000000
HK97-like,68,173,331,0.5608006042296072,0.0279329603074616,0.00000000;0.00000000;0.00000000;0.00000000;0.00000000;0.00000000;0.00000000;0.00302115;0.00906344;0.00000000;0.25377644;0.72507553;0.00906344;0.00000000;0.00000000;0.00000000;0.00000000;0.00000000;0.00000000;0.00000000
HK97-like,68,175,333,0.5661411411411411,0.0230136639374725,0.00000000;0.00000000;0.00000000;0.00000000;0.00000000;0.00000000;0.00000000;0.00000000;0.00600601;0.00600601;0.15615616;0.82282282;0.00900901;0.00000000;0.00000000;0.00000000;0.00000000;0.00000000;0.00000000;0.00000000
HK97-like,68,178,664,0.5694277108433734,0.0205123577989124,0.00000000;0.00000000;0.00000000;0.00000000;0.00000000;0.00000000;0.00000000;0.00000000;0.00602410;0.00602410;0.09186747;0.88554217;0.01054217;0.00000000;0.00000000;0.00000000;0.00000000;0.00000000;0.00000000;0.00000000
HK97-like,68,179,664,0.5726656626506024,0.0203094203729745,0.00000000;0.00000000;0.00000000;0.00000000;0.00000000;0.00000000;0.00000000;0.00000000;0.00602410;0.00602410;0.05271084;0.89909639;0.03614458;0.00000000;0.00000000;0.00000000;0.00000000;0.00000000;0.00000000;0.00000000
HK97-like,68,180,665,0.5776315789473683,0.0246141574532013,0.00000000;0.00000000;0.00000000;0.00000000;0.00000000;0.00000000;0.00000000;0.00000000;0.00601504;0.00601504;0.02706767;0.85714286;0.10225564;0.00000000;0.00000000;0.00000000;0.00150376;0.00000000;0.00000000;0.00000000
HK97-like,68,185,6717,0.6332626172398392,0.0331611409468697,0.00000000;0.00000000;0.00000000;0.00000000;0.00000000;0.00000000;0.00000000;0.00000000;0.00104213;0.00506178;0.00625279;0.08664582;0.62200387;0.27422957;0.00476403;0.00000000;0.00000000;0.00000000;0.00000000;0.00000000
HK97-like,68,189,995,0.5932412060301507,0.0295939371516098,0.00000000;0.00000000;0.00000000;0.00000000;0.00000000;0.00000000;0.00000000;0.00000000;0.00402010;0.00804020;0.00804020;0.58190955;0.39497487;0.00301508;0.00000000;0.00000000;0.00000000;0.00000000;0.00000000;0.00000000
HK97-like,68,209,1624,0.6753694581280789,0.0249972698647591,0.00000000;0.00000000;0.00000000;0.00000000;0.00000000;0.00000000;0.00000000;0.00000000;0.00000000;0.00184729;0.00307882;0.00800493;0.05788177;0.83374384;0.09298030;0.00246305;0.00000000;0.00000000;0.00000000;0.00000000
HK97-like,68,213,332,0.684487951807229,0.0264696320546038,0.00000000;0.00000000;0.00000000;0.00000000;0.00000000;0.00000000;0.00000000;0.00000000;0.00000000;0.00000000;0.00301205;0.00602410;0.02108434;0.74397590;0.21987952;0.00602410;0.00000000;0.00000000;0.00000000;0.00000000
HK97-like,68,216,664,0.6846385542168676,0.0264151646447815,0.00000000;0.00000000;0.00000000;0.00000000;0.00000000;0.00000000;0.00000000;0.00000000;0.00000000;0.00000000;0.00301205;0.00602410;0.01957831;0.74397590;0.22138554;0.00602410;0.00000000;0.00000000;0.00000000;0.00000000
HK97-like,68,224,1328,0.6988704819277108,0.029277259500577,0.00000000;0.00000000;0.00000000;0.00000000;0.00000000;0.00000000;0.00000000;0.00000000;0.00000000;0.00000000;0.00301205;0.00527108;0.00527108;0.49171687;0.48719880;0.00753012;0.00000000;0.00000000;0.00000000;0.00000000
HK97-like,68,229,8884,0.7492120666366501,0.0346266906694107,0.00000000;0.00000000;0.00000000;0.00000000;0.00000000;0.00000000;0.00000000;0.00000000;0.00000000;0.00000000;0.00123818;0.00292661;0.00371454;0.04142278;0.43437641;0.48773075;0.02667717;0.00191355;0.00000000;0.00000000
HK97-like,68,248,662,0.8005287009063443,0.0311793601525241,0.00000000;0.00000000;0.00000000;0.00000000;0.00000000;0.00000000;0.00000000;0.00000000;0.00000000;0.00000000;0.00000000;0.00302115;0.00302115;0.00000000;0.01812689;0.42900302;0.54380665;0.00302115;0.00000000;0.00000000
HK97-like,68,252,662,0.8135196374622357,0.0262957052744483,0.00000000;0.00000000;0.00000000;0.00000000;0.00000000;0.00000000;0.00000000;0.00000000;0.00000000;0.00000000;0.00000000;0.00151057;0.00151057;0.00302115;0.01057402;0.19033233;0.79003021;0.00151057;0.00151057;0.00000000
HK97-like,68,259,1986,0.8201913393756294,0.0205240665236031,0.00000000;0.00000000;0.00000000;0.00000000;0.00000000;0.00000000;0.00000000;0.00000000;0.00000000;0.00000000;0.00000000;0.00000000;0.00302115;0.00302115;0.00352467;0.07502518;0.91137966;0.00100705;0.00302115;0.00000000
HK97-like,68,297,993,0.8975579053373616,0.030762431810888,0.00000000;0.00000000;0.00000000;0.00000000;0.00000000;0.00000000;0.00000000;0.00000000;0.00000000;0.00000000;0.00000000;0.00000000;0.00000000;0.00302115;0.00302115;0.00302115;0.00805639;0.49647533;0.48640483;0.00000000
HK97-like,68,301,330,0.9157575757575758,0.0257794025167971,0.00000000;0.00000000;0.00000000;0.00000000;0.00000000;0.00000000;0.00000000;0.00000000;0.00000000;0.00000000;0.00000000;0.00000000;0.00000000;0.00303030;0.00303030;0.00000000;0.00909091;0.13939394;0.84545455;0.00000000
HK97-like,68,302,993,0.9171450151057402,0.02536205342837,0.00000000;0.00000000;0.00000000;0.00000000;0.00000000;0.00000000;0.00000000;0.00000000;0.00000000;0.00000000;0.00000000;0.00000000;0.00000000;0.00302115;0.00402820;0.00100705;0.00503525;0.11278953;0.87411883;0.00000000
HK97-like,68,313,1655,0.9214652567975832,0.0197693918301207,0.00000000;0.00000000;0.00000000;0.00000000;0.00000000;0.00000000;0.00000000;0.00000000;0.00000000;0.00000000;0.00000000;0.00000000;0.00000000;0.00302115;0.00060423;0.00181269;0.00302115;0.04471299;0.94380665;0.00302115
HK97-like,68,321,993,0.9257552870090636,0.0222576131728509,0.00000000;0.00000000;0.00000000;0.00000000;0.00000000;0.00000000;0.00000000;0.00000000;0.00000000;0.00000000;0.00000000;0.00000000;0.00000000;0.00302115;0.00000000;0.00302115;0.00302115;0.01913394;0.90735146;0.06445116
HK97-like,68,340,381,0.146259842519685,0.3057961309258409,0.86351706;0.00000000;0.00000000;0.00000000;0.00000000;0.00000000;0.00000000;0.00000000;0.00000000;0.00000000;0.00000000;0.00000000;0.00000000;0.00000000;0.00000000;0.01049869;0.01049869;0.02099738;0.05249344;0.04199475
HK97-like,69,10,378,0.0251322751322751,0.0025683184972152,0.99735450;0.00264550;0.00000000;0.00000000;0.00000000;0.00000000;0.00000000;0.00000000;0.00000000;0.00000000;0.00000000;0.00000000;0.00000000;0.00000000;0.00000000;0.00000000;0.00000000;0.00000000;0.00000000;0.00000000
HK97-like,69,91,368,0.5873641304347825,0.0456309393549789,0.00000000;0.00000000;0.00000000;0.00000000;0.00000000;0.00000000;0.00543478;0.00271739;0.00271739;0.01630435;0.07065217;0.55434783;0.31250000;0.02989130;0.00271739;0.00000000;0.00000000;0.00271739;0.00000000;0.00000000
HK97-like,69,98,2205,0.6081065759637189,0.0470837530155205,0.00000000;0.00000000;0.00000000;0.00000000;0.00000000;0.00000000;0.00136054;0.00634921;0.00181406;0.00861678;0.04399093;0.30158730;0.53061224;0.09750567;0.00408163;0.00136054;0.00000000;0.00136054;0.00136054;0.00000000
HK97-like,69,105,733,0.6287517053206003,0.0434240930347582,0.00000000;0.00000000;0.00000000;0.00000000;0.00000000;0.00000000;0.00000000;0.00409277;0.00409277;0.00272851;0.02182810;0.09549795;0.64529332;0.20736698;0.01364256;0.00272851;0.00000000;0.00000000;0.00272851;0.00000000
HK97-like,69,109,734,0.6269073569482289,0.0430817248261395,0.00000000;0.00000000;0.00000000;0.00000000;0.00000000;0.00000000;0.00000000;0.00408719;0.00408719;0.00272480;0.02316076;0.10354223;0.66076294;0.18392371;0.01226158;0.00272480;0.00000000;0.00000000;0.00272480;0.00000000
HK97-like,69,111,735,0.6301700680272108,0.0434929619999924,0.00000000;0.00000000;0.00000000;0.00000000;0.00000000;0.00000000;0.00000000;0.00408163;0.00408163;0.00136054;0.02176871;0.09115646;0.63401361;0.22176871;0.01632653;0.00272109;0.00000000;0.00000000;0.00272109;0.00000000
HK97-like,69,114,369,0.6354336043360432,0.0433155255250055,0.00000000;0.00000000;0.00000000;0.00000000;0.00000000;0.00000000;0.00000000;0.00271003;0.00542005;0.00000000;0.01626016;0.07859079;0.58265583;0.28726287;0.02168022;0.00271003;0.00000000;0.00000000;0.00271003;0.00000000
HK97-like,69,115,368,0.6384510869565218,0.0441069944038387,0.00000000;0.00000000;0.00000000;0.00000000;0.00000000;0.00000000;0.00000000;0.00271739;0.00543478;0.00000000;0.01358696;0.06793478;0.55434783;0.32880435;0.02173913;0.00271739;0.00000000;0.00000000;0.00000000;0.00271739
HK97-like,69,118,1101,0.6350363306085377,0.043949010034281,0.00000000;0.00000000;0.00000000;0.00000000;0.00000000;0.00000000;0.00000000;0.00272480;0.00544959;0.00090827;0.01634877;0.07992734;0.58492280;0.28247048;0.02179837;0.00272480;0.00000000;0.00000000;0.00181653;0.00090827
HK97-like,69,119,368,0.6433423913043478,0.0454054457893009,0.00000000;0.00000000;0.00000000;0.00000000;0.00000000;0.00000000;0.00000000;0.00271739;0.00543478;0.00000000;0.01086957;0.06521739;0.48097826;0.39945652;0.02989130;0.00000000;0.00271739;0.00000000;0.00000000;0.00271739
HK97-like,69,121,735,0.6481972789115648,0.0448275060506172,0.00000000;0.00000000;0.00000000;0.00000000;0.00000000;0.00000000;0.00000000;0.00000000;0.00816327;0.00000000;0.00816327;0.05850340;0.41768707;0.46258503;0.03945578;0.00000000;0.00272109;0.00000000;0.00000000;0.00272109
HK97-like,69,123,369,0.6468157181571816,0.0445356490329079,0.00000000;0.00000000;0.00000000;0.00000000;0.00000000;0.00000000;0.00000000;0.00000000;0.00813008;0.00000000;0.00813008;0.06233062;0.43089431;0.45257453;0.03252033;0.00000000;0.00271003;0.00000000;0.00000000;0.00271003
HK97-like,69,125,368,0.6533967391304347,0.0445616962421251,0.00000000;0.00000000;0.00000000;0.00000000;0.00000000;0.00000000;0.00000000;0.00000000;0.00815217;0.00000000;0.00815217;0.04619565;0.34782609;0.53532609;0.04891304;0.00000000;0.00271739;0.00000000;0.00000000;0.00271739
HK97-like,69,128,736,0.6516983695652173,0.0449618956735486,0.00000000;0.00000000;0.00000000;0.00000000;0.00000000;0.00000000;0.00000000;0.00000000;0.00815217;0.00000000;0.00815217;0.05434783;0.36277174;0.51494565;0.04619565;0.00000000;0.00271739;0.00000000;0.00000000;0.00271739
HK97-like,69,129,1105,0.6583031674208145,0.0436920883828241,0.00000000;0.00000000;0.00000000;0.00000000;0.00000000;0.00000000;0.00000000;0.00000000;0.00633484;0.00180995;0.00542986;0.03981900;0.29049774;0.58371041;0.06696833;0.00000000;0.00271493;0.00000000;0.00000000;0.00271493
HK97-like,69,131,368,0.6603260869565216,0.0426933221271583,0.00000000;0.00000000;0.00000000;0.00000000;0.00000000;0.00000000;0.00000000;0.00000000;0.00543478;0.00271739;0.00543478;0.02717391;0.28260870;0.59782609;0.07336957;0.00000000;0.00271739;0.00000000;0.00000000;0.00271739
HK97-like,69,160,1835,0.7479427792915531,0.0392303960437175,0.00000000;0.00000000;0.00000000;0.00000000;0.00000000;0.00000000;0.00000000;0.00000000;0.00000000;0.00326975;0.00217984;0.00217984;0.01089918;0.03324251;0.42506812;0.50735695;0.01307902;0.00000000;0.00163488;0.00108992
HK97-like,69,163,2202,0.7501816530426885,0.0392144557743903,0.00000000;0.00000000;0.00000000;0.00000000;0.00000000;0.00000000;0.00000000;0.00000000;0.00000000;0.00317893;0.00227066;0.00181653;0.00999092;0.03315168;0.38692098;0.54541326;0.01453224;0.00000000;0.00090827;0.00181653
HK97-like,69,166,2940,0.769421768707483,0.0333937395187862,0.00000000;0.00000000;0.00000000;0.00000000;0.00000000;0.00000000;0.00000000;0.00000000;0.00000000;0.00272109;0.00272109;0.00000000;0.00272109;0.02108844;0.08877551;0.83503401;0.04183673;0.00238095;0.00000000;0.00272109
HK97-like,69,169,367,0.7638283378746596,0.0353725283761615,0.00000000;0.00000000;0.00000000;0.00000000;0.00000000;0.00000000;0.00000000;0.00000000;0.00000000;0.00272480;0.00272480;0.00000000;0.00544959;0.02997275;0.14986376;0.78474114;0.02179837;0.00000000;0.00000000;0.00272480
HK97-like,69,171,735,0.7745238095238095,0.0351349842775175,0.00000000;0.00000000;0.00000000;0.00000000;0.00000000;0.00000000;0.00000000;0.00000000;0.00000000;0.00272109;0.00272109;0.00000000;0.00272109;0.01904762;0.05986395;0.79863946;0.10748299;0.00408163;0.00000000;0.00272109
HK97-like,69,172,736,0.777649456521739,0.0363470133592763,0.00000000;0.00000000;0.00000000;0.00000000;0.00000000;0.00000000;0.00000000;0.00000000;0.00000000;0.00271739;0.00271739;0.00000000;0.00271739;0.01630435;0.05434783;0.75679348;0.15625000;0.00543478;0.00000000;0.00271739
HK97-like,69,173,367,0.780449591280654,0.0366922846554823,0.00000000;0.00000000;0.00000000;0.00000000;0.00000000;0.00000000;0.00000000;0.00000000;0.00000000;0.00272480;0.00272480;0.00000000;0.00272480;0.01362398;0.04632153;0.72207084;0.20435967;0.00272480;0.00000000;0.00272480
HK97-like,69,175,368,0.782336956521739,0.0364971044634433,0.00000000;0.00000000;0.00000000;0.00000000;0.00000000;0.00000000;0.00000000;0.00000000;0.00000000;0.00271739;0.00271739;0.00000000;0.00000000;0.01358696;0.04347826;0.70380435;0.22554348;0.00543478;0.00000000;0.00271739
HK97-like,69,178,732,0.784016393442623,0.0352681337939744,0.00000000;0.00000000;0.00000000;0.00000000;0.00000000;0.00000000;0.00000000;0.00000000;0.00000000;0.00273224;0.00273224;0.00000000;0.00000000;0.01092896;0.04098361;0.67213115;0.26775956;0.00273224;0.00000000;0.00000000
HK97-like,69,179,732,0.7883879781420765,0.036473618997809,0.00000000;0.00000000;0.00000000;0.00000000;0.00000000;0.00000000;0.00000000;0.00000000;0.00000000;0.00273224;0.00273224;0.00000000;0.00000000;0.01092896;0.03415301;0.59836066;0.34836066;0.00273224;0.00000000;0.00000000
HK97-like,69,180,731,0.7920314637482899,0.0361532358935254,0.00000000;0.00000000;0.00000000;0.00000000;0.00000000;0.00000000;0.00000000;0.00000000;0.00000000;0.00273598;0.00136799;0.00136799;0.00000000;0.00683995;0.03419973;0.53898769;0.41176471;0.00273598;0.00000000;0.00000000
HK97-like,69,185,9609,0.8279399521282131,0.0341091621334859,0.00000000;0.00000000;0.00000000;0.00000000;0.00000000;0.00000000;0.00000000;0.00000000;0.00000000;0.00041628;0.00239359;0.00228952;0.00041628;0.00052035;0.01113539;0.06577167;0.74055573;0.17421168;0.00228952;0.00000000
HK97-like,69,189,1096,0.804242700729927,0.0362507417694789,0.00000000;0.00000000;0.00000000;0.00000000;0.00000000;0.00000000;0.00000000;0.00000000;0.00000000;0.00273723;0.00000000;0.00273723;0.00000000;0.00547445;0.03010949;0.31569343;0.63321168;0.01003650;0.00000000;0.00000000
HK97-like,69,209,1468,0.8614441416893733,0.033170749930719,0.00000000;0.00000000;0.00000000;0.00000000;0.00000000;0.00000000;0.00000000;0.00000000;0.00000000;0.00000000;0.00272480;0.00000000;0.00272480;0.00000000;0.00204360;0.02588556;0.18528610;0.77656676;0.00476839;0.00000000
HK97-like,69,213,367,0.8661444141689374,0.0314811195546953,0.00000000;0.00000000;0.00000000;0.00000000;0.00000000;0.00000000;0.00000000;0.00000000;0.00000000;0.00000000;0.00272480;0.00000000;0.00272480;0.00000000;0.00000000;0.02452316;0.10899183;0.85013624;0.00817439;0.00272480
HK97-like,69,216,735,0.8662244897959183,0.0308804576642901,0.00000000;0.00000000;0.00000000;0.00000000;0.00000000;0.00000000;0.00000000;0.00000000;0.00000000;0.00000000;0.00272109;0.00000000;0.00272109;0.00000000;0.00000000;0.02176871;0.11020408;0.85306122;0.00816327;0.00136054
HK97-like,69,224,1112,0.8674010791366906,0.0312838179419091,0.00000000;0.00000000;0.00000000;0.00000000;0.00000000;0.00000000;0.00000000;0.00000000;0.00000000;0.00000000;0.00269784;0.00000000;0.00359712;0.00000000;0.00000000;0.01798561;0.09712230;0.86330935;0.01258993;0.00269784
HK97-like,69,229,1221,0.8665642915642916,0.0387996829853582,0.00000000;0.00000000;0.00000000;0.00000000;0.00000000;0.00000000;0.00000000;0.00000000;0.00000000;0.00000000;0.00245700;0.00000000;0.01064701;0.00573301;0.00000000;0.01146601;0.07698608;0.87059787;0.01965602;0.00245700
HK97-like,69,248,732,0.8724043715846993,0.0257422147499687,0.00000000;0.00000000;0.00000000;0.00000000;0.00000000;0.00000000;0.00000000;0.00000000;0.00000000;0.00000000;0.00273224;0.00000000;0.00000000;0.00000000;0.00000000;0.00819672;0.05601093;0.89617486;0.03415301;0.00273224
HK97-like,69,252,366,0.8726775956284152,0.0253675687002121,0.00000000;0.00000000;0.00000000;0.00000000;0.00000000;0.00000000;0.00000000;0.00000000;0.00000000;0.00000000;0.00273224;0.00000000;0.00000000;0.00000000;0.00000000;0.00546448;0.05737705;0.89617486;0.03551913;0.00273224
HK97-like,69,259,6972,0.8979704532415377,0.0340614297604719,0.00000000;0.00000000;0.00000000;0.00000000;0.00000000;0.00000000;0.00000000;0.00000000;0.00000000;0.00000000;0.00157774;0.00114745;0.00000000;0.00000000;0.00000000;0.00186460;0.02925990;0.46055651;0.50086059;0.00473322
HK97-like,69,302,364,0.9565934065934064,0.0323814755149759,0.00000000;0.00000000;0.00000000;0.00000000;0.00000000;0.00000000;0.00000000;0.00000000;0.00000000;0.00000000;0.00000000;0.00274725;0.00000000;0.00000000;0.00000000;0.00000000;0.00000000;0.01648352;0.31318681;0.66758242
HK97-like,69,313,1456,0.959065934065934,0.0317780082218049,0.00000000;0.00000000;0.00000000;0.00000000;0.00000000;0.00000000;0.00000000;0.00000000;0.00000000;0.00000000;0.00000000;0.00274725;0.00000000;0.00000000;0.00000000;0.00000000;0.00000000;0.01648352;0.26373626;0.71703297
HK97-like,69,321,1453,0.9665003441156228,0.0282249499121184,0.00000000;0.00000000;0.00000000;0.00000000;0.00000000;0.00000000;0.00000000;0.00000000;0.00000000;0.00000000;0.00000000;0.00275292;0.00000000;0.00000000;0.00000000;0.00000000;0.00000000;0.01169993;0.12456986;0.86097729
HK97-like,69,340,52,0.3298076923076923,0.3658840210557237,0.44230769;0.11538462;0.00000000;0.00000000;0.00000000;0.00000000;0.03846154;0.07692308;0.01923077;0.00000000;0.00000000;0.00000000;0.00000000;0.00000000;0.07692308;0.03846154;0.01923077;0.09615385;0.00000000;0.07692308
HK97-like,70,10,494,0.0258097165991902,0.0077506840967921,0.98785425;0.00809717;0.00404858;0.00000000;0.00000000;0.00000000;0.00000000;0.00000000;0.00000000;0.00000000;0.00000000;0.00000000;0.00000000;0.00000000;0.00000000;0.00000000;0.00000000;0.00000000;0.00000000;0.00000000
HK97-like,70,91,463,0.5723002159827214,0.0485007463588093,0.00000000;0.00000000;0.00000000;0.00000000;0.00215983;0.00000000;0.01079914;0.00215983;0.00215983;0.00431965;0.14902808;0.67602592;0.13822894;0.00863931;0.00215983;0.00000000;0.00000000;0.00431965;0.00000000;0.00000000
HK97-like,70,98,2778,0.5924046076313896,0.0478703673873737,0.00000000;0.00000000;0.00000000;0.00000000;0.00107991;0.00107991;0.00107991;0.00791937;0.00287977;0.00359971;0.04319654;0.54067675;0.36861051;0.01619870;0.00827934;0.00107991;0.00000000;0.00215983;0.00215983;0.00000000
HK97-like,70,105,923,0.6171993499458289,0.0461266253737993,0.00000000;0.00000000;0.00000000;0.00000000;0.00000000;0.00108342;0.00108342;0.00866739;0.00000000;0.00650054;0.00325027;0.19718310;0.69339112;0.07367281;0.00866739;0.00216685;0.00000000;0.00000000;0.00325027;0.00108342
HK97-like,70,109,925,0.6149459459459459,0.0464001083094879,0.00000000;0.00000000;0.00000000;0.00000000;0.00000000;0.00108108;0.00108108;0.00864865;0.00000000;0.00648649;0.00324324;0.23351351;0.66594595;0.06486486;0.00864865;0.00216216;0.00000000;0.00000000;0.00324324;0.00108108
HK97-like,70,111,922,0.6191431670281996,0.0466139019923285,0.00000000;0.00000000;0.00000000;0.00000000;0.00000000;0.00108460;0.00108460;0.00867679;0.00000000;0.00650759;0.00325380;0.17462039;0.70065076;0.08893709;0.00867679;0.00216920;0.00000000;0.00000000;0.00216920;0.00216920
HK97-like,70,114,462,0.6264069264069265,0.0445415681584767,0.00000000;0.00000000;0.00000000;0.00000000;0.00000000;0.00000000;0.00216450;0.00216450;0.00649351;0.00649351;0.00000000;0.09307359;0.74025974;0.13203463;0.01082251;0.00216450;0.00000000;0.00000000;0.00000000;0.00432900
HK97-like,70,115,461,0.6274945770065076,0.0450266548303505,0.00000000;0.00000000;0.00000000;0.00000000;0.00000000;0.00000000;0.00216920;0.00216920;0.00650759;0.00650759;0.00000000;0.08893709;0.72885033;0.14533623;0.01301518;0.00216920;0.00000000;0.00000000;0.00000000;0.00433839
HK97-like,70,118,1387,0.6242790194664743,0.0457988377541369,0.00000000;0.00000000;0.00000000;0.00000000;0.00000000;0.00000000;0.00216294;0.00576784;0.00288392;0.00576784;0.00216294;0.12112473;0.71881759;0.12400865;0.01081471;0.00216294;0.00000000;0.00000000;0.00072098;0.00360490
HK97-like,70,119,462,0.6311688311688312,0.044864365847254,0.00000000;0.00000000;0.00000000;0.00000000;0.00000000;0.00000000;0.00216450;0.00216450;0.00649351;0.00432900;0.00216450;0.05844156;0.72077922;0.18398268;0.01082251;0.00432900;0.00000000;0.00000000;0.00000000;0.00432900
HK97-like,70,121,924,0.6367965367965368,0.0460732729628872,0.00000000;0.00000000;0.00000000;0.00000000;0.00000000;0.00000000;0.00216450;0.00216450;0.00649351;0.00216450;0.00432900;0.03679654;0.66233766;0.25974026;0.01190476;0.00649351;0.00108225;0.00000000;0.00000000;0.00432900
HK97-like,70,123,463,0.6340712742980562,0.0459340462471973,0.00000000;0.00000000;0.00000000;0.00000000;0.00000000;0.00000000;0.00215983;0.00215983;0.00647948;0.00431965;0.00215983;0.04751620;0.68898488;0.22678186;0.00863931;0.00431965;0.00215983;0.00000000;0.00000000;0.00431965
HK97-like,70,125,461,0.6418112798264642,0.0442388650731542,0.00000000;0.00000000;0.00000000;0.00000000;0.00000000;0.00000000;0.00216920;0.00216920;0.00650759;0.00000000;0.00650759;0.01735358;0.60086768;0.33622560;0.01518438;0.00867679;0.00216920;0.00000000;0.00000000;0.00216920
HK97-like,70,128,923,0.6397887323943663,0.0445348391604059,0.00000000;0.00000000;0.00000000;0.00000000;0.00000000;0.00000000;0.00108342;0.00216685;0.00758397;0.00108342;0.00541712;0.02383532;0.62946912;0.30552546;0.01083424;0.00758397;0.00216685;0.00000000;0.00000000;0.00325027
HK97-like,70,129,1382,0.6462373371924747,0.0430325168457386,0.00000000;0.00000000;0.00000000;0.00000000;0.00000000;0.00000000;0.00072359;0.00217077;0.00795948;0.00072359;0.00578871;0.01374819;0.51808973;0.42257598;0.01591896;0.00868307;0.00217077;0.00000000;0.00000000;0.00144718
HK97-like,70,131,460,0.6482608695652174,0.0406765795142977,0.00000000;0.00000000;0.00000000;0.00000000;0.00000000;0.00000000;0.00000000;0.00217391;0.00869565;0.00000000;0.00652174;0.00652174;0.49130435;0.45217391;0.02173913;0.00869565;0.00217391;0.00000000;0.00000000;0.00000000
HK97-like,70,160,2305,0.7235683297180043,0.0318297769703526,0.00000000;0.00000000;0.00000000;0.00000000;0.00000000;0.00000000;0.00000000;0.00000000;0.00043384;0.00173536;0.00000000;0.00260304;0.00694143;0.11583514;0.77353579;0.08416486;0.01041215;0.00216920;0.00216920;0.00000000
HK97-like,70,163,2759,0.7250906125407757,0.0324066526651112,0.00000000;0.00000000;0.00000000;0.00000000;0.00000000;0.00000000;0.00000000;0.00000000;0.00036245;0.00181225;0.00000000;0.00289960;0.00579920;0.10511055;0.76875680;0.10003625;0.01014860;0.00253715;0.00217470;0.00036245
HK97-like,70,166,3771,0.7454057279236276,0.034687219430213,0.00000000;0.00000000;0.00000000;0.00000000;0.00000000;0.00000000;0.00000000;0.00000000;0.00000000;0.00159109;0.00053036;0.00079554;0.00530363;0.02015381;0.55025192;0.40440202;0.00875099;0.00556881;0.00053036;0.00212145
HK97-like,70,169,462,0.7343073593073594,0.0352780653365876,0.00000000;0.00000000;0.00000000;0.00000000;0.00000000;0.00000000;0.00000000;0.00000000;0.00000000;0.00216450;0.00000000;0.00216450;0.00432900;0.04978355;0.71428571;0.20995671;0.00865801;0.00432900;0.00000000;0.00432900
HK97-like,70,171,922,0.7586767895878527,0.0330456150145358,0.00000000;0.00000000;0.00000000;0.00000000;0.00000000;0.00000000;0.00000000;0.00000000;0.00000000;0.00000000;0.00216920;0.00000000;0.00325380;0.00976139;0.32971800;0.62689805;0.01952278;0.00433839;0.00216920;0.00216920
HK97-like,70,172,920,0.7625,0.0321553633365314,0.00000000;0.00000000;0.00000000;0.00000000;0.00000000;0.00000000;0.00000000;0.00000000;0.00000000;0.00000000;0.00217391;0.00000000;0.00217391;0.01086957;0.25869565;0.69565217;0.01956522;0.00652174;0.00217391;0.00217391
HK97-like,70,173,460,0.7652173913043478,0.0309620476260002,0.00000000;0.00000000;0.00000000;0.00000000;0.00000000;0.00000000;0.00000000;0.00000000;0.00000000;0.00000000;0.00217391;0.00000000;0.00217391;0.01086957;0.20434783;0.75000000;0.01956522;0.00652174;0.00217391;0.00217391
HK97-like,70,175,460,0.7661956521739129,0.0306396443710328,0.00000000;0.00000000;0.00000000;0.00000000;0.00000000;0.00000000;0.00000000;0.00000000;0.00000000;0.00000000;0.00217391;0.00000000;0.00217391;0.01086957;0.18695652;0.76521739;0.02173913;0.00652174;0.00217391;0.00217391
HK97-like,70,178,918,0.7677559912854031,0.0299659818392512,0.00000000;0.00000000;0.00000000;0.00000000;0.00000000;0.00000000;0.00000000;0.00000000;0.00000000;0.00000000;0.00217865;0.00000000;0.00217865;0.00871460;0.16448802;0.78540305;0.02614379;0.00653595;0.00217865;0.00217865
HK97-like,70,179,917,0.7694383860414395,0.0290082485319489,0.00000000;0.00000000;0.00000000;0.00000000;0.00000000;0.00000000;0.00000000;0.00000000;0.00000000;0.00000000;0.00218103;0.00000000;0.00218103;0.00872410;0.13849509;0.80043621;0.03816794;0.00654308;0.00218103;0.00109051
HK97-like,70,180,916,0.7712882096069869,0.028372520237983,0.00000000;0.00000000;0.00000000;0.00000000;0.00000000;0.00000000;0.00000000;0.00000000;0.00000000;0.00000000;0.00218341;0.00000000;0.00218341;0.00764192;0.11899563;0.80240175;0.05786026;0.00655022;0.00218341;0.00000000
HK97-like,70,185,12006,0.8100533066799933,0.0318057204768189,0.00000000;0.00000000;0.00000000;0.00000000;0.00000000;0.00000000;0.00000000;0.00000000;0.00000000;0.00000000;0.00000000;0.00108279;0.00216558;0.00166583;0.01457605;0.29360320;0.65300683;0.02715309;0.00449775;0.00224888
HK97-like,70,189,1373,0.7783867443554261,0.0297078716721936,0.00000000;0.00000000;0.00000000;0.00000000;0.00000000;0.00000000;0.00000000;0.00000000;0.00000000;0.00000000;0.00000000;0.00218500;0.00218500;0.00582666;0.07137655;0.76766205;0.14129643;0.00364166;0.00582666;0.00000000
HK97-like,70,209,1834,0.835196292257361,0.030439611944759,0.00000000;0.00000000;0.00000000;0.00000000;0.00000000;0.00000000;0.00000000;0.00000000;0.00000000;0.00000000;0.00000000;0.00000000;0.00218103;0.00218103;0.00218103;0.04743730;0.68593239;0.25354417;0.00218103;0.00436205
HK97-like,70,213,458,0.8478165938864629,0.0314866920625949,0.00000000;0.00000000;0.00000000;0.00000000;0.00000000;0.00000000;0.00000000;0.00000000;0.00000000;0.00000000;0.00000000;0.00000000;0.00000000;0.00436681;0.00218341;0.02183406;0.48908297;0.47598253;0.00000000;0.00655022
HK97-like,70,216,915,0.8480601092896175,0.0318540334491974,0.00000000;0.00000000;0.00000000;0.00000000;0.00000000;0.00000000;0.00000000;0.00000000;0.00000000;0.00000000;0.00000000;0.00000000;0.00109290;0.00327869;0.00218579;0.02185792;0.48306011;0.48196721;0.00000000;0.00655738
HK97-like,70,224,1394,0.8574246771879485,0.0303542521715787,0.00000000;0.00000000;0.00000000;0.00000000;0.00000000;0.00000000;0.00000000;0.00000000;0.00000000;0.00000000;0.00000000;0.00000000;0.00000000;0.00430416;0.00215208;0.01291248;0.32065997;0.64777618;0.00573888;0.00645624
HK97-like,70,229,2237,0.8639807778274474,0.0255985667961033,0.00000000;0.00000000;0.00000000;0.00000000;0.00000000;0.00000000;0.00000000;0.00000000;0.00000000;0.00000000;0.00000000;0.00000000;0.00000000;0.00312919;0.00044703;0.00759946;0.20473849;0.77469826;0.00536433;0.00402325
HK97-like,70,248,930,0.8681182795698925,0.0256308993051484,0.00000000;0.00000000;0.00000000;0.00000000;0.00000000;0.00000000;0.00000000;0.00000000;0.00000000;0.00000000;0.00000000;0.00000000;0.00000000;0.00645161;0.00000000;0.00860215;0.11505376;0.85376344;0.01182796;0.00430108
HK97-like,70,252,456,0.8689692982456141,0.0241484612389546,0.00000000;0.00000000;0.00000000;0.00000000;0.00000000;0.00000000;0.00000000;0.00000000;0.00000000;0.00000000;0.00000000;0.00000000;0.00000000;0.00438596;0.00000000;0.00877193;0.10964912;0.85745614;0.01535088;0.00438596
HK97-like,70,259,8691,0.8868455873892532,0.0307876069800754,0.00000000;0.00000000;0.00000000;0.00000000;0.00000000;0.00000000;0.00000000;0.00000000;0.00000000;0.00000000;0.00000000;0.00000000;0.00000000;0.00092049;0.00322172;0.00448740;0.05453918;0.62570475;0.30848004;0.00264642
HK97-like,70,302,485,0.9473711340206186,0.0328938685690151,0.00000000;0.00000000;0.00000000;0.00000000;0.00000000;0.00000000;0.00000000;0.00000000;0.00000000;0.00000000;0.00000000;0.00000000;0.00000000;0.00000000;0.00206186;0.00000000;0.00618557;0.05360825;0.41649485;0.52164948
HK97-like,70,313,1783,0.951500280426248,0.0326039624561278,0.00000000;0.00000000;0.00000000;0.00000000;0.00000000;0.00000000;0.00000000;0.00000000;0.00000000;0.00000000;0.00000000;0.00000000;0.00000000;0.00000000;0.00224341;0.00056085;0.00616938;0.04374649;0.35053281;0.59674706
HK97-like,70,321,1829,0.9594723892837616,0.029148812730111,0.00000000;0.00000000;0.00000000;0.00000000;0.00000000;0.00000000;0.00000000;0.00000000;0.00000000;0.00000000;0.00000000;0.00000000;0.00000000;0.00000000;0.00000000;0.00218699;0.00492072;0.03499180;0.21705850;0.74084199
HK97-like,70,340,191,0.1781413612565445,0.2572825690386569,0.42408377;0.20418848;0.09947644;0.05235602;0.03664921;0.00000000;0.00000000;0.03664921;0.01047120;0.02617801;0.00523560;0.00523560;0.00523560;0.00000000;0.01047120;0.01047120;0.01570681;0.01570681;0.01047120;0.03141361
HK97-like,71,10,253,0.0382411067193675,0.0360139571368739,0.86166008;0.04347826;0.06719368;0.02371542;0.00395257;0.00000000;0.00000000;0.00000000;0.00000000;0.00000000;0.00000000;0.00000000;0.00000000;0.00000000;0.00000000;0.00000000;0.00000000;0.00000000;0.00000000;0.00000000
HK97-like,71,104,520,0.3861538461538462,0.1000510224864879,0.00384615;0.00000000;0.00384615;0.00000000;0.03846154;0.12500000;0.07307692;0.39038462;0.24038462;0.06346154;0.02307692;0.00961538;0.00384615;0.00192308;0.00769231;0.00384615;0.00384615;0.00384615;0.00192308;0.00192308
HK97-like,71,340,285,0.0441228070175438,0.0400999060135568,0.77894737;0.09824561;0.08771930;0.03157895;0.00350877;0.00000000;0.00000000;0.00000000;0.00000000;0.00000000;0.00000000;0.00000000;0.00000000;0.00000000;0.00000000;0.00000000;0.00000000;0.00000000;0.00000000;0.00000000
HK97-like,71,344,3423,0.4302293309962022,0.2605789162549453,0.06719252;0.08705814;0.06923751;0.02220275;0.03038271;0.05667543;0.03155127;0.18200409;0.04907975;0.02307917;0.00496640;0.00467426;0.00934852;0.05872042;0.22553316;0.06251826;0.00613497;0.00262927;0.00408998;0.00292141
HK97-like,71,346,3075,0.7475203252032522,0.3056609352051115,0.06601626;0.04097561;0.01691057;0.00357724;0.00325203;0.01105691;0.00552846;0.03284553;0.02048780;0.00520325;0.00260163;0.00162602;0.00357724;0.02016260;0.04943089;0.00585366;0.00260163;0.11154472;0.58211382;0.01463415
HK97-like,71,355,1179,0.975,0.0,0.00000000;0.00000000;0.00000000;0.00000000;0.00000000;0.00000000;0.00000000;0.00000000;0.00000000;0.00000000;0.00000000;0.00000000;0.00000000;0.00000000;0.00000000;0.00000000;0.00000000;0.00000000;0.00000000;1.00000000
HK97-like,71,360,1038,0.4107899807321772,0.0973784614537814,0.00096339;0.00289017;0.00192678;0.00192678;0.01156069;0.05780347;0.14065511;0.16281310;0.44894027;0.08863198;0.03853565;0.00867052;0.00867052;0.00385356;0.00192678;0.00770713;0.00385356;0.00289017;0.00289017;0.00289017
HK97-like,71,362,4670,0.44517130620985,0.0995867940074993,0.00235546;0.00364026;0.00299786;0.00235546;0.00321199;0.01841542;0.07944325;0.12912206;0.29036403;0.32334047;0.08115632;0.02248394;0.00663812;0.00920771;0.00578158;0.00406852;0.00364026;0.00492505;0.00406852;0.00278373
HK97-like,71,363,356,0.3056179775280899,0.1691955856210865,0.12640449;0.07865169;0.05337079;0.01685393;0.01685393;0.07022472;0.08146067;0.25000000;0.20224719;0.05617978;0.01966292;0.00561798;0.00280899;0.00280899;0.00561798;0.00280899;0.00280899;0.00280899;0.00000000;0.00280899
HK97-like,72,10,1369,0.0262052593133674,0.0091856639554851,0.98100804;0.01387874;0.00511322;0.00000000;0.00000000;0.00000000;0.00000000;0.00000000;0.00000000;0.00000000;0.00000000;0.00000000;0.00000000;0.00000000;0.00000000;0.00000000;0.00000000;0.00000000;0.00000000;0.00000000
HK97-like,72,91,5386,0.2920163386557742,0.0363405739079146,0.00148533;0.00074267;0.00464166;0.01058299;0.01930932;0.58949127;0.34942443;0.01986632;0.00334200;0.00037133;0.00000000;0.00074267;0.00000000;0.00000000;0.00000000;0.00000000;0.00000000;0.00000000;0.00000000;0.00000000
HK97-like,72,98,16395,0.3176258005489479,0.0380353596151427,0.00067094;0.00146386;0.00164684;0.00921013;0.01067399;0.20975907;0.65141812;0.10692284;0.00506252;0.00189082;0.00054895;0.00012199;0.00060994;0.00000000;0.00000000;0.00000000;0.00000000;0.00000000;0.00000000;0.00000000
HK97-like,72,105,2694,0.3466035634743875,0.0398711389730796,0.00185598;0.00074239;0.00148478;0.00259837;0.01113586;0.02078693;0.49740163;0.43466964;0.02412769;0.00296956;0.00074239;0.00074239;0.00000000;0.00074239;0.00000000;0.00000000;0.00000000;0.00000000;0.00000000;0.00000000
HK97-like,72,109,2693,0.3440865206089862,0.0390138027727968,0.00148533;0.00074267;0.00148533;0.00259933;0.01151133;0.02562198;0.53509098;0.39584107;0.02042332;0.00334200;0.00037133;0.00074267;0.00037133;0.00037133;0.00000000;0.00000000;0.00000000;0.00000000;0.00000000;0.00000000
HK97-like,72,111,2693,0.3502506498329001,0.0400656526355809,0.00185667;0.00074267;0.00148533;0.00148533;0.01225399;0.01856665;0.43445971;0.49647234;0.02710732;0.00259933;0.00148533;0.00074267;0.00000000;0.00074267;0.00000000;0.00000000;0.00000000;0.00000000;0.00000000;0.00000000
HK97-like,72,114,1348,0.3623887240356083,0.0403122853188711,0.00296736;0.00000000;0.00222552;0.00000000;0.01261128;0.01261128;0.22848665;0.68249258;0.05267062;0.00222552;0.00222552;0.00074184;0.00000000;0.00074184;0.00000000;0.00000000;0.00000000;0.00000000;0.00000000;0.00000000
HK97-like,72,115,1348,0.3658382789317507,0.0399308819083126,0.00222552;0.00074184;0.00148368;0.00074184;0.01112760;0.01261128;0.18768546;0.70326409;0.07418398;0.00222552;0.00222552;0.00000000;0.00074184;0.00074184;0.00000000;0.00000000;0.00000000;0.00000000;0.00000000;0.00000000
HK97-like,72,118,4043,0.359232005936186,0.0409426714370912,0.00197873;0.00074202;0.00123671;0.00148405;0.01063567;0.01657185;0.30027208;0.59906010;0.06208261;0.00272075;0.00173139;0.00049468;0.00024734;0.00074202;0.00000000;0.00000000;0.00000000;0.00000000;0.00000000;0.00000000
HK97-like,72,119,1349,0.3747034840622684,0.0396881972064501,0.00148258;0.00148258;0.00074129;0.00148258;0.00741290;0.01186064;0.10452187;0.71386212;0.14974055;0.00296516;0.00296516;0.00000000;0.00074129;0.00000000;0.00074129;0.00000000;0.00000000;0.00000000;0.00000000;0.00000000
HK97-like,72,121,2701,0.3838115512773047,0.0411797743674821,0.00111070;0.00185117;0.00074047;0.00148093;0.00518327;0.01184746;0.06034802;0.63643095;0.26767864;0.00851536;0.00259163;0.00074047;0.00074047;0.00000000;0.00074047;0.00000000;0.00000000;0.00000000;0.00000000;0.00000000
HK97-like,72,123,1349,0.3820793180133432,0.0405200854656946,0.00074129;0.00222387;0.00074129;0.00148258;0.00518903;0.01186064;0.06597480;0.65826538;0.24166049;0.00741290;0.00222387;0.00074129;0.00074129;0.00000000;0.00074129;0.00000000;0.00000000;0.00000000;0.00000000;0.00000000
HK97-like,72,125,1350,0.3937407407407408,0.0423902439794404,0.00074074;0.00222222;0.00074074;0.00148148;0.00222222;0.01333333;0.03407407;0.50962963;0.41333333;0.01703704;0.00148148;0.00222222;0.00000000;0.00074074;0.00074074;0.00000000;0.00000000;0.00000000;0.00000000;0.00000000
HK97-like,72,128,2702,0.3907846039970392,0.0432073077522767,0.00148038;0.00222058;0.00074019;0.00148038;0.00259067;0.01295337;0.04219097;0.54293116;0.37305699;0.01554404;0.00185048;0.00148038;0.00037010;0.00037010;0.00074019;0.00000000;0.00000000;0.00000000;0.00000000;0.00000000
HK97-like,72,129,4051,0.4001419402616638,0.0438709350771606,0.00123426;0.00197482;0.00123426;0.00123426;0.00222167;0.01135522;0.03085658;0.40311034;0.51147865;0.02986917;0.00197482;0.00197482;0.00024685;0.00049371;0.00049371;0.00024685;0.00000000;0.00000000;0.00000000;0.00000000
HK97-like,72,131,1349,0.4039103039288362,0.0410436328492175,0.00000000;0.00222387;0.00074129;0.00074129;0.00296516;0.01186064;0.02372128;0.34914752;0.57524092;0.02816901;0.00148258;0.00222387;0.00000000;0.00074129;0.00074129;0.00000000;0.00000000;0.00000000;0.00000000;0.00000000
HK97-like,72,160,6772,0.5420629060838748,0.0452496540046234,0.00059067;0.00000000;0.00014767;0.00088600;0.00044300;0.00088600;0.00310100;0.00487301;0.00738334;0.06571175;0.49763733;0.37477850;0.03913172;0.00280567;0.00132900;0.00000000;0.00000000;0.00000000;0.00029533;0.00000000
HK97-like,72,163,8117,0.5463933719354441,0.0467069334526493,0.00061599;0.00000000;0.00012320;0.00086239;0.00049279;0.00086239;0.00283356;0.00480473;0.00615991;0.05704078;0.44930393;0.42269311;0.04804731;0.00381915;0.00147838;0.00000000;0.00000000;0.00000000;0.00049279;0.00036959
HK97-like,72,166,11764,0.5778094185651139,0.0435480645601107,0.00000000;0.00085005;0.00000000;0.00000000;0.00093506;0.00059504;0.00051003;0.00408024;0.00552533;0.01130568;0.12623257;0.61271676;0.21795308;0.01793608;0.00017001;0.00119007;0.00000000;0.00000000;0.00000000;0.00000000
HK97-like,72,169,1356,0.5650811209439529,0.0446561021663376,0.00073746;0.00000000;0.00000000;0.00073746;0.00073746;0.00000000;0.00221239;0.00442478;0.00516224;0.01917404;0.22197640;0.63643068;0.09734513;0.00884956;0.00147493;0.00000000;0.00000000;0.00000000;0.00000000;0.00073746
HK97-like,72,171,2706,0.5959719142645972,0.0436565234751687,0.00000000;0.00000000;0.00073910;0.00000000;0.00036955;0.00110865;0.00000000;0.00295639;0.00591279;0.00628234;0.06023651;0.42682927;0.45824095;0.03399852;0.00184775;0.00147820;0.00000000;0.00000000;0.00000000;0.00000000
HK97-like,72,172,2708,0.6032865583456426,0.0423778531051014,0.00000000;0.00000000;0.00073855;0.00000000;0.00000000;0.00073855;0.00073855;0.00147710;0.00553914;0.00701625;0.04579025;0.32976366;0.55908419;0.04505170;0.00258493;0.00147710;0.00000000;0.00000000;0.00000000;0.00000000
HK97-like,72,173,1354,0.6079025110782865,0.041631189409577,0.00000000;0.00000000;0.00073855;0.00000000;0.00000000;0.00073855;0.00073855;0.00073855;0.00590842;0.00590842;0.03766617;0.27252585;0.61373708;0.05612999;0.00369276;0.00147710;0.00000000;0.00000000;0.00000000;0.00000000
HK97-like,72,175,1354,0.6108936484490399,0.0421063635725795,0.00000000;0.00000000;0.00073855;0.00000000;0.00000000;0.00073855;0.00073855;0.00073855;0.00590842;0.00590842;0.03397341;0.23929099;0.63367799;0.07163959;0.00516987;0.00073855;0.00073855;0.00000000;0.00000000;0.00000000
HK97-like,72,178,2708,0.6142355982274742,0.0420079373185451,0.00000000;0.00000000;0.00073855;0.00000000;0.00000000;0.00073855;0.00073855;0.00000000;0.00627770;0.00627770;0.02843427;0.20531758;0.65509601;0.08788774;0.00701625;0.00000000;0.00147710;0.00000000;0.00000000;0.00000000
HK97-like,72,179,2708,0.6192023633677991,0.0414560377604111,0.00000000;0.00000000;0.00036928;0.00036928;0.00000000;0.00073855;0.00073855;0.00000000;0.00480059;0.00516987;0.02141802;0.17355982;0.65509601;0.12666174;0.00960118;0.00000000;0.00147710;0.00000000;0.00000000;0.00000000
HK97-like,72,180,2708,0.6248892171344166,0.0419694566313843,0.00000000;0.00000000;0.00000000;0.00073855;0.00000000;0.00073855;0.00073855;0.00000000;0.00369276;0.00590842;0.01772526;0.13737075;0.63035451;0.18906942;0.01218612;0.00000000;0.00147710;0.00000000;0.00000000;0.00000000
HK97-like,72,185,33219,0.6823632559679702,0.0470985893442949,0.00000000;0.00000000;0.00000000;0.00006021;0.00027093;0.00030103;0.00024083;0.00042145;0.00087299;0.00322105;0.00629158;0.02498570;0.14094344;0.47018273;0.32553659;0.02384178;0.00135465;0.00078268;0.00060207;0.00009031
HK97-like,72,189,4074,0.6410898379970545,0.0428713271548815,0.00000000;0.00000000;0.00000000;0.00073638;0.00000000;0.00000000;0.00073638;0.00073638;0.00196367;0.00613648;0.01080020;0.07388316;0.47668139;0.40304369;0.02209131;0.00171821;0.00147275;0.00000000;0.00000000;0.00000000
HK97-like,72,209,6794,0.7297247571386518,0.0409058730116189,0.00000000;0.00000000;0.00000000;0.00000000;0.00000000;0.00000000;0.00073594;0.00000000;0.00058875;0.00088313;0.00220783;0.00264940;0.01884015;0.12319694;0.57742125;0.26670592;0.00382691;0.00117751;0.00073594;0.00103032
HK97-like,72,213,1353,0.7446600147819661,0.0401129558742862,0.00000000;0.00000000;0.00000000;0.00000000;0.00000000;0.00000000;0.00073910;0.00000000;0.00000000;0.00147820;0.00147820;0.00073910;0.01552106;0.05764967;0.43828529;0.47154472;0.00886918;0.00221729;0.00000000;0.00147820
HK97-like,72,216,2712,0.7440265486725663,0.0403854496806145,0.00000000;0.00000000;0.00000000;0.00000000;0.00000000;0.00000000;0.00073746;0.00000000;0.00000000;0.00110619;0.00258112;0.00110619;0.01474926;0.05862832;0.44616519;0.46275811;0.00848083;0.00221239;0.00000000;0.00147493
HK97-like,72,224,5402,0.7539614957423177,0.0389525812959503,0.00000000;0.00000000;0.00000000;0.00000000;0.00000000;0.00000000;0.00000000;0.00074047;0.00000000;0.00074047;0.00296187;0.00111070;0.00962606;0.04072566;0.31414291;0.60329508;0.02258423;0.00277675;0.00000000;0.00129582
HK97-like,72,229,24662,0.7809342308004217,0.0435406950149975,0.00000000;0.00000000;0.00000000;0.00000000;0.00000000;0.00000000;0.00000000;0.00020274;0.00040548;0.00048658;0.00223015;0.00352769;0.00425756;0.02359906;0.12030654;0.52424783;0.31132917;0.00823129;0.00089206;0.00028384
HK97-like,72,248,2703,0.8193581206067332,0.0261010681063112,0.00000000;0.00000000;0.00000000;0.00000000;0.00000000;0.00000000;0.00000000;0.00000000;0.00000000;0.00000000;0.00000000;0.00184980;0.00036996;0.00073992;0.01072882;0.12615612;0.81724010;0.03810581;0.00480947;0.00000000
HK97-like,72,252,2710,0.8243173431734317,0.025311615734604,0.00000000;0.00000000;0.00000000;0.00000000;0.00000000;0.00000000;0.00000000;0.00000000;0.00000000;0.00000000;0.00000000;0.00147601;0.00073801;0.00000000;0.00885609;0.07306273;0.83394834;0.07675277;0.00479705;0.00036900
HK97-like,72,259,8334,0.8354871610271177,0.028456034078514,0.00000000;0.00000000;0.00000000;0.00000000;0.00000000;0.00000000;0.00000000;0.00000000;0.00000000;0.00000000;0.00000000;0.00143988;0.00071994;0.00011999;0.00407967;0.03035757;0.71082313;0.24694024;0.00479962;0.00071994
HK97-like,72,297,4033,0.9123047359285892,0.0268154490239951,0.00000000;0.00000000;0.00000000;0.00000000;0.00000000;0.00000000;0.00000000;0.00000000;0.00000000;0.00000000;0.00000000;0.00000000;0.00173568;0.00049591;0.00000000;0.00148773;0.00967022;0.22117530;0.76146789;0.00396727
HK97-like,72,301,1344,0.9188616071428573,0.0218534461658076,0.00000000;0.00000000;0.00000000;0.00000000;0.00000000;0.00000000;0.00000000;0.00000000;0.00000000;0.00000000;0.00000000;0.00000000;0.00148810;0.00074405;0.00000000;0.00148810;0.00446429;0.09970238;0.88913690;0.00297619
HK97-like,72,302,4034,0.919980168567179,0.021245597481978,0.00000000;0.00000000;0.00000000;0.00000000;0.00000000;0.00000000;0.00000000;0.00000000;0.00000000;0.00000000;0.00000000;0.00000000;0.00173525;0.00074368;0.00000000;0.00123946;0.00396629;0.07858205;0.90976698;0.00396629
HK97-like,72,313,6713,0.9245084165052884,0.0197872558603626,0.00000000;0.00000000;0.00000000;0.00000000;0.00000000;0.00000000;0.00000000;0.00000000;0.00000000;0.00000000;0.00000000;0.00000000;0.00134068;0.00074482;0.00000000;0.00074482;0.00312826;0.03009087;0.92343215;0.04051840
HK97-like,72,321,4021,0.9408045262372544,0.0300795693423882,0.00000000;0.00000000;0.00000000;0.00000000;0.00000000;0.00000000;0.00000000;0.00000000;0.00000000;0.00000000;0.00000000;0.00000000;0.00149217;0.00074608;0.00000000;0.00074608;0.00273564;0.01765730;0.62248197;0.35414076
HK97-like,72,340,1391,0.043979151689432,0.1200256095228699,0.95542775;0.01941050;0.00359454;0.00000000;0.00000000;0.00000000;0.00000000;0.00000000;0.00000000;0.00000000;0.00071891;0.00000000;0.00000000;0.00071891;0.00215672;0.00287563;0.00503235;0.00359454;0.00143781;0.00503235
HK97-like,73,10,844,0.0261255924170616,0.0088718287307741,0.98222749;0.01303318;0.00473934;0.00000000;0.00000000;0.00000000;0.00000000;0.00000000;0.00000000;0.00000000;0.00000000;0.00000000;0.00000000;0.00000000;0.00000000;0.00000000;0.00000000;0.00000000;0.00000000;0.00000000
HK97-like,73,91,3330,0.3177027027027027,0.0278761507831549,0.00060060;0.00000000;0.00120120;0.00180180;0.00450450;0.18528529;0.74924925;0.05255255;0.00480480;0.00000000;0.00000000;0.00000000;0.00000000;0.00000000;0.00000000;0.00000000;0.00000000;0.00000000;0.00000000;0.00000000
HK97-like,73,98,10307,0.3434437760745125,0.0332992846241416,0.00184341;0.00038809;0.00000000;0.00174639;0.00252256;0.01950131;0.58368099;0.37091297;0.01746386;0.00194043;0.00000000;0.00000000;0.00000000;0.00000000;0.00000000;0.00000000;0.00000000;0.00000000;0.00000000;0.00000000
HK97-like,73,105,1669,0.3783253445176752,0.0301687319821527,0.00000000;0.00239664;0.00000000;0.00000000;0.00239664;0.00299581;0.06650689;0.77531456;0.14080288;0.00898742;0.00059916;0.00000000;0.00000000;0.00000000;0.00000000;0.00000000;0.00000000;0.00000000;0.00000000;0.00000000
HK97-like,73,109,1668,0.3749700239808153,0.0301624150838832,0.00000000;0.00239808;0.00000000;0.00000000;0.00239808;0.00299760;0.09892086;0.77637890;0.10851319;0.00779376;0.00059952;0.00000000;0.00000000;0.00000000;0.00000000;0.00000000;0.00000000;0.00000000;0.00000000;0.00000000
HK97-like,73,111,1666,0.3809423769507803,0.0298170740360953,0.00000000;0.00180072;0.00060024;0.00000000;0.00240096;0.00300120;0.04261705;0.77250900;0.16686675;0.00900360;0.00120048;0.00000000;0.00000000;0.00000000;0.00000000;0.00000000;0.00000000;0.00000000;0.00000000;0.00000000
HK97-like,73,114,835,0.393562874251497,0.0321351086586796,0.00000000;0.00119760;0.00119760;0.00000000;0.00119760;0.00359281;0.00838323;0.59880240;0.37005988;0.01317365;0.00239521;0.00000000;0.00000000;0.00000000;0.00000000;0.00000000;0.00000000;0.00000000;0.00000000;0.00000000
HK97-like,73,115,834,0.3978417266187051,0.0329843562206717,0.00000000;0.00119904;0.00119904;0.00000000;0.00119904;0.00359712;0.00719424;0.51918465;0.44844125;0.01438849;0.00359712;0.00000000;0.00000000;0.00000000;0.00000000;0.00000000;0.00000000;0.00000000;0.00000000;0.00000000
HK97-like,73,118,2505,0.3914471057884231,0.0327841744203196,0.00000000;0.00119760;0.00119760;0.00000000;0.00119760;0.00359281;0.02355289;0.61037924;0.34371257;0.01277445;0.00239521;0.00000000;0.00000000;0.00000000;0.00000000;0.00000000;0.00000000;0.00000000;0.00000000;0.00000000
HK97-like,73,119,834,0.4109112709832134,0.0309125290667177,0.00000000;0.00000000;0.00239808;0.00000000;0.00000000;0.00239808;0.00599520;0.28417266;0.67386091;0.02637890;0.00479616;0.00000000;0.00000000;0.00000000;0.00000000;0.00000000;0.00000000;0.00000000;0.00000000;0.00000000
HK97-like,73,121,1668,0.4208932853717025,0.0295790714138414,0.00000000;0.00000000;0.00179856;0.00059952;0.00000000;0.00239808;0.00359712;0.13908873;0.77517986;0.07014388;0.00659472;0.00059952;0.00000000;0.00000000;0.00000000;0.00000000;0.00000000;0.00000000;0.00000000;0.00000000
HK97-like,73,123,832,0.4183293269230769,0.0290158644525987,0.00000000;0.00000000;0.00240385;0.00000000;0.00000000;0.00240385;0.00480769;0.15865385;0.78125000;0.04447115;0.00600962;0.00000000;0.00000000;0.00000000;0.00000000;0.00000000;0.00000000;0.00000000;0.00000000;0.00000000
HK97-like,73,125,834,0.4296163069544364,0.0290688263357651,0.00000000;0.00000000;0.00119904;0.00119904;0.00000000;0.00119904;0.00359712;0.05275779;0.78177458;0.14988010;0.00599520;0.00239808;0.00000000;0.00000000;0.00000000;0.00000000;0.00000000;0.00000000;0.00000000;0.00000000
HK97-like,73,128,1669,0.4271569802276812,0.0300512331768029,0.00000000;0.00000000;0.00179748;0.00059916;0.00000000;0.00179748;0.00419413;0.07729179;0.77711204;0.12822049;0.00718993;0.00179748;0.00000000;0.00000000;0.00000000;0.00000000;0.00000000;0.00000000;0.00000000;0.00000000
HK97-like,73,129,2502,0.4372302158273381,0.0318039771711378,0.00000000;0.00000000;0.00039968;0.00199840;0.00000000;0.00119904;0.00359712;0.03597122;0.66826539;0.27577938;0.01039169;0.00239808;0.00000000;0.00000000;0.00000000;0.00000000;0.00000000;0.00000000;0.00000000;0.00000000
HK97-like,73,131,834,0.4390287769784172,0.0304022455419961,0.00000000;0.00000000;0.00000000;0.00239808;0.00000000;0.00000000;0.00479616;0.01199041;0.68585132;0.27817746;0.01438849;0.00239808;0.00000000;0.00000000;0.00000000;0.00000000;0.00000000;0.00000000;0.00000000;0.00000000
HK97-like,73,160,4174,0.525682798275036,0.0308036193840541,0.00000000;0.00000000;0.00000000;0.00000000;0.00000000;0.00191663;0.00047916;0.00167705;0.00503115;0.11116435;0.73957834;0.13080977;0.00742693;0.00191663;0.00000000;0.00000000;0.00000000;0.00000000;0.00000000;0.00000000
HK97-like,73,163,5020,0.530089641434263,0.0322078028127164,0.00000000;0.00000000;0.00000000;0.00000000;0.00000000;0.00179283;0.00059761;0.00139442;0.00478088;0.09043825;0.69661355;0.19422311;0.00737052;0.00278884;0.00000000;0.00000000;0.00000000;0.00000000;0.00000000;0.00000000
HK97-like,73,166,6785,0.5649926308032424,0.0296143217347852,0.00000000;0.00000000;0.00000000;0.00000000;0.00000000;0.00000000;0.00147384;0.00088430;0.00206338;0.00677966;0.22122329;0.72483419;0.03537214;0.00574797;0.00162122;0.00000000;0.00000000;0.00000000;0.00000000;0.00000000
HK97-like,73,169,836,0.5518540669856459,0.0312159133938103,0.00000000;0.00000000;0.00000000;0.00000000;0.00000000;0.00000000;0.00239234;0.00000000;0.00358852;0.01196172;0.43540670;0.53229665;0.00956938;0.00478469;0.00000000;0.00000000;0.00000000;0.00000000;0.00000000;0.00000000
HK97-like,73,171,1668,0.5824340527577938,0.0297654474515741,0.00000000;0.00000000;0.00000000;0.00000000;0.00000000;0.00000000;0.00119904;0.00119904;0.00119904;0.00359712;0.04556355;0.74700240;0.18944844;0.00599520;0.00479616;0.00000000;0.00000000;0.00000000;0.00000000;0.00000000
HK97-like,73,172,1668,0.5915167865707434,0.0317123474312755,0.00000000;0.00000000;0.00000000;0.00000000;0.00000000;0.00000000;0.00059952;0.00179856;0.00119904;0.00239808;0.02877698;0.60311751;0.35131894;0.00599520;0.00479616;0.00000000;0.00000000;0.00000000;0.00000000;0.00000000
HK97-like,73,173,834,0.5982613908872901,0.0322744714432062,0.00000000;0.00000000;0.00000000;0.00000000;0.00000000;0.00000000;0.00000000;0.00119904;0.00239808;0.00239808;0.01918465;0.49520384;0.46642686;0.00599520;0.00599520;0.00119904;0.00000000;0.00000000;0.00000000;0.00000000
HK97-like,73,175,834,0.6015587529976019,0.0319100884099351,0.00000000;0.00000000;0.00000000;0.00000000;0.00000000;0.00000000;0.00000000;0.00119904;0.00239808;0.00239808;0.01318945;0.44244604;0.52398082;0.00719424;0.00599520;0.00119904;0.00000000;0.00000000;0.00000000;0.00000000
HK97-like,73,178,1668,0.6061450839328537,0.0311116278439953,0.00000000;0.00000000;0.00000000;0.00000000;0.00000000;0.00000000;0.00000000;0.00119904;0.00239808;0.00179856;0.00959233;0.36211031;0.60611511;0.00959233;0.00599520;0.00119904;0.00000000;0.00000000;0.00000000;0.00000000
HK97-like,73,179,1668,0.6113609112709832,0.0298598919678262,0.00000000;0.00000000;0.00000000;0.00000000;0.00000000;0.00000000;0.00000000;0.00119904;0.00179856;0.00179856;0.00779376;0.27098321;0.69304556;0.01618705;0.00539568;0.00179856;0.00000000;0.00000000;0.00000000;0.00000000
HK97-like,73,180,1670,0.6170958083832336,0.0285965605596813,0.00000000;0.00000000;0.00000000;0.00000000;0.00000000;0.00000000;0.00000000;0.00119760;0.00119760;0.00239521;0.00598802;0.17664671;0.77604790;0.02874251;0.00359281;0.00419162;0.00000000;0.00000000;0.00000000;0.00000000
HK97-like,73,185,20394,0.6825487888594686,0.0385994408778598,0.00000000;0.00000000;0.00000000;0.00000000;0.00000000;0.00000000;0.00000000;0.00000000;0.00029420;0.00127488;0.00215750;0.00617829;0.15386878;0.52657644;0.29719525;0.00676670;0.00343238;0.00205943;0.00019614;0.00000000
HK97-like,73,189,2546,0.6337588373919876,0.029426823016879,0.00000000;0.00000000;0.00000000;0.00000000;0.00000000;0.00000000;0.00000000;0.00000000;0.00117832;0.00235664;0.00314218;0.04399057;0.72741555;0.21249018;0.00392773;0.00510605;0.00039277;0.00000000;0.00000000;0.00000000
HK97-like,73,209,4187,0.7330367805111058,0.0296949796519151,0.00000000;0.00000000;0.00000000;0.00000000;0.00000000;0.00000000;0.00000000;0.00000000;0.00000000;0.00000000;0.00214951;0.00023883;0.00477669;0.03534750;0.76379269;0.18366372;0.00262718;0.00358252;0.00382135;0.00000000
HK97-like,73,213,834,0.7504796163069544,0.0317563066769681,0.00000000;0.00000000;0.00000000;0.00000000;0.00000000;0.00000000;0.00000000;0.00000000;0.00000000;0.00000000;0.00119904;0.00119904;0.00359712;0.00839329;0.47362110;0.50239808;0.00239808;0.00239808;0.00479616;0.00000000
HK97-like,73,216,1667,0.7505848830233953,0.0314735559873049,0.00000000;0.00000000;0.00000000;0.00000000;0.00000000;0.00000000;0.00000000;0.00000000;0.00000000;0.00000000;0.00059988;0.00179964;0.00359928;0.00839832;0.47150570;0.50449910;0.00299940;0.00179964;0.00479904;0.00000000
HK97-like,73,224,3264,0.7621629901960786,0.0292739411469384,0.00000000;0.00000000;0.00000000;0.00000000;0.00000000;0.00000000;0.00000000;0.00000000;0.00000000;0.00000000;0.00000000;0.00214461;0.00214461;0.00337010;0.26378676;0.71537990;0.00459559;0.00337010;0.00337010;0.00183824
HK97-like,73,229,6330,0.7790916271721959,0.0319558019618797,0.00000000;0.00000000;0.00000000;0.00000000;0.00000000;0.00000000;0.00000000;0.00000000;0.00000000;0.00000000;0.00000000;0.00110585;0.00157978;0.00505529;0.05876777;0.81437599;0.10110585;0.00394945;0.00537125;0.00868878
HK97-like,73,248,1663,0.797730006013229,0.0305866254310856,0.00000000;0.00000000;0.00000000;0.00000000;0.00000000;0.00000000;0.00000000;0.00000000;0.00000000;0.00000000;0.00000000;0.00120265;0.00000000;0.00541191;0.01082381;0.51473241;0.46181600;0.00240529;0.00000000;0.00360794
HK97-like,73,252,1656,0.8068840579710145,0.027764121827055,0.00000000;0.00000000;0.00000000;0.00000000;0.00000000;0.00000000;0.00000000;0.00000000;0.00000000;0.00000000;0.00000000;0.00120773;0.00000000;0.00483092;0.00241546;0.34299517;0.64492754;0.00241546;0.00000000;0.00120773
HK97-like,73,259,5036,0.8184273232724385,0.021054622785765,0.00000000;0.00000000;0.00000000;0.00000000;0.00000000;0.00000000;0.00000000;0.00000000;0.00000000;0.00000000;0.00000000;0.00099285;0.00019857;0.00158856;0.00436855;0.12112788;0.86497220;0.00476569;0.00178713;0.00019857
HK97-like,73,297,2483,0.894049536850584,0.0281598116601934,0.00000000;0.00000000;0.00000000;0.00000000;0.00000000;0.00000000;0.00000000;0.00000000;0.00000000;0.00000000;0.00000000;0.00000000;0.00040274;0.00080548;0.00000000;0.00362465;0.01329037;0.57752718;0.40193315;0.00241643
HK97-like,73,301,827,0.9101874244256348,0.0256957820564891,0.00000000;0.00000000;0.00000000;0.00000000;0.00000000;0.00000000;0.00000000;0.00000000;0.00000000;0.00000000;0.00000000;0.00000000;0.00000000;0.00120919;0.00000000;0.00362757;0.00362757;0.27327690;0.71704958;0.00120919
HK97-like,73,302,2476,0.9135096930533116,0.0239530434503808,0.00000000;0.00000000;0.00000000;0.00000000;0.00000000;0.00000000;0.00000000;0.00000000;0.00000000;0.00000000;0.00000000;0.00000000;0.00000000;0.00121163;0.00000000;0.00323102;0.00323102;0.20880452;0.78231018;0.00121163
HK97-like,73,313,4124,0.9211081474296798,0.0171293063022218,0.00000000;0.00000000;0.00000000;0.00000000;0.00000000;0.00000000;0.00000000;0.00000000;0.00000000;0.00000000;0.00000000;0.00000000;0.00000000;0.00121242;0.00000000;0.00193986;0.00169738;0.06571290;0.92628516;0.00315228
HK97-like,73,321,2478,0.9292978208232446,0.0215119409398448,0.00000000;0.00000000;0.00000000;0.00000000;0.00000000;0.00000000;0.00000000;0.00000000;0.00000000;0.00000000;0.00000000;0.00000000;0.00000000;0.00121065;0.00000000;0.00121065;0.00242131;0.02058111;0.85351090;0.12106538
HK97-like,73,340,857,0.0318261376896149,0.061273599692458,0.96266044;0.02217036;0.00816803;0.00000000;0.00000000;0.00000000;0.00000000;0.00000000;0.00000000;0.00233372;0.00000000;0.00000000;0.00000000;0.00000000;0.00000000;0.00116686;0.00116686;0.00116686;0.00116686;0.00000000
HK97-like,74,10,585,0.0259401709401709,0.0089617330801491,0.98632479;0.01025641;0.00170940;0.00170940;0.00000000;0.00000000;0.00000000;0.00000000;0.00000000;0.00000000;0.00000000;0.00000000;0.00000000;0.00000000;0.00000000;0.00000000;0.00000000;0.00000000;0.00000000;0.00000000
HK97-like,74,91,2260,0.5181637168141593,0.0392229808065811,0.00000000;0.00000000;0.00000000;0.00000000;0.00000000;0.00000000;0.00000000;0.00000000;0.00840708;0.27389381;0.59867257;0.10398230;0.00796460;0.00353982;0.00000000;0.00044248;0.00132743;0.00088496;0.00088496;0.00000000
HK97-like,74,98,6260,0.5367811501597445,0.0392494280207379,0.00000000;0.00000000;0.00000000;0.00000000;0.00000000;0.00000000;0.00000000;0.00000000;0.00351438;0.08706070;0.63626198;0.24057508;0.02396166;0.00431310;0.00079872;0.00000000;0.00143770;0.00031949;0.00159744;0.00015974
HK97-like,74,105,1135,0.5571585903083701,0.0403859295703821,0.00000000;0.00000000;0.00000000;0.00000000;0.00000000;0.00000000;0.00000000;0.00000000;0.00088106;0.01145374;0.43788546;0.47577093;0.06255507;0.00440529;0.00352423;0.00000000;0.00000000;0.00176211;0.00000000;0.00176211
HK97-like,74,109,1132,0.554726148409894,0.0403957357238428,0.00000000;0.00000000;0.00000000;0.00000000;0.00000000;0.00000000;0.00000000;0.00000000;0.00088339;0.01501767;0.46996466;0.44964664;0.05300353;0.00441696;0.00353357;0.00000000;0.00000000;0.00176678;0.00000000;0.00176678
HK97-like,74,111,1130,0.5597345132743362,0.0403433313455288,0.00000000;0.00000000;0.00000000;0.00000000;0.00000000;0.00000000;0.00000000;0.00000000;0.00088496;0.01061947;0.39646018;0.50973451;0.07079646;0.00442478;0.00353982;0.00000000;0.00000000;0.00176991;0.00000000;0.00176991
HK97-like,74,114,565,0.5702212389380531,0.0390619509124224,0.00000000;0.00000000;0.00000000;0.00000000;0.00000000;0.00000000;0.00000000;0.00000000;0.00000000;0.00707965;0.24247788;0.62477876;0.11150442;0.00707965;0.00353982;0.00000000;0.00000000;0.00176991;0.00000000;0.00176991
HK97-like,74,115,564,0.5718971631205674,0.0390959457063711,0.00000000;0.00000000;0.00000000;0.00000000;0.00000000;0.00000000;0.00000000;0.00000000;0.00000000;0.00709220;0.22163121;0.63475177;0.12056738;0.00886525;0.00354610;0.00000000;0.00000000;0.00177305;0.00000000;0.00177305
HK97-like,74,118,1689,0.5667702782711663,0.039239415334456,0.00000000;0.00000000;0.00000000;0.00000000;0.00000000;0.00000000;0.00000000;0.00000000;0.00059207;0.00828893;0.29307282;0.58318532;0.10183541;0.00651273;0.00296033;0.00059207;0.00000000;0.00118413;0.00059207;0.00118413
HK97-like,74,119,564,0.5798758865248227,0.0353325466272165,0.00000000;0.00000000;0.00000000;0.00000000;0.00000000;0.00000000;0.00000000;0.00000000;0.00000000;0.00531915;0.12588652;0.66489362;0.18794326;0.01063830;0.00177305;0.00177305;0.00000000;0.00000000;0.00177305;0.00000000
HK97-like,74,121,1127,0.5873779946761313,0.0356188410889758,0.00000000;0.00000000;0.00000000;0.00000000;0.00000000;0.00000000;0.00000000;0.00000000;0.00000000;0.00443656;0.06566105;0.65039929;0.25465839;0.01774623;0.00177462;0.00354925;0.00000000;0.00000000;0.00177462;0.00000000
HK97-like,74,123,565,0.5856194690265485,0.0356055873571199,0.00000000;0.00000000;0.00000000;0.00000000;0.00000000;0.00000000;0.00000000;0.00000000;0.00000000;0.00530973;0.07256637;0.66725664;0.23362832;0.01238938;0.00353982;0.00353982;0.00000000;0.00000000;0.00176991;0.00000000
HK97-like,74,125,566,0.5929328621908128,0.035554205089999,0.00000000;0.00000000;0.00000000;0.00000000;0.00000000;0.00000000;0.00000000;0.00000000;0.00000000;0.00353357;0.03356890;0.61660777;0.31272085;0.02473498;0.00353357;0.00353357;0.00000000;0.00000000;0.00176678;0.00000000
HK97-like,74,128,1132,0.590856890459364,0.0355778747730893,0.00000000;0.00000000;0.00000000;0.00000000;0.00000000;0.00000000;0.00000000;0.00000000;0.00000000;0.00353357;0.04328622;0.63604240;0.28621908;0.02208481;0.00353357;0.00353357;0.00000000;0.00000000;0.00176678;0.00000000
HK97-like,74,129,1248,0.5967948717948717,0.0386799354911425,0.00000000;0.00000000;0.00000000;0.00000000;0.00000000;0.00000000;0.00000000;0.00000000;0.00000000;0.00320513;0.03365385;0.56009615;0.35737179;0.03365385;0.00480769;0.00480769;0.00000000;0.00000000;0.00160256;0.00080128
HK97-like,74,131,564,0.5993794326241134,0.036155760393154,0.00000000;0.00000000;0.00000000;0.00000000;0.00000000;0.00000000;0.00000000;0.00000000;0.00000000;0.00354610;0.01241135;0.54787234;0.38652482;0.03900709;0.00531915;0.00354610;0.00000000;0.00000000;0.00177305;0.00000000
HK97-like,74,160,1708,0.67903981264637,0.0288552603456217,0.00000000;0.00000000;0.00000000;0.00000000;0.00000000;0.00000000;0.00000000;0.00000000;0.00000000;0.00000000;0.00000000;0.00058548;0.06967213;0.81264637;0.09777518;0.01053864;0.00409836;0.00292740;0.00175644;0.00000000
HK97-like,74,163,3955,0.682054361567636,0.0287021555385132,0.00000000;0.00000000;0.00000000;0.00000000;0.00000000;0.00000000;0.00000000;0.00000000;0.00000000;0.00000000;0.00000000;0.00000000;0.04070796;0.81542351;0.12262958;0.01163085;0.00429836;0.00353982;0.00176991;0.00000000
HK97-like,74,166,4144,0.7066119691119691,0.0330585068635196,0.00000000;0.00000000;0.00000000;0.00000000;0.00000000;0.00000000;0.00000000;0.00000000;0.00000000;0.00000000;0.00000000;0.00000000;0.00241313;0.42157336;0.54271236;0.01833977;0.00844595;0.00434363;0.00048263;0.00168919
HK97-like,74,169,1128,0.69197695035461,0.0310483408367314,0.00000000;0.00000000;0.00000000;0.00000000;0.00000000;0.00000000;0.00000000;0.00000000;0.00000000;0.00000000;0.00000000;0.00000000;0.00531915;0.69326241;0.27748227;0.01329787;0.00443262;0.00443262;0.00088652;0.00088652
HK97-like,74,171,1126,0.722158081705151,0.0272464227035215,0.00000000;0.00000000;0.00000000;0.00000000;0.00000000;0.00000000;0.00000000;0.00000000;0.00000000;0.00000000;0.00000000;0.00000000;0.00000000;0.13499112;0.81261101;0.03907638;0.00532860;0.00444050;0.00266430;0.00088810
HK97-like,74,172,1127,0.7261978704525288,0.027070562022367,0.00000000;0.00000000;0.00000000;0.00000000;0.00000000;0.00000000;0.00000000;0.00000000;0.00000000;0.00000000;0.00000000;0.00000000;0.00000000;0.07098492;0.86779059;0.04614020;0.00532387;0.00354925;0.00354925;0.00266193
HK97-like,74,173,561,0.7271390374331551,0.0230257220765892,0.00000000;0.00000000;0.00000000;0.00000000;0.00000000;0.00000000;0.00000000;0.00000000;0.00000000;0.00000000;0.00000000;0.00000000;0.00000000;0.04812834;0.88413547;0.05525847;0.00534759;0.00356506;0.00356506;0.00000000
HK97-like,74,175,566,0.7293286219081271,0.0277830717304496,0.00000000;0.00000000;0.00000000;0.00000000;0.00000000;0.00000000;0.00000000;0.00000000;0.00000000;0.00000000;0.00000000;0.00176678;0.00000000;0.03003534;0.88515901;0.06537102;0.00706714;0.00353357;0.00353357;0.00353357
HK97-like,74,178,1125,0.7307777777777777,0.0252532848370608,0.00000000;0.00000000;0.00000000;0.00000000;0.00000000;0.00000000;0.00000000;0.00000000;0.00000000;0.00000000;0.00000000;0.00000000;0.00000000;0.02400000;0.86755556;0.09244444;0.00622222;0.00533333;0.00355556;0.00088889
HK97-like,74,179,1124,0.7329181494661922,0.0255635498288001,0.00000000;0.00000000;0.00000000;0.00000000;0.00000000;0.00000000;0.00000000;0.00000000;0.00000000;0.00000000;0.00000000;0.00000000;0.00000000;0.01601423;0.83985765;0.12811388;0.00533808;0.00711744;0.00355872;0.00000000
HK97-like,74,180,1124,0.7360765124555159,0.0270033183002558,0.00000000;0.00000000;0.00000000;0.00000000;0.00000000;0.00000000;0.00000000;0.00000000;0.00000000;0.00000000;0.00000000;0.00000000;0.00000000;0.01067616;0.78825623;0.18416370;0.00622776;0.00711744;0.00355872;0.00000000
HK97-like,74,185,564,0.80354609929078,0.0305216991006421,0.00000000;0.00000000;0.00000000;0.00000000;0.00000000;0.00000000;0.00000000;0.00000000;0.00000000;0.00000000;0.00000000;0.00000000;0.00177305;0.00000000;0.00177305;0.44858156;0.53368794;0.00354610;0.00531915;0.00531915
HK97-like,74,189,3951,0.7513730701088331,0.0312237785496022,0.00000000;0.00000000;0.00000000;0.00000000;0.00000000;0.00000000;0.00000000;0.00000000;0.00000000;0.00000000;0.00000000;0.00000000;0.00000000;0.00303721;0.50518856;0.47228550;0.00809922;0.00506201;0.00480891;0.00151860
HK97-like,74,209,2803,0.8155636817695325,0.0257800832920112,0.00000000;0.00000000;0.00000000;0.00000000;0.00000000;0.00000000;0.00000000;0.00000000;0.00000000;0.00000000;0.00000000;0.00000000;0.00035676;0.00000000;0.00178380;0.21584017;0.76525152;0.00642169;0.00535141;0.00499465
HK97-like,74,213,559,0.8246422182468692,0.0174352081254606,0.00000000;0.00000000;0.00000000;0.00000000;0.00000000;0.00000000;0.00000000;0.00000000;0.00000000;0.00000000;0.00000000;0.00000000;0.00000000;0.00000000;0.00178891;0.04293381;0.92844365;0.01788909;0.00536673;0.00357782
HK97-like,74,216,1116,0.8245071684587814,0.0175116178192947,0.00000000;0.00000000;0.00000000;0.00000000;0.00000000;0.00000000;0.00000000;0.00000000;0.00000000;0.00000000;0.00000000;0.00000000;0.00000000;0.00000000;0.00179211;0.04480287;0.92741935;0.01702509;0.00537634;0.00358423
HK97-like,74,224,1736,0.8264688940092165,0.0168647766484917,0.00000000;0.00000000;0.00000000;0.00000000;0.00000000;0.00000000;0.00000000;0.00000000;0.00000000;0.00000000;0.00000000;0.00000000;0.00000000;0.00000000;0.00115207;0.02361751;0.93087558;0.03801843;0.00172811;0.00460829
HK97-like,74,229,1839,0.8303833605220228,0.0190403928101369,0.00000000;0.00000000;0.00000000;0.00000000;0.00000000;0.00000000;0.00000000;0.00000000;0.00000000;0.00000000;0.00000000;0.00000000;0.00000000;0.00000000;0.00000000;0.01305057;0.87438825;0.10766721;0.00163132;0.00326264
HK97-like,74,248,1117,0.8357878245299911,0.0231283583912545,0.00000000;0.00000000;0.00000000;0.00000000;0.00000000;0.00000000;0.00000000;0.00000000;0.00000000;0.00000000;0.00000000;0.00000000;0.00000000;0.00000000;0.00000000;0.00626679;0.78245300;0.20590868;0.00000000;0.00537153
HK97-like,74,252,1116,0.8405465949820788,0.0253605996634065,0.00000000;0.00000000;0.00000000;0.00000000;0.00000000;0.00000000;0.00000000;0.00000000;0.00000000;0.00000000;0.00000000;0.00000000;0.00000000;0.00000000;0.00000000;0.00537634;0.68906810;0.30017921;0.00000000;0.00537634
HK97-like,74,259,3455,0.8568379160636757,0.025873057764564,0.00000000;0.00000000;0.00000000;0.00000000;0.00000000;0.00000000;0.00000000;0.00000000;0.00000000;0.00000000;0.00000000;0.00000000;0.00000000;0.00000000;0.00000000;0.00231548;0.36931983;0.62286541;0.00028944;0.00520984
HK97-like,74,297,1664,0.9231971153846156,0.0097932763113149,0.00000000;0.00000000;0.00000000;0.00000000;0.00000000;0.00000000;0.00000000;0.00000000;0.00000000;0.00000000;0.00000000;0.00000000;0.00000000;0.00000000;0.00000000;0.00000000;0.00180288;0.03245192;0.96574519;0.00000000
HK97-like,74,301,555,0.9243693693693696,0.0070108383633671,0.00000000;0.00000000;0.00000000;0.00000000;0.00000000;0.00000000;0.00000000;0.00000000;0.00000000;0.00000000;0.00000000;0.00000000;0.00000000;0.00000000;0.00000000;0.00000000;0.00180180;0.01081081;0.98558559;0.00180180
HK97-like,74,302,1666,0.9253001200480192,0.0096409098555443,0.00000000;0.00000000;0.00000000;0.00000000;0.00000000;0.00000000;0.00000000;0.00000000;0.00000000;0.00000000;0.00000000;0.00000000;0.00000000;0.00000000;0.00000000;0.00000000;0.00180072;0.01020408;0.96818727;0.01980792
HK97-like,74,313,2773,0.9299044356292824,0.0166452525960253,0.00000000;0.00000000;0.00000000;0.00000000;0.00000000;0.00000000;0.00000000;0.00000000;0.00000000;0.00000000;0.00000000;0.00000000;0.00000000;0.00000000;0.00000000;0.00000000;0.00180310;0.00576992;0.88496213;0.10746484
HK97-like,74,321,1665,0.9372822822822824,0.0226121141006429,0.00000000;0.00000000;0.00000000;0.00000000;0.00000000;0.00000000;0.00000000;0.00000000;0.00000000;0.00000000;0.00000000;0.00000000;0.00000000;0.00000000;0.00000000;0.00000000;0.00180180;0.00420420;0.74054054;0.25345345
HK97-like,74,340,41366,0.1039162597302132,0.0605907188889838,0.22902867;0.26236523;0.27404148;0.18382246;0.03913842;0.01056423;0.00096698;0.00000000;0.00000000;0.00000000;0.00000000;0.00000000;0.00000000;0.00002417;0.00000000;0.00000000;0.00000000;0.00000000;0.00000000;0.00004835
HK97-like,76,10,427,0.0254683840749414,0.0059084195838608,0.99297424;0.00468384;0.00234192;0.00000000;0.00000000;0.00000000;0.00000000;0.00000000;0.00000000;0.00000000;0.00000000;0.00000000;0.00000000;0.00000000;0.00000000;0.00000000;0.00000000;0.00000000;0.00000000;0.00000000
HK97-like,76,91,1640,0.5159756097560975,0.0348466940762367,0.00000000;0.00000000;0.00000000;0.00000000;0.00000000;0.00000000;0.00000000;0.00243902;0.00243902;0.30304878;0.57682927;0.10060976;0.00975610;0.00487805;0.00000000;0.00000000;0.00000000;0.00000000;0.00000000;0.00000000
HK97-like,76,98,4513,0.5329658763571903,0.0310147700922162,0.00000000;0.00000000;0.00000000;0.00000000;0.00000000;0.00000000;0.00000000;0.00044316;0.00221582;0.07821848;0.70507423;0.19255484;0.01462442;0.00598272;0.00088633;0.00000000;0.00000000;0.00000000;0.00000000;0.00000000
HK97-like,76,105,819,0.5546092796092795,0.0341381766230131,0.00000000;0.00000000;0.00000000;0.00000000;0.00000000;0.00000000;0.00000000;0.00000000;0.00244200;0.00854701;0.45909646;0.47130647;0.04517705;0.00976801;0.00366300;0.00000000;0.00000000;0.00000000;0.00000000;0.00000000
HK97-like,76,109,821,0.5522838002436053,0.0349672349601612,0.00000000;0.00000000;0.00000000;0.00000000;0.00000000;0.00000000;0.00000000;0.00000000;0.00243605;0.00852619;0.50791717;0.42387333;0.04263094;0.00852619;0.00609013;0.00000000;0.00000000;0.00000000;0.00000000;0.00000000
HK97-like,76,111,820,0.5571341463414634,0.0345840306426358,0.00000000;0.00000000;0.00000000;0.00000000;0.00000000;0.00000000;0.00000000;0.00000000;0.00243902;0.00487805;0.42804878;0.49634146;0.05365854;0.00975610;0.00487805;0.00000000;0.00000000;0.00000000;0.00000000;0.00000000
HK97-like,76,114,410,0.5702439024390245,0.0326931636680304,0.00000000;0.00000000;0.00000000;0.00000000;0.00000000;0.00000000;0.00000000;0.00000000;0.00243902;0.00000000;0.22682927;0.65121951;0.10487805;0.00975610;0.00487805;0.00000000;0.00000000;0.00000000;0.00000000;0.00000000
HK97-like,76,115,410,0.5734146341463414,0.0314863312269696,0.00000000;0.00000000;0.00000000;0.00000000;0.00000000;0.00000000;0.00000000;0.00000000;0.00243902;0.00000000;0.17560976;0.69024390;0.11707317;0.00975610;0.00487805;0.00000000;0.00000000;0.00000000;0.00000000;0.00000000
HK97-like,76,118,1227,0.5659942950285248,0.0338748230244079,0.00000000;0.00000000;0.00000000;0.00000000;0.00000000;0.00000000;0.00000000;0.00000000;0.00244499;0.00162999;0.29421353;0.59494703;0.09290954;0.00977995;0.00407498;0.00000000;0.00000000;0.00000000;0.00000000;0.00000000
HK97-like,76,119,410,0.5791463414634146,0.0301601909934511,0.00000000;0.00000000;0.00000000;0.00000000;0.00000000;0.00000000;0.00000000;0.00000000;0.00243902;0.00000000;0.09756098;0.73414634;0.15121951;0.00975610;0.00243902;0.00243902;0.00000000;0.00000000;0.00000000;0.00000000
HK97-like,76,121,820,0.5839024390243902,0.0299392106695312,0.00000000;0.00000000;0.00000000;0.00000000;0.00000000;0.00000000;0.00000000;0.00000000;0.00243902;0.00000000;0.04756098;0.74512195;0.18902439;0.00731707;0.00487805;0.00365854;0.00000000;0.00000000;0.00000000;0.00000000
HK97-like,76,123,410,0.5820731707317073,0.0291960490510336,0.00000000;0.00000000;0.00000000;0.00000000;0.00000000;0.00000000;0.00000000;0.00000000;0.00243902;0.00000000;0.05853659;0.75609756;0.16829268;0.00731707;0.00487805;0.00243902;0.00000000;0.00000000;0.00000000;0.00000000
HK97-like,76,125,410,0.5897560975609757,0.0309691274185058,0.00000000;0.00000000;0.00000000;0.00000000;0.00000000;0.00000000;0.00000000;0.00000000;0.00000000;0.00243902;0.02439024;0.68292683;0.27317073;0.00487805;0.00731707;0.00487805;0.00000000;0.00000000;0.00000000;0.00000000
HK97-like,76,128,820,0.5882317073170732,0.0314087135573708,0.00000000;0.00000000;0.00000000;0.00000000;0.00000000;0.00000000;0.00000000;0.00000000;0.00121951;0.00121951;0.03414634;0.69268293;0.25243902;0.00731707;0.00609756;0.00487805;0.00000000;0.00000000;0.00000000;0.00000000
HK97-like,76,129,822,0.5906934306569342,0.0323934665044079,0.00000000;0.00000000;0.00000000;0.00000000;0.00000000;0.00000000;0.00000000;0.00000000;0.00121655;0.00121655;0.02676399;0.66545012;0.28223844;0.00973236;0.00851582;0.00486618;0.00000000;0.00000000;0.00000000;0.00000000
HK97-like,76,131,410,0.5987804878048781,0.0331530171493261,0.00000000;0.00000000;0.00000000;0.00000000;0.00000000;0.00000000;0.00000000;0.00000000;0.00000000;0.00243902;0.01219512;0.54390244;0.40975610;0.01707317;0.00975610;0.00487805;0.00000000;0.00000000;0.00000000;0.00000000
HK97-like,76,160,1227,0.6804197229013855,0.0276262581750499,0.00000000;0.00000000;0.00000000;0.00000000;0.00000000;0.00000000;0.00000000;0.00000000;0.00000000;0.00000000;0.00244499;0.00081500;0.05134474;0.79951100;0.13365933;0.00407498;0.00570497;0.00244499;0.00000000;0.00000000
HK97-like,76,163,2863,0.6832954942368145,0.0280678411453042,0.00000000;0.00000000;0.00000000;0.00000000;0.00000000;0.00000000;0.00000000;0.00000000;0.00000000;0.00000000;0.00244499;0.00069857;0.03108627;0.78519036;0.16800559;0.00279427;0.00698568;0.00279427;0.00000000;0.00000000
HK97-like,76,166,2515,0.7083399602385685,0.0319476730096888,0.00000000;0.00000000;0.00000000;0.00000000;0.00000000;0.00000000;0.00000000;0.00000000;0.00000000;0.00000000;0.00238569;0.00000000;0.00516899;0.35626243;0.61391650;0.00914513;0.00795229;0.00278330;0.00238569;0.00000000
HK97-like,76,169,818,0.6938875305623471,0.0320583143175801,0.00000000;0.00000000;0.00000000;0.00000000;0.00000000;0.00000000;0.00000000;0.00000000;0.00000000;0.00000000;0.00244499;0.00000000;0.01466993;0.61613692;0.35207824;0.00244499;0.00733496;0.00366748;0.00122249;0.00000000
HK97-like,76,171,818,0.7212713936430316,0.0279959775012137,0.00000000;0.00000000;0.00000000;0.00000000;0.00000000;0.00000000;0.00000000;0.00000000;0.00000000;0.00000000;0.00244499;0.00000000;0.00244499;0.13080685;0.81540342;0.03667482;0.00488998;0.00488998;0.00244499;0.00000000
HK97-like,76,172,818,0.7264669926650366,0.0260063846026353,0.00000000;0.00000000;0.00000000;0.00000000;0.00000000;0.00000000;0.00000000;0.00000000;0.00000000;0.00000000;0.00122249;0.00122249;0.00244499;0.05990220;0.85452323;0.06845966;0.00488998;0.00488998;0.00244499;0.00000000
HK97-like,76,173,409,0.7284229828850854,0.0252231034680431,0.00000000;0.00000000;0.00000000;0.00000000;0.00000000;0.00000000;0.00000000;0.00000000;0.00000000;0.00000000;0.00000000;0.00244499;0.00244499;0.03911980;0.85819071;0.08557457;0.00488998;0.00488998;0.00244499;0.00000000
HK97-like,76,175,409,0.7300122249388753,0.026268546312415,0.00000000;0.00000000;0.00000000;0.00000000;0.00000000;0.00000000;0.00000000;0.00000000;0.00000000;0.00000000;0.00000000;0.00244499;0.00244499;0.03178484;0.84352078;0.10757946;0.00244499;0.00733496;0.00244499;0.00000000
HK97-like,76,178,818,0.7314180929095354,0.0271688780906629,0.00000000;0.00000000;0.00000000;0.00000000;0.00000000;0.00000000;0.00000000;0.00000000;0.00000000;0.00000000;0.00000000;0.00244499;0.00244499;0.02444988;0.83251834;0.12591687;0.00122249;0.00733496;0.00366748;0.00000000
HK97-like,76,179,818,0.7346577017114915,0.0296413805049402,0.00000000;0.00000000;0.00000000;0.00000000;0.00000000;0.00000000;0.00000000;0.00000000;0.00000000;0.00000000;0.00000000;0.00244499;0.00000000;0.01955990;0.79217604;0.17114914;0.00244499;0.00733496;0.00244499;0.00244499
HK97-like,76,180,818,0.7383863080684596,0.031094931674731,0.00000000;0.00000000;0.00000000;0.00000000;0.00000000;0.00000000;0.00000000;0.00000000;0.00000000;0.00000000;0.00000000;0.00244499;0.00000000;0.01711491;0.72249389;0.24327628;0.00244499;0.00733496;0.00244499;0.00244499
HK97-like,76,185,408,0.8126225490196078,0.0288672533343774,0.00000000;0.00000000;0.00000000;0.00000000;0.00000000;0.00000000;0.00000000;0.00000000;0.00000000;0.00000000;0.00000000;0.00000000;0.00245098;0.00000000;0.00735294;0.25490196;0.71813725;0.00735294;0.00490196;0.00490196
HK97-like,76,189,2864,0.7540153631284915,0.0328405201538325,0.00000000;0.00000000;0.00000000;0.00000000;0.00000000;0.00000000;0.00000000;0.00000000;0.00000000;0.00000000;0.00000000;0.00244413;0.00000000;0.01117318;0.42493017;0.54434358;0.00488827;0.00663408;0.00314246;0.00244413
HK97-like,76,209,2039,0.8196051986267778,0.0243166255073361,0.00000000;0.00000000;0.00000000;0.00000000;0.00000000;0.00000000;0.00000000;0.00000000;0.00000000;0.00000000;0.00000000;0.00000000;0.00245218;0.00000000;0.00637567;0.11623345;0.85777342;0.00784698;0.00490436;0.00441393
HK97-like,76,213,407,0.8242628992628993,0.0207227438453211,0.00000000;0.00000000;0.00000000;0.00000000;0.00000000;0.00000000;0.00000000;0.00000000;0.00000000;0.00000000;0.00000000;0.00000000;0.00245700;0.00000000;0.00245700;0.03685504;0.93857494;0.00982801;0.00245700;0.00737101
HK97-like,76,216,814,0.8241400491400492,0.0207180094240228,0.00000000;0.00000000;0.00000000;0.00000000;0.00000000;0.00000000;0.00000000;0.00000000;0.00000000;0.00000000;0.00000000;0.00000000;0.00245700;0.00000000;0.00245700;0.04054054;0.93243243;0.01228501;0.00368550;0.00614251
HK97-like,76,224,1247,0.8272854851643944,0.0230230588932728,0.00000000;0.00000000;0.00000000;0.00000000;0.00000000;0.00000000;0.00000000;0.00000000;0.00000000;0.00000000;0.00000000;0.00000000;0.00320770;0.00000000;0.00240577;0.02325581;0.89975942;0.06255012;0.00240577;0.00641540
HK97-like,76,229,1353,0.8331300813008129,0.0254387821566499,0.00000000;0.00000000;0.00000000;0.00000000;0.00000000;0.00000000;0.00000000;0.00000000;0.00000000;0.00000000;0.00000000;0.00000000;0.00221729;0.00000000;0.00221729;0.01699926;0.79674797;0.17516630;0.00221729;0.00443459
HK97-like,76,248,812,0.8434113300492612,0.0298240037835171,0.00000000;0.00000000;0.00000000;0.00000000;0.00000000;0.00000000;0.00000000;0.00000000;0.00000000;0.00000000;0.00000000;0.00000000;0.00246305;0.00000000;0.00000000;0.01724138;0.59975369;0.37068966;0.00492611;0.00492611
HK97-like,76,252,812,0.8524014778325123,0.0304485578906287,0.00000000;0.00000000;0.00000000;0.00000000;0.00000000;0.00000000;0.00000000;0.00000000;0.00000000;0.00000000;0.00000000;0.00000000;0.00246305;0.00000000;0.00000000;0.01600985;0.42364532;0.54679803;0.00615764;0.00492611
HK97-like,76,259,2807,0.8685162094763093,0.0227437124535523,0.00000000;0.00000000;0.00000000;0.00000000;0.00000000;0.00000000;0.00000000;0.00000000;0.00000000;0.00000000;0.00000000;0.00000000;0.00000000;0.00249377;0.00000000;0.00926256;0.11863199;0.85749911;0.00676879;0.00534378
HK97-like,76,297,1211,0.9223575557390586,0.0157798693310975,0.00000000;0.00000000;0.00000000;0.00000000;0.00000000;0.00000000;0.00000000;0.00000000;0.00000000;0.00000000;0.00000000;0.00000000;0.00000000;0.00000000;0.00247729;0.00000000;0.00495458;0.03798514;0.94962841;0.00495458
HK97-like,76,301,403,0.9231389578163772,0.014186301920842,0.00000000;0.00000000;0.00000000;0.00000000;0.00000000;0.00000000;0.00000000;0.00000000;0.00000000;0.00000000;0.00000000;0.00000000;0.00000000;0.00000000;0.00248139;0.00000000;0.00248139;0.02729529;0.96277916;0.00496278
HK97-like,76,302,1211,0.9254128819157722,0.0173560746436875,0.00000000;0.00000000;0.00000000;0.00000000;0.00000000;0.00000000;0.00000000;0.00000000;0.00000000;0.00000000;0.00000000;0.00000000;0.00000000;0.00000000;0.00247729;0.00000000;0.00247729;0.02394715;0.92402973;0.04706854
HK97-like,76,313,2010,0.9412935323383084,0.0283359976732688,0.00000000;0.00000000;0.00000000;0.00000000;0.00000000;0.00000000;0.00000000;0.00000000;0.00000000;0.00000000;0.00000000;0.00000000;0.00000000;0.00000000;0.00248756;0.00000000;0.00248756;0.01840796;0.61741294;0.35920398
HK97-like,76,321,1203,0.9646508728179553,0.0253594830461643,0.00000000;0.00000000;0.00000000;0.00000000;0.00000000;0.00000000;0.00000000;0.00000000;0.00000000;0.00000000;0.00000000;0.00000000;0.00000000;0.00000000;0.00249377;0.00000000;0.00166251;0.01662510;0.15627598;0.82294264
HK97-like,76,340,27148,0.0994014292028878,0.0595532373684036,0.24200678;0.28068366;0.28315161;0.14649330;0.03963460;0.00780905;0.00000000;0.00000000;0.00000000;0.00000000;0.00000000;0.00000000;0.00000000;0.00000000;0.00000000;0.00000000;0.00000000;0.00007367;0.00007367;0.00007367
HK97-like,81,10,376,0.0263297872340425,0.0108587530120178,0.98404255;0.00531915;0.01063830;0.00000000;0.00000000;0.00000000;0.00000000;0.00000000;0.00000000;0.00000000;0.00000000;0.00000000;0.00000000;0.00000000;0.00000000;0.00000000;0.00000000;0.00000000;0.00000000;0.00000000
HK97-like,81,91,1417,0.5351623147494706,0.0241095867222536,0.00000000;0.00000000;0.00000000;0.00000000;0.00000000;0.00000000;0.00000000;0.00000000;0.00282287;0.00988003;0.77840508;0.20183486;0.00635145;0.00000000;0.00000000;0.00000000;0.00070572;0.00000000;0.00000000;0.00000000
HK97-like,81,98,4254,0.5572872590503056,0.0272456177790457,0.00000000;0.00000000;0.00000000;0.00000000;0.00000000;0.00000000;0.00000000;0.00000000;0.00282087;0.00094029;0.36765397;0.60578279;0.02186178;0.00094029;0.00000000;0.00000000;0.00000000;0.00000000;0.00000000;0.00000000
HK97-like,81,105,708,0.578460451977401,0.0213929437075331,0.00000000;0.00000000;0.00000000;0.00000000;0.00000000;0.00000000;0.00000000;0.00000000;0.00000000;0.00282486;0.02542373;0.88276836;0.08333333;0.00423729;0.00000000;0.00000000;0.00000000;0.00141243;0.00000000;0.00000000
HK97-like,81,109,708,0.5768361581920903,0.0196226043681684,0.00000000;0.00000000;0.00000000;0.00000000;0.00000000;0.00000000;0.00000000;0.00000000;0.00141243;0.00141243;0.04096045;0.87711864;0.07344633;0.00564972;0.00000000;0.00000000;0.00000000;0.00000000;0.00000000;0.00000000
HK97-like,81,111,707,0.5787482319660537,0.0187127162661254,0.00000000;0.00000000;0.00000000;0.00000000;0.00000000;0.00000000;0.00000000;0.00000000;0.00000000;0.00282885;0.02404526;0.87128713;0.09900990;0.00282885;0.00000000;0.00000000;0.00000000;0.00000000;0.00000000;0.00000000
HK97-like,81,114,353,0.5864730878186969,0.0235655913236095,0.00000000;0.00000000;0.00000000;0.00000000;0.00000000;0.00000000;0.00000000;0.00000000;0.00000000;0.00283286;0.00849858;0.75070822;0.23229462;0.00566572;0.00000000;0.00000000;0.00000000;0.00000000;0.00000000;0.00000000
HK97-like,81,115,354,0.5878531073446327,0.0240067293756596,0.00000000;0.00000000;0.00000000;0.00000000;0.00000000;0.00000000;0.00000000;0.00000000;0.00000000;0.00282486;0.00847458;0.72033898;0.26553672;0.00282486;0.00000000;0.00000000;0.00000000;0.00000000;0.00000000;0.00000000
HK97-like,81,118,1061,0.5858859566446748,0.0235166373967965,0.00000000;0.00000000;0.00000000;0.00000000;0.00000000;0.00000000;0.00000000;0.00000000;0.00000000;0.00282752;0.01036758;0.75966070;0.22054665;0.00659755;0.00000000;0.00000000;0.00000000;0.00000000;0.00000000;0.00000000
HK97-like,81,119,354,0.5990112994350282,0.0291549510676625,0.00000000;0.00000000;0.00000000;0.00000000;0.00000000;0.00000000;0.00000000;0.00000000;0.00000000;0.00282486;0.00000000;0.53107345;0.45480226;0.00847458;0.00000000;0.00000000;0.00282486;0.00000000;0.00000000;0.00000000
HK97-like,81,121,712,0.609129213483146,0.0299967252978533,0.00000000;0.00000000;0.00000000;0.00000000;0.00000000;0.00000000;0.00000000;0.00000000;0.00000000;0.00280899;0.00000000;0.34129213;0.63764045;0.01264045;0.00280899;0.00000000;0.00000000;0.00280899;0.00000000;0.00000000
HK97-like,81,123,355,0.6048591549295775,0.0306499067271737,0.00000000;0.00000000;0.00000000;0.00000000;0.00000000;0.00000000;0.00000000;0.00000000;0.00000000;0.00281690;0.00000000;0.42253521;0.56056338;0.00845070;0.00281690;0.00000000;0.00000000;0.00281690;0.00000000;0.00000000
HK97-like,81,125,354,0.6177966101694915,0.0224949056337096,0.00000000;0.00000000;0.00000000;0.00000000;0.00000000;0.00000000;0.00000000;0.00000000;0.00000000;0.00282486;0.00000000;0.16384181;0.80790960;0.02259887;0.00282486;0.00000000;0.00000000;0.00000000;0.00000000;0.00000000
HK97-like,81,128,710,0.6144366197183098,0.026424877520132,0.00000000;0.00000000;0.00000000;0.00000000;0.00000000;0.00000000;0.00000000;0.00000000;0.00000000;0.00281690;0.00000000;0.23380282;0.74084507;0.01830986;0.00281690;0.00000000;0.00000000;0.00140845;0.00000000;0.00000000
HK97-like,81,129,787,0.6193456162642947,0.0289006094292595,0.00000000;0.00000000;0.00000000;0.00000000;0.00000000;0.00000000;0.00000000;0.00000000;0.00000000;0.00254130;0.00000000;0.16772554;0.78653113;0.03684879;0.00254130;0.00000000;0.00000000;0.00254130;0.00127065;0.00000000
HK97-like,81,131,355,0.6248591549295774,0.0229814963992914,0.00000000;0.00000000;0.00000000;0.00000000;0.00000000;0.00000000;0.00000000;0.00000000;0.00000000;0.00281690;0.00000000;0.05915493;0.88732394;0.04507042;0.00281690;0.00000000;0.00000000;0.00281690;0.00000000;0.00000000
HK97-like,81,160,1059,0.685576015108593,0.0241287980621544,0.00000000;0.00000000;0.00000000;0.00000000;0.00000000;0.00000000;0.00000000;0.00000000;0.00000000;0.00000000;0.00283286;0.00000000;0.00944287;0.76392823;0.21907460;0.00377715;0.00094429;0.00000000;0.00000000;0.00000000
HK97-like,81,163,2473,0.6899009300444804,0.0256607051040669,0.00000000;0.00000000;0.00000000;0.00000000;0.00000000;0.00000000;0.00000000;0.00000000;0.00000000;0.00000000;0.00202184;0.00080873;0.00404367;0.68944602;0.29923170;0.00363930;0.00000000;0.00080873;0.00000000;0.00000000
HK97-like,81,166,2717,0.7201969083548031,0.0195629431002101,0.00000000;0.00000000;0.00000000;0.00000000;0.00000000;0.00000000;0.00000000;0.00000000;0.00000000;0.00000000;0.00000000;0.00294442;0.00000000;0.10894369;0.86823703;0.01877070;0.00036805;0.00073611;0.00000000;0.00000000
HK97-like,81,169,712,0.7071629213483145,0.0253755251543486,0.00000000;0.00000000;0.00000000;0.00000000;0.00000000;0.00000000;0.00000000;0.00000000;0.00000000;0.00000000;0.00000000;0.00280899;0.00000000;0.35393258;0.63764045;0.00561798;0.00000000;0.00000000;0.00000000;0.00000000
HK97-like,81,171,706,0.7262039660056657,0.0171014564964253,0.00000000;0.00000000;0.00000000;0.00000000;0.00000000;0.00000000;0.00000000;0.00000000;0.00000000;0.00000000;0.00000000;0.00283286;0.00000000;0.02691218;0.91359773;0.05382436;0.00283286;0.00000000;0.00000000;0.00000000
HK97-like,81,172,706,0.7286118980169971,0.0175838605844892,0.00000000;0.00000000;0.00000000;0.00000000;0.00000000;0.00000000;0.00000000;0.00000000;0.00000000;0.00000000;0.00000000;0.00283286;0.00000000;0.00849858;0.90226629;0.08356941;0.00283286;0.00000000;0.00000000;0.00000000
HK97-like,81,173,352,0.7303977272727271,0.0188251764284424,0.00000000;0.00000000;0.00000000;0.00000000;0.00000000;0.00000000;0.00000000;0.00000000;0.00000000;0.00000000;0.00000000;0.00284091;0.00000000;0.00284091;0.87784091;0.11363636;0.00284091;0.00000000;0.00000000;0.00000000
HK97-like,81,175,353,0.731940509915014,0.0203019522574152,0.00000000;0.00000000;0.00000000;0.00000000;0.00000000;0.00000000;0.00000000;0.00000000;0.00000000;0.00000000;0.00000000;0.00283286;0.00000000;0.00283286;0.84702550;0.14447592;0.00283286;0.00000000;0.00000000;0.00000000
HK97-like,81,178,708,0.7387711864406779,0.0255789166636979,0.00000000;0.00000000;0.00000000;0.00000000;0.00000000;0.00000000;0.00000000;0.00000000;0.00000000;0.00000000;0.00000000;0.00282486;0.00000000;0.00282486;0.71468927;0.27542373;0.00282486;0.00000000;0.00141243;0.00000000
HK97-like,81,179,706,0.7446175637393768,0.0266335094850903,0.00000000;0.00000000;0.00000000;0.00000000;0.00000000;0.00000000;0.00000000;0.00000000;0.00000000;0.00000000;0.00000000;0.00283286;0.00000000;0.00000000;0.60198300;0.38951841;0.00566572;0.00000000;0.00000000;0.00000000
HK97-like,81,180,706,0.751558073654391,0.0271272345453708,0.00000000;0.00000000;0.00000000;0.00000000;0.00000000;0.00000000;0.00000000;0.00000000;0.00000000;0.00000000;0.00000000;0.00283286;0.00000000;0.00000000;0.46317280;0.52832861;0.00566572;0.00000000;0.00000000;0.00000000
HK97-like,81,185,358,0.8167597765363128,0.0213504504408753,0.00000000;0.00000000;0.00000000;0.00000000;0.00000000;0.00000000;0.00000000;0.00000000;0.00000000;0.00000000;0.00000000;0.00000000;0.00279330;0.00000000;0.00000000;0.15921788;0.83240223;0.00558659;0.00000000;0.00000000
HK97-like,81,189,2471,0.7659146094698502,0.0213707987945281,0.00000000;0.00000000;0.00000000;0.00000000;0.00000000;0.00000000;0.00000000;0.00000000;0.00000000;0.00000000;0.00000000;0.00080939;0.00202347;0.00000000;0.17847025;0.81262647;0.00607042;0.00000000;0.00000000;0.00000000
HK97-like,81,209,1771,0.8218379446640316,0.0156235443612157,0.00000000;0.00000000;0.00000000;0.00000000;0.00000000;0.00000000;0.00000000;0.00000000;0.00000000;0.00000000;0.00000000;0.00000000;0.00169396;0.00112931;0.00000000;0.05872388;0.93280632;0.00564653;0.00000000;0.00000000
HK97-like,81,213,354,0.8240112994350282,0.0121378563156179,0.00000000;0.00000000;0.00000000;0.00000000;0.00000000;0.00000000;0.00000000;0.00000000;0.00000000;0.00000000;0.00000000;0.00000000;0.00000000;0.00282486;0.00000000;0.02259887;0.96327684;0.01129944;0.00000000;0.00000000
HK97-like,81,216,707,0.8239391796322489,0.012285177228067,0.00000000;0.00000000;0.00000000;0.00000000;0.00000000;0.00000000;0.00000000;0.00000000;0.00000000;0.00000000;0.00000000;0.00000000;0.00000000;0.00282885;0.00000000;0.02263083;0.96605375;0.00707214;0.00141443;0.00000000
HK97-like,81,224,1394,0.8259684361549497,0.0136882855589336,0.00000000;0.00000000;0.00000000;0.00000000;0.00000000;0.00000000;0.00000000;0.00000000;0.00000000;0.00000000;0.00000000;0.00000000;0.00000000;0.00286944;0.00000000;0.00860832;0.95408895;0.03228121;0.00215208;0.00000000
HK97-like,81,229,3631,0.8488088680804187,0.0272144970562922,0.00000000;0.00000000;0.00000000;0.00000000;0.00000000;0.00000000;0.00000000;0.00000000;0.00000000;0.00000000;0.00000000;0.00000000;0.00000000;0.00275406;0.00000000;0.00220325;0.51308180;0.47727899;0.00468191;0.00000000
HK97-like,81,248,708,0.8713983050847459,0.0167363941690744,0.00000000;0.00000000;0.00000000;0.00000000;0.00000000;0.00000000;0.00000000;0.00000000;0.00000000;0.00000000;0.00000000;0.00000000;0.00000000;0.00282486;0.00000000;0.00000000;0.06638418;0.92514124;0.00564972;0.00000000
HK97-like,81,252,709,0.873166431593794,0.0144292623592204,0.00000000;0.00000000;0.00000000;0.00000000;0.00000000;0.00000000;0.00000000;0.00000000;0.00000000;0.00000000;0.00000000;0.00000000;0.00000000;0.00282087;0.00000000;0.00000000;0.03244006;0.95768688;0.00705219;0.00000000
HK97-like,81,259,2138,0.8742750233863423,0.0124496419912541,0.00000000;0.00000000;0.00000000;0.00000000;0.00000000;0.00000000;0.00000000;0.00000000;0.00000000;0.00000000;0.00000000;0.00000000;0.00000000;0.00140318;0.00140318;0.00000000;0.01403181;0.97567820;0.00561272;0.00187091
HK97-like,81,297,1058,0.9242438563327032,0.0122742405147432,0.00000000;0.00000000;0.00000000;0.00000000;0.00000000;0.00000000;0.00000000;0.00000000;0.00000000;0.00000000;0.00000000;0.00000000;0.00000000;0.00000000;0.00283554;0.00000000;0.00000000;0.00945180;0.98204159;0.00567108
HK97-like,81,301,353,0.92485835694051,0.0095941610322244,0.00000000;0.00000000;0.00000000;0.00000000;0.00000000;0.00000000;0.00000000;0.00000000;0.00000000;0.00000000;0.00000000;0.00000000;0.00000000;0.00000000;0.00000000;0.00283286;0.00000000;0.00283286;0.98583569;0.00849858
HK97-like,81,302,1058,0.9280245746691872,0.0161315879424497,0.00000000;0.00000000;0.00000000;0.00000000;0.00000000;0.00000000;0.00000000;0.00000000;0.00000000;0.00000000;0.00000000;0.00000000;0.00000000;0.00000000;0.00094518;0.00189036;0.00000000;0.00283554;0.92155009;0.07277883
HK97-like,81,313,1760,0.9541193181818182,0.0263298023244424,0.00000000;0.00000000;0.00000000;0.00000000;0.00000000;0.00000000;0.00000000;0.00000000;0.00000000;0.00000000;0.00000000;0.00000000;0.00000000;0.00000000;0.00000000;0.00284091;0.00000000;0.00000000;0.40625000;0.59090909
HK97-like,81,321,1057,0.971263008514664,0.0160633467977053,0.00000000;0.00000000;0.00000000;0.00000000;0.00000000;0.00000000;0.00000000;0.00000000;0.00000000;0.00000000;0.00000000;0.00000000;0.00000000;0.00000000;0.00000000;0.00283822;0.00000000;0.00000000;0.06338694;0.93377483
HK97-like,81,340,12887,0.0542814464188717,0.0404331193172526,0.52898270;0.37945216;0.07860635;0.01101886;0.00131916;0.00000000;0.00000000;0.00000000;0.00000000;0.00000000;0.00000000;0.00000000;0.00000000;0.00000000;0.00000000;0.00000000;0.00023279;0.00015520;0.00015520;0.00007760
HK97-like,83,10,1989,0.026734539969834,0.0106716578891757,0.97134238;0.02262443;0.00603318;0.00000000;0.00000000;0.00000000;0.00000000;0.00000000;0.00000000;0.00000000;0.00000000;0.00000000;0.00000000;0.00000000;0.00000000;0.00000000;0.00000000;0.00000000;0.00000000;0.00000000
HK97-like,83,91,7331,0.5310087300504707,0.0471790724878944,0.00000000;0.00000000;0.00000000;0.00000000;0.00000000;0.00000000;0.00000000;0.00054563;0.00122766;0.16764425;0.60810258;0.19942709;0.01254945;0.00150048;0.00081844;0.00109126;0.00190970;0.00122766;0.00150048;0.00245533
HK97-like,83,98,22159,0.5472121936910509,0.0439832450823537,0.00000000;0.00000000;0.00000000;0.00000000;0.00000000;0.00000000;0.00000000;0.00004513;0.00054154;0.04269146;0.56581976;0.33295726;0.04833251;0.00212103;0.00022564;0.00148924;0.00139898;0.00112821;0.00171488;0.00153437
HK97-like,83,105,3657,0.5708435876401421,0.0419050795700667,0.00000000;0.00000000;0.00000000;0.00000000;0.00000000;0.00000000;0.00000000;0.00000000;0.00054690;0.00246103;0.26907301;0.57588187;0.13918512;0.00546896;0.00109379;0.00109379;0.00054690;0.00191414;0.00136724;0.00136724
HK97-like,83,109,3656,0.568312363238512,0.0422266835211868,0.00000000;0.00000000;0.00000000;0.00000000;0.00000000;0.00000000;0.00000000;0.00000000;0.00054705;0.00300875;0.30661926;0.54841357;0.12937637;0.00492341;0.00082057;0.00109409;0.00054705;0.00218818;0.00109409;0.00136761
HK97-like,83,111,3658,0.5732094040459267,0.0451465374141453,0.00054675;0.00027337;0.00000000;0.00000000;0.00000000;0.00000000;0.00000000;0.00000000;0.00054675;0.00164024;0.23400765;0.59650082;0.15199563;0.00656096;0.00109349;0.00109349;0.00054675;0.00191361;0.00136687;0.00191361
HK97-like,83,114,1827,0.5830186097427476,0.0388675727845094,0.00000000;0.00000000;0.00000000;0.00000000;0.00000000;0.00000000;0.00000000;0.00000000;0.00000000;0.00109469;0.11001642;0.66064587;0.21182266;0.00875753;0.00164204;0.00054735;0.00109469;0.00164204;0.00109469;0.00164204
HK97-like,83,115,1827,0.5850437876299944,0.0385008938471974,0.00000000;0.00000000;0.00000000;0.00000000;0.00000000;0.00000000;0.00000000;0.00000000;0.00000000;0.00109469;0.08812261;0.66721401;0.22386426;0.01204160;0.00164204;0.00054735;0.00109469;0.00164204;0.00109469;0.00164204
HK97-like,83,118,5485,0.5797766636280766,0.0426660548413335,0.00036463;0.00018232;0.00000000;0.00000000;0.00000000;0.00000000;0.00000000;0.00000000;0.00018232;0.00109389;0.15278031;0.63518687;0.19288970;0.00966272;0.00127621;0.00072926;0.00091158;0.00182315;0.00091158;0.00200547
HK97-like,83,119,1827,0.590407772304324,0.0378960292968988,0.00000000;0.00000000;0.00000000;0.00000000;0.00000000;0.00000000;0.00000000;0.00000000;0.00000000;0.00054735;0.04324028;0.65736180;0.27422003;0.01696771;0.00164204;0.00000000;0.00164204;0.00164204;0.00054735;0.00218938
HK97-like,83,121,3651,0.5964324842508901,0.0383707072783207,0.00000000;0.00000000;0.00000000;0.00000000;0.00000000;0.00000000;0.00000000;0.00000000;0.00000000;0.00054780;0.02684196;0.58230622;0.35141057;0.03177212;0.00109559;0.00054780;0.00164339;0.00054780;0.00164339;0.00164339
HK97-like,83,123,1826,0.5943044906900328,0.0378213989219912,0.00000000;0.00000000;0.00000000;0.00000000;0.00000000;0.00000000;0.00000000;0.00000000;0.00000000;0.00054765;0.03012048;0.61062432;0.32749179;0.02409639;0.00109529;0.00054765;0.00164294;0.00054765;0.00164294;0.00164294
HK97-like,83,125,1824,0.6028782894736842,0.0382590502154704,0.00000000;0.00000000;0.00000000;0.00000000;0.00000000;0.00000000;0.00000000;0.00000000;0.00000000;0.00054825;0.01480263;0.49342105;0.43421053;0.05043860;0.00109649;0.00054825;0.00109649;0.00054825;0.00219298;0.00109649
HK97-like,83,128,3648,0.601110197368421,0.0385293793855836,0.00000000;0.00000000;0.00000000;0.00000000;0.00000000;0.00000000;0.00000000;0.00000000;0.00000000;0.00054825;0.01754386;0.52001096;0.40926535;0.04577851;0.00109649;0.00054825;0.00137061;0.00054825;0.00191886;0.00137061
HK97-like,83,129,3652,0.6036281489594743,0.0383797928042533,0.00000000;0.00000000;0.00000000;0.00000000;0.00000000;0.00000000;0.00000000;0.00000000;0.00000000;0.00054765;0.01533406;0.47918949;0.44660460;0.05120482;0.00164294;0.00054765;0.00109529;0.00054765;0.00219058;0.00109529
HK97-like,83,131,1824,0.6114583333333333,0.0370996231223272,0.00000000;0.00000000;0.00000000;0.00000000;0.00000000;0.00000000;0.00000000;0.00000000;0.00000000;0.00054825;0.00383772;0.36896930;0.54385965;0.07456140;0.00328947;0.00054825;0.00054825;0.00109649;0.00219298;0.00054825
HK97-like,83,160,5459,0.687822861329914,0.0275965215030239,0.00000000;0.00000000;0.00000000;0.00000000;0.00000000;0.00000000;0.00000000;0.00000000;0.00000000;0.00000000;0.00000000;0.00036637;0.02582891;0.70800513;0.25590768;0.00622825;0.00146547;0.00109910;0.00073273;0.00036637
HK97-like,83,163,12737,0.6909770746643638,0.0281717181221715,0.00000000;0.00000000;0.00000000;0.00000000;0.00000000;0.00000000;0.00000000;0.00000000;0.00000000;0.00000000;0.00000000;0.00039256;0.01483866;0.66868179;0.30493837;0.00745859;0.00141321;0.00109916;0.00039256;0.00078511
HK97-like,83,166,12334,0.7164058699529754,0.026679095519724,0.00000000;0.00000000;0.00000000;0.00000000;0.00000000;0.00000000;0.00000000;0.00000000;0.00000000;0.00000000;0.00000000;0.00000000;0.00113507;0.22263661;0.73187936;0.04037620;0.00186476;0.00056754;0.00048646;0.00105400
HK97-like,83,169,3660,0.7041666666666666,0.0290277723307269,0.00000000;0.00000000;0.00000000;0.00000000;0.00000000;0.00000000;0.00000000;0.00000000;0.00000000;0.00000000;0.00000000;0.00000000;0.00245902;0.43989071;0.53825137;0.01502732;0.00218579;0.00109290;0.00000000;0.00109290
HK97-like,83,171,3636,0.7278190319031904,0.0220548179616702,0.00000000;0.00000000;0.00000000;0.00000000;0.00000000;0.00000000;0.00000000;0.00000000;0.00000000;0.00000000;0.00000000;0.00000000;0.00055006;0.05308031;0.84460946;0.09735974;0.00220022;0.00055006;0.00110011;0.00055006
HK97-like,83,172,3636,0.7312431243124312,0.0223316404837691,0.00000000;0.00000000;0.00000000;0.00000000;0.00000000;0.00000000;0.00000000;0.00000000;0.00000000;0.00000000;0.00000000;0.00000000;0.00055006;0.02915292;0.82370737;0.14191419;0.00247525;0.00082508;0.00110011;0.00027503
HK97-like,83,173,1817,0.7338882773802972,0.0233297804811094,0.00000000;0.00000000;0.00000000;0.00000000;0.00000000;0.00000000;0.00000000;0.00000000;0.00000000;0.00000000;0.00000000;0.00000000;0.00055036;0.01596037;0.79911943;0.17886626;0.00275179;0.00110072;0.00110072;0.00055036
HK97-like,83,175,1817,0.7350715465052283,0.0229939895349949,0.00000000;0.00000000;0.00000000;0.00000000;0.00000000;0.00000000;0.00000000;0.00000000;0.00000000;0.00000000;0.00000000;0.00000000;0.00055036;0.01100715;0.78315905;0.20033021;0.00275179;0.00110072;0.00110072;0.00000000
HK97-like,83,178,3634,0.7374380847550908,0.0241691808620301,0.00000000;0.00000000;0.00000000;0.00000000;0.00000000;0.00000000;0.00000000;0.00000000;0.00000000;0.00000000;0.00000000;0.00000000;0.00000000;0.00908090;0.74243258;0.24298294;0.00275179;0.00165107;0.00110072;0.00000000
HK97-like,83,179,3657,0.7415709598031173,0.0257552044058511,0.00000000;0.00000000;0.00000000;0.00000000;0.00000000;0.00000000;0.00000000;0.00000000;0.00000000;0.00000000;0.00000000;0.00000000;0.00000000;0.00519552;0.66994804;0.31692644;0.00519552;0.00164069;0.00109379;0.00000000
HK97-like,83,180,3626,0.7467319360176503,0.0268420819606988,0.00000000;0.00000000;0.00000000;0.00000000;0.00000000;0.00000000;0.00000000;0.00000000;0.00000000;0.00000000;0.00000000;0.00000000;0.00000000;0.00303365;0.57198014;0.41671263;0.00496415;0.00220629;0.00110314;0.00000000
HK97-like,83,185,1816,0.8213656387665197,0.0162749844505334,0.00000000;0.00000000;0.00000000;0.00000000;0.00000000;0.00000000;0.00000000;0.00000000;0.00000000;0.00000000;0.00000000;0.00000000;0.00000000;0.00000000;0.00055066;0.08535242;0.90418502;0.00715859;0.00165198;0.00110132
HK97-like,83,189,12738,0.7611673732140053,0.0253839895865147,0.00000000;0.00000000;0.00000000;0.00000000;0.00000000;0.00000000;0.00000000;0.00000000;0.00000000;0.00000000;0.00000000;0.00000000;0.00000000;0.00164861;0.29431622;0.68770608;0.01303187;0.00219815;0.00086356;0.00023552
HK97-like,83,209,9083,0.8247743036441705,0.0146598457737356,0.00000000;0.00000000;0.00000000;0.00000000;0.00011010;0.00000000;0.00000000;0.00000000;0.00000000;0.00000000;0.00000000;0.00000000;0.00000000;0.00000000;0.00033029;0.02818452;0.95122757;0.01662446;0.00154134;0.00198172
HK97-like,83,213,1816,0.8278083700440527,0.0143830027096836,0.00000000;0.00000000;0.00000000;0.00000000;0.00000000;0.00000000;0.00000000;0.00000000;0.00000000;0.00000000;0.00000000;0.00000000;0.00000000;0.00000000;0.00000000;0.00605727;0.93832599;0.05121145;0.00220264;0.00220264
HK97-like,83,216,3632,0.8279735682819382,0.0149142691645383,0.00000000;0.00000000;0.00000000;0.00000000;0.00000000;0.00000000;0.00000000;0.00000000;0.00000000;0.00000000;0.00000000;0.00000000;0.00000000;0.00000000;0.00000000;0.00770925;0.93171806;0.05616740;0.00220264;0.00220264
HK97-like,83,224,7255,0.8335665058580288,0.0203352049348255,0.00000000;0.00000000;0.00000000;0.00000000;0.00000000;0.00000000;0.00000000;0.00000000;0.00000000;0.00000000;0.00000000;0.00000000;0.00000000;0.00000000;0.00000000;0.00344590;0.82811854;0.16402481;0.00248105;0.00192970
HK97-like,83,229,14447,0.8544628642624766,0.0255508047497461,0.00000000;0.00000000;0.00000000;0.00000000;0.00000000;0.00000000;0.00000000;0.00000000;0.00000000;0.00000000;0.00000000;0.00000000;0.00000000;0.00000000;0.00000000;0.00062297;0.41662629;0.57742092;0.00353014;0.00179968
HK97-like,83,248,3625,0.8731931034482758,0.0114550374714383,0.00000000;0.00000000;0.00000000;0.00000000;0.00000000;0.00000000;0.00000000;0.00000000;0.00000000;0.00000000;0.00000000;0.00000000;0.00000000;0.00000000;0.00000000;0.00000000;0.04386207;0.94951724;0.00551724;0.00110345
HK97-like,83,252,3624,0.8745171081677705,0.0084970930507323,0.00000000;0.00000000;0.00000000;0.00000000;0.00000000;0.00000000;0.00000000;0.00000000;0.00000000;0.00000000;0.00000000;0.00000000;0.00000000;0.00000000;0.00000000;0.00000000;0.01793598;0.97516556;0.00551876;0.00137969
HK97-like,83,259,11081,0.8756497608519087,0.0085514401996902,0.00000000;0.00000000;0.00000000;0.00000000;0.00000000;0.00000000;0.00000000;0.00000000;0.00000000;0.00000000;0.00000000;0.00000000;0.00000000;0.00000000;0.00000000;0.00000000;0.00622687;0.97653641;0.01525133;0.00198538
HK97-like,83,297,5427,0.9253132485719552,0.0049776999932413,0.00000000;0.00000000;0.00000000;0.00000000;0.00000000;0.00000000;0.00000000;0.00000000;0.00000000;0.00000000;0.00000000;0.00000000;0.00000000;0.00000000;0.00000000;0.00000000;0.00000000;0.00184264;0.99004975;0.00810761
HK97-like,83,301,1805,0.9277423822714684,0.0115051525914712,0.00000000;0.00000000;0.00000000;0.00000000;0.00000000;0.00000000;0.00000000;0.00000000;0.00000000;0.00000000;0.00000000;0.00000000;0.00000000;0.00000000;0.00000000;0.00000000;0.00000000;0.00055402;0.94404432;0.05540166
HK97-like,83,302,5414,0.9340321388991504,0.0192600867975394,0.00000000;0.00000000;0.00000000;0.00000000;0.00000000;0.00000000;0.00000000;0.00000000;0.00000000;0.00000000;0.00000000;0.00000000;0.00000000;0.00000000;0.00000000;0.00000000;0.00000000;0.00018471;0.81898781;0.18082748
HK97-like,83,313,9014,0.9584923452407366,0.0235134019723249,0.00000000;0.00000000;0.00000000;0.00000000;0.00000000;0.00000000;0.00000000;0.00000000;0.00000000;0.00000000;0.00000000;0.00000000;0.00000000;0.00000000;0.00000000;0.00000000;0.00000000;0.00000000;0.33015310;0.66984690
HK97-like,83,321,5403,0.974083842309828,0.0067058586023972,0.00000000;0.00000000;0.00000000;0.00000000;0.00000000;0.00000000;0.00000000;0.00000000;0.00000000;0.00000000;0.00000000;0.00000000;0.00000000;0.00000000;0.00000000;0.00000000;0.00000000;0.00000000;0.01832315;0.98167685
HK97-like,83,340,67185,0.0550290243357892,0.0363987744397815,0.52083054;0.37710799;0.08620972;0.01293443;0.00247079;0.00035722;0.00005954;0.00001488;0.00001488;0.00000000;0.00000000;0.00000000;0.00000000;0.00000000;0.00000000;0.00000000;0.00000000;0.00000000;0.00000000;0.00000000
HK97-like,84,10,516,0.026453488372093,0.0099815608798775,0.97674419;0.01744186;0.00581395;0.00000000;0.00000000;0.00000000;0.00000000;0.00000000;0.00000000;0.00000000;0.00000000;0.00000000;0.00000000;0.00000000;0.00000000;0.00000000;0.00000000;0.00000000;0.00000000;0.00000000
HK97-like,84,91,2022,0.2722057368941642,0.0284942982257999,0.00296736;0.00148368;0.00197824;0.00296736;0.10385757;0.81404550;0.06478734;0.00791296;0.00000000;0.00000000;0.00000000;0.00000000;0.00000000;0.00000000;0.00000000;0.00000000;0.00000000;0.00000000;0.00000000;0.00000000
HK97-like,84,98,6442,0.2921608196212356,0.0334207542754733,0.00170754;0.00170754;0.00186278;0.00046569;0.02049053;0.61921763;0.32722757;0.02375039;0.00341509;0.00015523;0.00000000;0.00000000;0.00000000;0.00000000;0.00000000;0.00000000;0.00000000;0.00000000;0.00000000;0.00000000
HK97-like,84,105,1008,0.3211309523809524,0.0302094328910839,0.00099206;0.00099206;0.00198413;0.00198413;0.00099206;0.14285714;0.76686508;0.07638889;0.00496032;0.00198413;0.00000000;0.00000000;0.00000000;0.00000000;0.00000000;0.00000000;0.00000000;0.00000000;0.00000000;0.00000000
HK97-like,84,109,1008,0.31875,0.0311108010897251,0.00198413;0.00000000;0.00198413;0.00198413;0.00198413;0.17361111;0.74900794;0.06250000;0.00496032;0.00198413;0.00000000;0.00000000;0.00000000;0.00000000;0.00000000;0.00000000;0.00000000;0.00000000;0.00000000;0.00000000
HK97-like,84,111,1008,0.3229166666666667,0.0299739470207044,0.00099206;0.00099206;0.00198413;0.00198413;0.00000000;0.12202381;0.77678571;0.08730159;0.00595238;0.00198413;0.00000000;0.00000000;0.00000000;0.00000000;0.00000000;0.00000000;0.00000000;0.00000000;0.00000000;0.00000000
HK97-like,84,114,504,0.3300595238095237,0.0295333485933837,0.00000000;0.00198413;0.00198413;0.00198413;0.00000000;0.04563492;0.79563492;0.13888889;0.00992063;0.00396825;0.00000000;0.00000000;0.00000000;0.00000000;0.00000000;0.00000000;0.00000000;0.00000000;0.00000000;0.00000000
HK97-like,84,115,504,0.3316468253968254,0.0302185536051179,0.00000000;0.00198413;0.00198413;0.00198413;0.00000000;0.03769841;0.78373016;0.15476190;0.01388889;0.00396825;0.00000000;0.00000000;0.00000000;0.00000000;0.00000000;0.00000000;0.00000000;0.00000000;0.00000000;0.00000000
HK97-like,84,118,1512,0.3288359788359788,0.0310503018537002,0.00066138;0.00132275;0.00132275;0.00264550;0.00000000;0.07341270;0.76455026;0.14153439;0.01124339;0.00330688;0.00000000;0.00000000;0.00000000;0.00000000;0.00000000;0.00000000;0.00000000;0.00000000;0.00000000;0.00000000
HK97-like,84,119,504,0.3405753968253968,0.0324353182638042,0.00000000;0.00198413;0.00000000;0.00198413;0.00198413;0.01587302;0.66269841;0.28968254;0.02182540;0.00198413;0.00198413;0.00000000;0.00000000;0.00000000;0.00000000;0.00000000;0.00000000;0.00000000;0.00000000;0.00000000
HK97-like,84,121,1008,0.3536210317460318,0.0338762810061629,0.00000000;0.00198413;0.00000000;0.00198413;0.00198413;0.00694444;0.43253968;0.51587302;0.03472222;0.00198413;0.00198413;0.00000000;0.00000000;0.00000000;0.00000000;0.00000000;0.00000000;0.00000000;0.00000000;0.00000000
HK97-like,84,123,504,0.3512896825396825,0.0336048969630799,0.00000000;0.00198413;0.00000000;0.00198413;0.00198413;0.00793651;0.47023810;0.48412698;0.02777778;0.00198413;0.00198413;0.00000000;0.00000000;0.00000000;0.00000000;0.00000000;0.00000000;0.00000000;0.00000000;0.00000000
HK97-like,84,125,504,0.3636904761904762,0.0322913237857591,0.00000000;0.00198413;0.00000000;0.00198413;0.00198413;0.00396825;0.25396825;0.68055556;0.05158730;0.00198413;0.00198413;0.00000000;0.00000000;0.00000000;0.00000000;0.00000000;0.00000000;0.00000000;0.00000000;0.00000000
HK97-like,84,128,1008,0.3604166666666667,0.0331935312353629,0.00000000;0.00198413;0.00000000;0.00198413;0.00198413;0.00496032;0.31150794;0.62896825;0.04365079;0.00297619;0.00198413;0.00000000;0.00000000;0.00000000;0.00000000;0.00000000;0.00000000;0.00000000;0.00000000;0.00000000
HK97-like,84,129,1512,0.3674603174603174,0.0324184734373017,0.00000000;0.00066138;0.00132275;0.00198413;0.00198413;0.00264550;0.21164021;0.69841270;0.07473545;0.00396825;0.00264550;0.00000000;0.00000000;0.00000000;0.00000000;0.00000000;0.00000000;0.00000000;0.00000000;0.00000000
HK97-like,84,131,504,0.3694444444444444,0.0310032142613089,0.00000000;0.00000000;0.00198413;0.00198413;0.00198413;0.00000000;0.18253968;0.72420635;0.08134921;0.00396825;0.00198413;0.00000000;0.00000000;0.00000000;0.00000000;0.00000000;0.00000000;0.00000000;0.00000000;0.00000000
HK97-like,84,160,2520,0.536329365079365,0.0311744109743371,0.00000000;0.00000000;0.00000000;0.00000000;0.00000000;0.00000000;0.00000000;0.00238095;0.00277778;0.04285714;0.69246032;0.24920635;0.00317460;0.00317460;0.00277778;0.00119048;0.00000000;0.00000000;0.00000000;0.00000000
HK97-like,84,163,3024,0.5396660052910054,0.0319249215636707,0.00000000;0.00000000;0.00000000;0.00000000;0.00000000;0.00000000;0.00000000;0.00264550;0.00198413;0.03373016;0.64781746;0.30158730;0.00462963;0.00363757;0.00264550;0.00132275;0.00000000;0.00000000;0.00000000;0.00000000
HK97-like,84,166,10861,0.5856205690083787,0.0371597969285275,0.00000000;0.00000000;0.00000000;0.00000000;0.00000000;0.00000000;0.00000000;0.00018415;0.00193352;0.00359083;0.09032317;0.62213424;0.26691833;0.00708959;0.00257803;0.00193352;0.00147316;0.00073658;0.00073658;0.00036829
HK97-like,84,169,504,0.554861111111111,0.0328262101826559,0.00000000;0.00000000;0.00000000;0.00000000;0.00000000;0.00000000;0.00000000;0.00198413;0.00198413;0.00992063;0.40873016;0.55357143;0.01587302;0.00396825;0.00000000;0.00396825;0.00000000;0.00000000;0.00000000;0.00000000
HK97-like,84,171,1008,0.6210813492063492,0.030325962758456,0.00000000;0.00000000;0.00000000;0.00000000;0.00000000;0.00000000;0.00000000;0.00000000;0.00000000;0.00099206;0.00496032;0.14384921;0.79563492;0.04662698;0.00198413;0.00198413;0.00198413;0.00000000;0.00000000;0.00198413
HK97-like,84,172,1008,0.6246527777777777,0.029920172765472,0.00000000;0.00000000;0.00000000;0.00000000;0.00000000;0.00000000;0.00000000;0.00000000;0.00000000;0.00000000;0.00496032;0.10218254;0.81448413;0.06845238;0.00297619;0.00297619;0.00198413;0.00000000;0.00000000;0.00198413
HK97-like,84,173,503,0.6267892644135189,0.0253559025336486,0.00000000;0.00000000;0.00000000;0.00000000;0.00000000;0.00000000;0.00000000;0.00000000;0.00000000;0.00000000;0.00397614;0.07355865;0.82107356;0.09343936;0.00198807;0.00397614;0.00198807;0.00000000;0.00000000;0.00000000
HK97-like,84,175,503,0.628976143141153,0.0268286557030795,0.00000000;0.00000000;0.00000000;0.00000000;0.00000000;0.00000000;0.00000000;0.00000000;0.00000000;0.00000000;0.00397614;0.06163022;0.80318091;0.12326044;0.00198807;0.00397614;0.00000000;0.00198807;0.00000000;0.00000000
HK97-like,84,178,1006,0.6317097415506959,0.0275256837325277,0.00000000;0.00000000;0.00000000;0.00000000;0.00000000;0.00000000;0.00000000;0.00000000;0.00000000;0.00000000;0.00397614;0.04174950;0.79025845;0.15606362;0.00198807;0.00198807;0.00198807;0.00198807;0.00000000;0.00000000
HK97-like,84,179,1006,0.6354373757455269,0.0279414247199331,0.00000000;0.00000000;0.00000000;0.00000000;0.00000000;0.00000000;0.00000000;0.00000000;0.00000000;0.00000000;0.00198807;0.02783300;0.74950298;0.21272366;0.00198807;0.00198807;0.00198807;0.00198807;0.00000000;0.00000000
HK97-like,84,180,1006,0.6402584493041751,0.0292939242708415,0.00000000;0.00000000;0.00000000;0.00000000;0.00000000;0.00000000;0.00000000;0.00000000;0.00000000;0.00000000;0.00198807;0.01988072;0.66898608;0.30119284;0.00198807;0.00198807;0.00198807;0.00198807;0.00000000;0.00000000
HK97-like,84,185,14609,0.6994472585392565,0.0349952439125035,0.00000000;0.00000000;0.00000000;0.00000000;0.00000000;0.00000000;0.00000000;0.00000000;0.00000000;0.00000000;0.00000000;0.00184818;0.04107057;0.47244849;0.44903826;0.02922856;0.00219043;0.00198508;0.00143747;0.00075296
HK97-like,84,189,1526,0.6574705111402358,0.0296725927551577,0.00000000;0.00000000;0.00000000;0.00000000;0.00000000;0.00000000;0.00000000;0.00000000;0.00000000;0.00000000;0.00131062;0.00720839;0.36369594;0.60812582;0.01376147;0.00196592;0.00196592;0.00196592;0.00000000;0.00000000
HK97-like,84,209,2511,0.7424233373158104,0.0280469325080591,0.00000000;0.00000000;0.00000000;0.00000000;0.00000000;0.00000000;0.00000000;0.00000000;0.00000000;0.00000000;0.00000000;0.00000000;0.00119474;0.01274393;0.63719634;0.34249303;0.00199124;0.00079650;0.00318598;0.00039825
HK97-like,84,213,502,0.7599601593625498,0.0267401992019704,0.00000000;0.00000000;0.00000000;0.00000000;0.00000000;0.00000000;0.00000000;0.00000000;0.00000000;0.00000000;0.00000000;0.00000000;0.00000000;0.00796813;0.30079681;0.68525896;0.00000000;0.00199203;0.00398406;0.00000000
HK97-like,84,216,1004,0.7597609561752987,0.0273650733695342,0.00000000;0.00000000;0.00000000;0.00000000;0.00000000;0.00000000;0.00000000;0.00000000;0.00000000;0.00000000;0.00000000;0.00000000;0.00000000;0.00796813;0.30776892;0.67629482;0.00199203;0.00199203;0.00298805;0.00099602
HK97-like,84,224,2008,0.7685009960159364,0.0239592948095909,0.00000000;0.00000000;0.00000000;0.00000000;0.00000000;0.00000000;0.00000000;0.00000000;0.00000000;0.00000000;0.00000000;0.00000000;0.00000000;0.00448207;0.15488048;0.81872510;0.01593625;0.00199203;0.00199203;0.00199203
HK97-like,84,229,8065,0.7899783013019219,0.0278949877454314,0.00000000;0.00000000;0.00000000;0.00000000;0.00000000;0.00000000;0.00000000;0.00000000;0.00000000;0.00000000;0.00000000;0.00000000;0.00000000;0.00086795;0.03422195;0.63868568;0.32039678;0.00347179;0.00123993;0.00111593
HK97-like,84,248,1002,0.8211077844311377,0.017584139312764,0.00000000;0.00000000;0.00000000;0.00000000;0.00000000;0.00000000;0.00000000;0.00000000;0.00000000;0.00000000;0.00000000;0.00000000;0.00000000;0.00000000;0.00000000;0.09381238;0.89820359;0.00199601;0.00399202;0.00199601
HK97-like,84,252,1000,0.8230500000000001,0.0139175249236349,0.00000000;0.00000000;0.00000000;0.00000000;0.00000000;0.00000000;0.00000000;0.00000000;0.00000000;0.00000000;0.00000000;0.00000000;0.00000000;0.00000000;0.00000000;0.05500000;0.93300000;0.00800000;0.00400000;0.00000000
HK97-like,84,259,3000,0.8291833333333333,0.0170782431440967,0.00000000;0.00000000;0.00000000;0.00000000;0.00000000;0.00000000;0.00000000;0.00000000;0.00000000;0.00000000;0.00000000;0.00000000;0.00000000;0.00000000;0.00000000;0.01600000;0.88833333;0.09166667;0.00400000;0.00000000
HK97-like,84,297,1498,0.8945927903871831,0.0248150919094157,0.00000000;0.00000000;0.00000000;0.00000000;0.00000000;0.00000000;0.00000000;0.00000000;0.00000000;0.00000000;0.00000000;0.00000000;0.00000000;0.00000000;0.00000000;0.00000000;0.00200267;0.60614152;0.38985314;0.00200267
HK97-like,84,301,500,0.9057,0.0245460791166328,0.00000000;0.00000000;0.00000000;0.00000000;0.00000000;0.00000000;0.00000000;0.00000000;0.00000000;0.00000000;0.00000000;0.00000000;0.00000000;0.00000000;0.00000000;0.00000000;0.00000000;0.38800000;0.61000000;0.00200000
HK97-like,84,302,1499,0.9088225483655772,0.0236044341480818,0.00000000;0.00000000;0.00000000;0.00000000;0.00000000;0.00000000;0.00000000;0.00000000;0.00000000;0.00000000;0.00000000;0.00000000;0.00000000;0.00000000;0.00000000;0.00000000;0.00000000;0.32555037;0.67244830;0.00200133
HK97-like,84,313,2492,0.9200040128410916,0.015520658317849,0.00000000;0.00000000;0.00000000;0.00000000;0.00000000;0.00000000;0.00000000;0.00000000;0.00000000;0.00000000;0.00000000;0.00000000;0.00000000;0.00000000;0.00000000;0.00000000;0.00000000;0.10313002;0.89365971;0.00321027
HK97-like,84,321,1496,0.9247326203208556,0.0060574923846038,0.00000000;0.00000000;0.00000000;0.00000000;0.00000000;0.00000000;0.00000000;0.00000000;0.00000000;0.00000000;0.00000000;0.00000000;0.00000000;0.00000000;0.00000000;0.00000000;0.00000000;0.01002674;0.98529412;0.00467914
HK97-like,84,340,513,0.0267543859649122,0.0106715132110495,0.97076023;0.02339181;0.00584795;0.00000000;0.00000000;0.00000000;0.00000000;0.00000000;0.00000000;0.00000000;0.00000000;0.00000000;0.00000000;0.00000000;0.00000000;0.00000000;0.00000000;0.00000000;0.00000000;0.00000000
HK97-like,86,10,167,0.0267964071856287,0.0107950636989939,0.97005988;0.02395210;0.00598802;0.00000000;0.00000000;0.00000000;0.00000000;0.00000000;0.00000000;0.00000000;0.00000000;0.00000000;0.00000000;0.00000000;0.00000000;0.00000000;0.00000000;0.00000000;0.00000000;0.00000000
HK97-like,86,91,616,0.5224837662337662,0.0229199566271297,0.00000000;0.00000000;0.00000000;0.00000000;0.00000000;0.00000000;0.00000000;0.00000000;0.00649351;0.11201299;0.80681818;0.07467532;0.00000000;0.00000000;0.00000000;0.00000000;0.00000000;0.00000000;0.00000000;0.00000000
HK97-like,86,98,1842,0.5371606948968511,0.0276436180137394,0.00000000;0.00000000;0.00000000;0.00000000;0.00000000;0.00000000;0.00000000;0.00000000;0.00054289;0.05591748;0.64657980;0.29370250;0.00325733;0.00000000;0.00000000;0.00000000;0.00000000;0.00000000;0.00000000;0.00000000
HK97-like,86,105,308,0.562012987012987,0.0263007053910111,0.00000000;0.00000000;0.00000000;0.00000000;0.00000000;0.00000000;0.00000000;0.00000000;0.00000000;0.01298701;0.26298701;0.69480519;0.02922078;0.00000000;0.00000000;0.00000000;0.00000000;0.00000000;0.00000000;0.00000000
HK97-like,86,109,308,0.5597402597402596,0.0263147297635741,0.00000000;0.00000000;0.00000000;0.00000000;0.00000000;0.00000000;0.00000000;0.00000000;0.00000000;0.01298701;0.29870130;0.66883117;0.01948052;0.00000000;0.00000000;0.00000000;0.00000000;0.00000000;0.00000000;0.00000000
HK97-like,86,111,308,0.5644480519480518,0.0250458131420273,0.00000000;0.00000000;0.00000000;0.00000000;0.00000000;0.00000000;0.00000000;0.00000000;0.00000000;0.00974026;0.22402597;0.73376623;0.03246753;0.00000000;0.00000000;0.00000000;0.00000000;0.00000000;0.00000000;0.00000000
HK97-like,86,114,154,0.5714285714285715,0.0228683008479744,0.00000000;0.00000000;0.00000000;0.00000000;0.00000000;0.00000000;0.00000000;0.00000000;0.00000000;0.00649351;0.12337662;0.80519481;0.06493506;0.00000000;0.00000000;0.00000000;0.00000000;0.00000000;0.00000000;0.00000000
HK97-like,86,115,154,0.5717532467532468,0.0225596789169353,0.00000000;0.00000000;0.00000000;0.00000000;0.00000000;0.00000000;0.00000000;0.00000000;0.00000000;0.00649351;0.11688312;0.81168831;0.06493506;0.00000000;0.00000000;0.00000000;0.00000000;0.00000000;0.00000000;0.00000000
HK97-like,86,118,462,0.5692640692640694,0.0238274725735222,0.00000000;0.00000000;0.00000000;0.00000000;0.00000000;0.00000000;0.00000000;0.00000000;0.00000000;0.00649351;0.15800866;0.77922078;0.05627706;0.00000000;0.00000000;0.00000000;0.00000000;0.00000000;0.00000000;0.00000000
HK97-like,86,119,154,0.5762987012987013,0.0220301239658277,0.00000000;0.00000000;0.00000000;0.00000000;0.00000000;0.00000000;0.00000000;0.00000000;0.00000000;0.00000000;0.08441558;0.80519481;0.11038961;0.00000000;0.00000000;0.00000000;0.00000000;0.00000000;0.00000000;0.00000000
HK97-like,86,121,308,0.5818181818181818,0.0261540030820082,0.00000000;0.00000000;0.00000000;0.00000000;0.00000000;0.00000000;0.00000000;0.00000000;0.00000000;0.00000000;0.07792208;0.70779221;0.21428571;0.00000000;0.00000000;0.00000000;0.00000000;0.00000000;0.00000000;0.00000000
HK97-like,86,123,154,0.5801948051948052,0.0255896889548545,0.00000000;0.00000000;0.00000000;0.00000000;0.00000000;0.00000000;0.00000000;0.00000000;0.00000000;0.00000000;0.08441558;0.72727273;0.18831169;0.00000000;0.00000000;0.00000000;0.00000000;0.00000000;0.00000000;0.00000000
HK97-like,86,125,154,0.587987012987013,0.0278010060111787,0.00000000;0.00000000;0.00000000;0.00000000;0.00000000;0.00000000;0.00000000;0.00000000;0.00000000;0.00000000;0.05844156;0.62337662;0.31818182;0.00000000;0.00000000;0.00000000;0.00000000;0.00000000;0.00000000;0.00000000
HK97-like,86,128,308,0.5860389610389609,0.0283454760853469,0.00000000;0.00000000;0.00000000;0.00000000;0.00000000;0.00000000;0.00000000;0.00000000;0.00000000;0.00000000;0.07142857;0.63961039;0.28571429;0.00324675;0.00000000;0.00000000;0.00000000;0.00000000;0.00000000;0.00000000
HK97-like,86,129,308,0.5889610389610389,0.0284882940454822,0.00000000;0.00000000;0.00000000;0.00000000;0.00000000;0.00000000;0.00000000;0.00000000;0.00000000;0.00000000;0.05844156;0.60714286;0.33116883;0.00324675;0.00000000;0.00000000;0.00000000;0.00000000;0.00000000;0.00000000
HK97-like,86,131,154,0.598051948051948,0.0285658937968495,0.00000000;0.00000000;0.00000000;0.00000000;0.00000000;0.00000000;0.00000000;0.00000000;0.00000000;0.00000000;0.03246753;0.48051948;0.48051948;0.00649351;0.00000000;0.00000000;0.00000000;0.00000000;0.00000000;0.00000000
HK97-like,86,160,462,0.6916666666666667,0.0244713219676746,0.00000000;0.00000000;0.00000000;0.00000000;0.00000000;0.00000000;0.00000000;0.00000000;0.00000000;0.00000000;0.00000000;0.00000000;0.00649351;0.65584416;0.33549784;0.00216450;0.00000000;0.00000000;0.00000000;0.00000000
HK97-like,86,163,1078,0.6961038961038961,0.0254347424956933,0.00000000;0.00000000;0.00000000;0.00000000;0.00000000;0.00000000;0.00000000;0.00000000;0.00000000;0.00000000;0.00000000;0.00000000;0.00463822;0.57142857;0.42115028;0.00278293;0.00000000;0.00000000;0.00000000;0.00000000
HK97-like,86,166,1002,0.7234530938123752,0.0156401109097934,0.00000000;0.00000000;0.00000000;0.00000000;0.00000000;0.00000000;0.00000000;0.00000000;0.00000000;0.00000000;0.00000000;0.00000000;0.00000000;0.06487026;0.90119760;0.03393214;0.00000000;0.00000000;0.00000000;0.00000000
HK97-like,86,169,308,0.7167207792207793,0.0198523762041538,0.00000000;0.00000000;0.00000000;0.00000000;0.00000000;0.00000000;0.00000000;0.00000000;0.00000000;0.00000000;0.00000000;0.00000000;0.00000000;0.17532468;0.81493506;0.00974026;0.00000000;0.00000000;0.00000000;0.00000000
HK97-like,86,171,308,0.7272727272727273,0.0137709805587327,0.00000000;0.00000000;0.00000000;0.00000000;0.00000000;0.00000000;0.00000000;0.00000000;0.00000000;0.00000000;0.00000000;0.00000000;0.00000000;0.01623377;0.92207792;0.06168831;0.00000000;0.00000000;0.00000000;0.00000000
HK97-like,86,172,308,0.7295454545454545,0.0154621829867411,0.00000000;0.00000000;0.00000000;0.00000000;0.00000000;0.00000000;0.00000000;0.00000000;0.00000000;0.00000000;0.00000000;0.00000000;0.00000000;0.00649351;0.89610390;0.09740260;0.00000000;0.00000000;0.00000000;0.00000000
HK97-like,86,173,154,0.7308441558441557,0.0170446814914372,0.00000000;0.00000000;0.00000000;0.00000000;0.00000000;0.00000000;0.00000000;0.00000000;0.00000000;0.00000000;0.00000000;0.00000000;0.00000000;0.00649351;0.87012987;0.12337662;0.00000000;0.00000000;0.00000000;0.00000000
HK97-like,86,175,154,0.7314935064935064,0.0177475978814499,0.00000000;0.00000000;0.00000000;0.00000000;0.00000000;0.00000000;0.00000000;0.00000000;0.00000000;0.00000000;0.00000000;0.00000000;0.00000000;0.00649351;0.85714286;0.13636364;0.00000000;0.00000000;0.00000000;0.00000000
HK97-like,86,178,308,0.7331168831168832,0.0192983910411864,0.00000000;0.00000000;0.00000000;0.00000000;0.00000000;0.00000000;0.00000000;0.00000000;0.00000000;0.00000000;0.00000000;0.00000000;0.00000000;0.00649351;0.82467532;0.16883117;0.00000000;0.00000000;0.00000000;0.00000000
HK97-like,86,179,309,0.7390776699029125,0.023196231693902,0.00000000;0.00000000;0.00000000;0.00000000;0.00000000;0.00000000;0.00000000;0.00000000;0.00000000;0.00000000;0.00000000;0.00000000;0.00000000;0.00647249;0.70550162;0.28802589;0.00000000;0.00000000;0.00000000;0.00000000
HK97-like,86,180,308,0.7485389610389611,0.025599470651204,0.00000000;0.00000000;0.00000000;0.00000000;0.00000000;0.00000000;0.00000000;0.00000000;0.00000000;0.00000000;0.00000000;0.00000000;0.00000000;0.00649351;0.51623377;0.47727273;0.00000000;0.00000000;0.00000000;0.00000000
HK97-like,86,185,154,0.8162337662337662,0.0190122285350095,0.00000000;0.00000000;0.00000000;0.00000000;0.00000000;0.00000000;0.00000000;0.00000000;0.00000000;0.00000000;0.00000000;0.00000000;0.00000000;0.00000000;0.00000000;0.17532468;0.82467532;0.00000000;0.00000000;0.00000000
HK97-like,86,189,1082,0.7657578558225507,0.0199948828533533,0.00000000;0.00000000;0.00000000;0.00000000;0.00000000;0.00000000;0.00000000;0.00000000;0.00000000;0.00000000;0.00000000;0.00000000;0.00000000;0.00000000;0.18946396;0.80591497;0.00462107;0.00000000;0.00000000;0.00000000
HK97-like,86,209,770,0.8216883116883117,0.0148172939852628,0.00000000;0.00000000;0.00000000;0.00000000;0.00000000;0.00000000;0.00000000;0.00000000;0.00000000;0.00000000;0.00000000;0.00000000;0.00000000;0.00000000;0.00000000;0.07922078;0.90779221;0.01298701;0.00000000;0.00000000
HK97-like,86,213,154,0.8253246753246752,0.0133591172801564,0.00000000;0.00000000;0.00000000;0.00000000;0.00000000;0.00000000;0.00000000;0.00000000;0.00000000;0.00000000;0.00000000;0.00000000;0.00000000;0.00000000;0.00000000;0.03246753;0.92857143;0.03896104;0.00000000;0.00000000
HK97-like,86,216,308,0.825487012987013,0.0136547109101142,0.00000000;0.00000000;0.00000000;0.00000000;0.00000000;0.00000000;0.00000000;0.00000000;0.00000000;0.00000000;0.00000000;0.00000000;0.00000000;0.00000000;0.00000000;0.03246753;0.92532468;0.04220779;0.00000000;0.00000000
HK97-like,86,224,609,0.82811986863711,0.0133828462607389,0.00000000;0.00000000;0.00000000;0.00000000;0.00000000;0.00000000;0.00000000;0.00000000;0.00000000;0.00000000;0.00000000;0.00000000;0.00000000;0.00000000;0.00000000;0.00656814;0.92446634;0.06896552;0.00000000;0.00000000
HK97-like,86,229,1394,0.8407101865136298,0.0232098980046973,0.00000000;0.00000000;0.00000000;0.00000000;0.00000000;0.00000000;0.00000000;0.00000000;0.00000000;0.00000000;0.00000000;0.00000000;0.00000000;0.00000000;0.00000000;0.00000000;0.68579627;0.31420373;0.00000000;0.00000000
HK97-like,86,248,308,0.8654220779220779,0.0196763693949203,0.00000000;0.00000000;0.00000000;0.00000000;0.00000000;0.00000000;0.00000000;0.00000000;0.00000000;0.00000000;0.00000000;0.00000000;0.00000000;0.00000000;0.00000000;0.00000000;0.19155844;0.80844156;0.00000000;0.00000000
HK97-like,86,252,308,0.8689935064935065,0.0162556670450992,0.00000000;0.00000000;0.00000000;0.00000000;0.00000000;0.00000000;0.00000000;0.00000000;0.00000000;0.00000000;0.00000000;0.00000000;0.00000000;0.00000000;0.00000000;0.00000000;0.12012987;0.87987013;0.00000000;0.00000000
HK97-like,86,259,1070,0.8733644859813086,0.0101225135618852,0.00000000;0.00000000;0.00000000;0.00000000;0.00000000;0.00000000;0.00000000;0.00000000;0.00000000;0.00000000;0.00000000;0.00000000;0.00000000;0.00000000;0.00000000;0.00000000;0.03738318;0.95794393;0.00467290;0.00000000
HK97-like,86,297,462,0.9244588744588744,0.0061307398434063,0.00000000;0.00000000;0.00000000;0.00000000;0.00000000;0.00000000;0.00000000;0.00000000;0.00000000;0.00000000;0.00000000;0.00000000;0.00000000;0.00000000;0.00000000;0.00000000;0.00000000;0.01298701;0.98484848;0.00216450
HK97-like,86,301,154,0.925,0.0056980288229818,0.00000000;0.00000000;0.00000000;0.00000000;0.00000000;0.00000000;0.00000000;0.00000000;0.00000000;0.00000000;0.00000000;0.00000000;0.00000000;0.00000000;0.00000000;0.00000000;0.00000000;0.00649351;0.98701299;0.00649351
HK97-like,86,302,462,0.9256493506493508,0.0080320239460084,0.00000000;0.00000000;0.00000000;0.00000000;0.00000000;0.00000000;0.00000000;0.00000000;0.00000000;0.00000000;0.00000000;0.00000000;0.00000000;0.00000000;0.00000000;0.00000000;0.00000000;0.00649351;0.97402597;0.01948052
HK97-like,86,313,770,0.932142857142857,0.0174963553055941,0.00000000;0.00000000;0.00000000;0.00000000;0.00000000;0.00000000;0.00000000;0.00000000;0.00000000;0.00000000;0.00000000;0.00000000;0.00000000;0.00000000;0.00000000;0.00000000;0.00000000;0.00000000;0.85714286;0.14285714
HK97-like,86,321,462,0.959848484848485,0.0229784104365198,0.00000000;0.00000000;0.00000000;0.00000000;0.00000000;0.00000000;0.00000000;0.00000000;0.00000000;0.00000000;0.00000000;0.00000000;0.00000000;0.00000000;0.00000000;0.00000000;0.00000000;0.00000000;0.30303030;0.69696970
HK97-like,86,340,5690,0.0533216168717047,0.0353453249124661,0.54428822;0.35975395;0.08277680;0.01159930;0.00158172;0.00000000;0.00000000;0.00000000;0.00000000;0.00000000;0.00000000;0.00000000;0.00000000;0.00000000;0.00000000;0.00000000;0.00000000;0.00000000;0.00000000;0.00000000
HK97-like,87,10,257,0.0269455252918287,0.0130886289428437,0.97276265;0.01945525;0.00389105;0.00389105;0.00000000;0.00000000;0.00000000;0.00000000;0.00000000;0.00000000;0.00000000;0.00000000;0.00000000;0.00000000;0.00000000;0.00000000;0.00000000;0.00000000;0.00000000;0.00000000
HK97-like,87,91,994,0.2766599597585513,0.0320299323413763,0.00201207;0.01106640;0.00000000;0.00000000;0.02716298;0.86217304;0.08450704;0.00905433;0.00402414;0.00000000;0.00000000;0.00000000;0.00000000;0.00000000;0.00000000;0.00000000;0.00000000;0.00000000;0.00000000;0.00000000
HK97-like,87,98,3280,0.3016310975609756,0.0399171154533044,0.00396341;0.00182927;0.00670732;0.00000000;0.00914634;0.44176829;0.49725610;0.02774390;0.01006098;0.00152439;0.00000000;0.00000000;0.00000000;0.00000000;0.00000000;0.00000000;0.00000000;0.00000000;0.00000000;0.00000000
HK97-like,87,105,496,0.3261088709677419,0.0377515787153263,0.00403226;0.00403226;0.00403226;0.00403226;0.00000000;0.03225806;0.84879032;0.08669355;0.00806452;0.00806452;0.00000000;0.00000000;0.00000000;0.00000000;0.00000000;0.00000000;0.00000000;0.00000000;0.00000000;0.00000000
HK97-like,87,109,495,0.325,0.036514837167011,0.00404040;0.00404040;0.00404040;0.00202020;0.00000000;0.03838384;0.86464646;0.06868687;0.00606061;0.00808081;0.00000000;0.00000000;0.00000000;0.00000000;0.00000000;0.00000000;0.00000000;0.00000000;0.00000000;0.00000000
HK97-like,87,111,496,0.3278225806451613,0.0377290955550856,0.00403226;0.00403226;0.00201613;0.00604839;0.00000000;0.02016129;0.84475806;0.09879032;0.01209677;0.00806452;0.00000000;0.00000000;0.00000000;0.00000000;0.00000000;0.00000000;0.00000000;0.00000000;0.00000000;0.00000000
HK97-like,87,114,248,0.3370967741935484,0.0413340871894822,0.00403226;0.00403226;0.00000000;0.00806452;0.00000000;0.01209677;0.68548387;0.25806452;0.02016129;0.00806452;0.00000000;0.00000000;0.00000000;0.00000000;0.00000000;0.00000000;0.00000000;0.00000000;0.00000000;0.00000000
HK97-like,87,115,248,0.3413306451612903,0.0433645874876132,0.00403226;0.00403226;0.00000000;0.00806452;0.00000000;0.01209677;0.60887097;0.33064516;0.02419355;0.00403226;0.00403226;0.00000000;0.00000000;0.00000000;0.00000000;0.00000000;0.00000000;0.00000000;0.00000000;0.00000000
HK97-like,87,118,745,0.3372818791946309,0.0416943304109196,0.00268456;0.00536913;0.00134228;0.00671141;0.00000000;0.01476510;0.67785235;0.26442953;0.01744966;0.00805369;0.00134228;0.00000000;0.00000000;0.00000000;0.00000000;0.00000000;0.00000000;0.00000000;0.00000000;0.00000000
HK97-like,87,119,248,0.3576612903225806,0.0416612466124431,0.00000000;0.00403226;0.00403226;0.00806452;0.00000000;0.00806452;0.31048387;0.62500000;0.02822581;0.00806452;0.00403226;0.00000000;0.00000000;0.00000000;0.00000000;0.00000000;0.00000000;0.00000000;0.00000000;0.00000000
HK97-like,87,121,501,0.3642215568862275,0.0448282686152073,0.00399202;0.00399202;0.00399202;0.00598802;0.00199601;0.00399202;0.17165669;0.75648703;0.03393214;0.00998004;0.00399202;0.00000000;0.00000000;0.00000000;0.00000000;0.00000000;0.00000000;0.00000000;0.00000000;0.00000000
HK97-like,87,123,252,0.3615079365079364,0.0460385873405497,0.00396825;0.00396825;0.00396825;0.00793651;0.00000000;0.01190476;0.20634921;0.71428571;0.03571429;0.00793651;0.00396825;0.00000000;0.00000000;0.00000000;0.00000000;0.00000000;0.00000000;0.00000000;0.00000000;0.00000000
HK97-like,87,125,252,0.368452380952381,0.0480449701945763,0.00793651;0.00396825;0.00396825;0.00396825;0.00396825;0.00396825;0.07142857;0.84523810;0.03968254;0.01190476;0.00396825;0.00000000;0.00000000;0.00000000;0.00000000;0.00000000;0.00000000;0.00000000;0.00000000;0.00000000
HK97-like,87,128,499,0.368687374749499,0.040354521875416,0.00200401;0.00400802;0.00400802;0.00400802;0.00400802;0.00000000;0.11022044;0.81963928;0.03807615;0.01002004;0.00400802;0.00000000;0.00000000;0.00000000;0.00000000;0.00000000;0.00000000;0.00000000;0.00000000;0.00000000
HK97-like,87,129,751,0.3734021304926764,0.0422893866018736,0.00266312;0.00266312;0.00532623;0.00133156;0.00665779;0.00399467;0.06391478;0.81225033;0.08388815;0.01065246;0.00532623;0.00133156;0.00000000;0.00000000;0.00000000;0.00000000;0.00000000;0.00000000;0.00000000;0.00000000
HK97-like,87,131,252,0.3740079365079364,0.0379144810530195,0.00000000;0.00396825;0.00396825;0.00000000;0.00793651;0.01190476;0.03968254;0.84523810;0.07142857;0.00793651;0.00793651;0.00000000;0.00000000;0.00000000;0.00000000;0.00000000;0.00000000;0.00000000;0.00000000;0.00000000
HK97-like,87,160,1255,0.5272709163346614,0.0471585263164532,0.00000000;0.00079681;0.00318725;0.00000000;0.00000000;0.00398406;0.00796813;0.00557769;0.00239044;0.04541833;0.76095618;0.15537849;0.00717131;0.00318725;0.00239044;0.00159363;0.00000000;0.00000000;0.00000000;0.00000000
HK97-like,87,163,1506,0.5310756972111554,0.0475279142869333,0.00000000;0.00000000;0.00398406;0.00000000;0.00000000;0.00265604;0.00929615;0.00398406;0.00398406;0.03718459;0.70650730;0.21646746;0.00929615;0.00265604;0.00199203;0.00199203;0.00000000;0.00000000;0.00000000;0.00000000
HK97-like,87,166,4075,0.5713680981595092,0.044984654105283,0.00000000;0.00000000;0.00000000;0.00196319;0.00196319;0.00000000;0.00220859;0.00736196;0.00638037;0.00711656;0.10723926;0.75116564;0.10404908;0.00392638;0.00269939;0.00171779;0.00220859;0.00000000;0.00000000;0.00000000
HK97-like,87,169,251,0.5487051792828684,0.0457976748860447,0.00000000;0.00000000;0.00000000;0.00398406;0.00000000;0.00000000;0.00398406;0.00796813;0.00796813;0.00796813;0.43824701;0.50996016;0.01195219;0.00398406;0.00000000;0.00398406;0.00000000;0.00000000;0.00000000;0.00000000
HK97-like,87,171,502,0.5981075697211156,0.0452296528450549,0.00000000;0.00000000;0.00000000;0.00000000;0.00199203;0.00199203;0.00000000;0.00398406;0.00796813;0.00796813;0.01394422;0.43824701;0.50597610;0.00996016;0.00398406;0.00000000;0.00398406;0.00000000;0.00000000;0.00000000
HK97-like,87,172,502,0.6060756972111554,0.0438491420438306,0.00000000;0.00000000;0.00000000;0.00000000;0.00000000;0.00398406;0.00000000;0.00398406;0.00796813;0.00597610;0.00796813;0.30278884;0.64741036;0.01195219;0.00199203;0.00199203;0.00398406;0.00000000;0.00000000;0.00000000
HK97-like,87,173,251,0.6116533864541833,0.0429392624232907,0.00000000;0.00000000;0.00000000;0.00000000;0.00000000;0.00398406;0.00000000;0.00000000;0.01195219;0.00398406;0.00796813;0.20717131;0.74501992;0.01195219;0.00000000;0.00398406;0.00000000;0.00398406;0.00000000;0.00000000
HK97-like,87,175,251,0.6138446215139443,0.0422836626658855,0.00000000;0.00000000;0.00000000;0.00000000;0.00000000;0.00398406;0.00000000;0.00000000;0.01195219;0.00398406;0.00796813;0.16334661;0.78884462;0.01195219;0.00000000;0.00398406;0.00000000;0.00398406;0.00000000;0.00000000
HK97-like,87,178,502,0.6168326693227093,0.0411854697287659,0.00000000;0.00000000;0.00000000;0.00000000;0.00000000;0.00398406;0.00000000;0.00000000;0.00996016;0.00597610;0.00796813;0.11155378;0.83466135;0.01792829;0.00000000;0.00398406;0.00000000;0.00398406;0.00000000;0.00000000
HK97-like,87,179,502,0.6199203187250996,0.0392800450323955,0.00000000;0.00000000;0.00000000;0.00000000;0.00000000;0.00398406;0.00000000;0.00000000;0.00597610;0.00597610;0.01195219;0.06972112;0.86454183;0.02988048;0.00000000;0.00398406;0.00000000;0.00398406;0.00000000;0.00000000
HK97-like,87,180,502,0.6227091633466135,0.0382606269342727,0.00000000;0.00000000;0.00000000;0.00000000;0.00000000;0.00199203;0.00199203;0.00000000;0.00398406;0.00796813;0.01195219;0.04382470;0.86454183;0.05577689;0.00000000;0.00398406;0.00000000;0.00398406;0.00000000;0.00000000
HK97-like,87,185,7794,0.6854182704644599,0.0452859027652,0.00000000;0.00000000;0.00000000;0.00000000;0.00000000;0.00000000;0.00038491;0.00115473;0.00128304;0.00320760;0.00577367;0.01206056;0.10623557;0.51578137;0.34026174;0.00692841;0.00179625;0.00192456;0.00153965;0.00166795
HK97-like,87,189,759,0.6336297760210803,0.041718281081154,0.00000000;0.00000000;0.00000000;0.00000000;0.00000000;0.00000000;0.00395257;0.00000000;0.00131752;0.01054018;0.00790514;0.03162055;0.69301713;0.23978920;0.00395257;0.00395257;0.00000000;0.00263505;0.00131752;0.00000000
HK97-like,87,209,1250,0.7303599999999999,0.0323615574408896,0.00000000;0.00000000;0.00000000;0.00000000;0.00000000;0.00000000;0.00000000;0.00000000;0.00000000;0.00000000;0.00400000;0.00000000;0.01680000;0.04720000;0.74000000;0.18800000;0.00000000;0.00000000;0.00400000;0.00000000
HK97-like,87,213,250,0.7446,0.0359977777091864,0.00000000;0.00000000;0.00000000;0.00000000;0.00000000;0.00000000;0.00000000;0.00000000;0.00000000;0.00000000;0.00400000;0.00000000;0.01200000;0.04000000;0.48400000;0.45600000;0.00000000;0.00000000;0.00400000;0.00000000
HK97-like,87,216,500,0.7452,0.0360826828270848,0.00000000;0.00000000;0.00000000;0.00000000;0.00000000;0.00000000;0.00000000;0.00000000;0.00000000;0.00000000;0.00400000;0.00000000;0.01200000;0.04000000;0.47200000;0.46800000;0.00000000;0.00000000;0.00400000;0.00000000
HK97-like,87,224,1000,0.7591,0.0333495127400686,0.00000000;0.00000000;0.00000000;0.00000000;0.00000000;0.00000000;0.00000000;0.00000000;0.00000000;0.00000000;0.00000000;0.00400000;0.01000000;0.03100000;0.22700000;0.71900000;0.00500000;0.00000000;0.00400000;0.00000000
HK97-like,87,229,3962,0.7819535588086824,0.031857081842324,0.00000000;0.00000000;0.00000000;0.00000000;0.00000000;0.00000000;0.00000000;0.00000000;0.00000000;0.00000000;0.00000000;0.00151439;0.00176678;0.01489147;0.06511863;0.67541646;0.23977789;0.00000000;0.00050480;0.00100959
HK97-like,87,248,500,0.8109999999999999,0.03104834939252,0.00000000;0.00000000;0.00000000;0.00000000;0.00000000;0.00000000;0.00000000;0.00000000;0.00000000;0.00000000;0.00000000;0.00000000;0.00400000;0.00000000;0.04000000;0.20000000;0.74800000;0.00400000;0.00000000;0.00400000
HK97-like,87,252,500,0.8150000000000001,0.0275680975041804,0.00000000;0.00000000;0.00000000;0.00000000;0.00000000;0.00000000;0.00000000;0.00000000;0.00000000;0.00000000;0.00000000;0.00000000;0.00000000;0.00400000;0.02600000;0.15800000;0.79800000;0.01000000;0.00000000;0.00400000
HK97-like,87,259,1500,0.8220666666666666,0.0269826281563197,0.00000000;0.00000000;0.00000000;0.00000000;0.00000000;0.00000000;0.00000000;0.00000000;0.00000000;0.00000000;0.00000000;0.00000000;0.00000000;0.00400000;0.01466667;0.09666667;0.81333333;0.06733333;0.00000000;0.00400000
HK97-like,87,297,745,0.9041275167785237,0.0284483020077157,0.00000000;0.00000000;0.00000000;0.00000000;0.00000000;0.00000000;0.00000000;0.00000000;0.00000000;0.00000000;0.00000000;0.00000000;0.00000000;0.00000000;0.00000000;0.00402685;0.02818792;0.34899329;0.61879195;0.00000000
HK97-like,87,301,248,0.915725806451613,0.0232161438233625,0.00000000;0.00000000;0.00000000;0.00000000;0.00000000;0.00000000;0.00000000;0.00000000;0.00000000;0.00000000;0.00000000;0.00000000;0.00000000;0.00000000;0.00000000;0.00403226;0.02016129;0.13306452;0.84274194;0.00000000
HK97-like,87,302,745,0.9171476510067116,0.020936585568989,0.00000000;0.00000000;0.00000000;0.00000000;0.00000000;0.00000000;0.00000000;0.00000000;0.00000000;0.00000000;0.00000000;0.00000000;0.00000000;0.00000000;0.00000000;0.00268456;0.01342282;0.12214765;0.86174497;0.00000000
HK97-like,87,313,1249,0.9213570856685348,0.0160295149056968,0.00000000;0.00000000;0.00000000;0.00000000;0.00000000;0.00000000;0.00000000;0.00000000;0.00000000;0.00000000;0.00000000;0.00000000;0.00000000;0.00000000;0.00000000;0.00000000;0.00880705;0.06405124;0.91833467;0.00880705
HK97-like,87,321,744,0.9232526881720432,0.014327603941665,0.00000000;0.00000000;0.00000000;0.00000000;0.00000000;0.00000000;0.00000000;0.00000000;0.00000000;0.00000000;0.00000000;0.00000000;0.00000000;0.00000000;0.00000000;0.00000000;0.00806452;0.03494624;0.94086022;0.01612903
HK97-like,87,340,267,0.0296816479400749,0.0204488894302901,0.94007491;0.03370787;0.01872659;0.00749064;0.00000000;0.00000000;0.00000000;0.00000000;0.00000000;0.00000000;0.00000000;0.00000000;0.00000000;0.00000000;0.00000000;0.00000000;0.00000000;0.00000000;0.00000000;0.00000000
HK97-like,90,340,22823,0.4721016080269903,0.2937030483057728,0.08947115;0.04933620;0.04994961;0.04710161;0.05069447;0.05016869;0.04924857;0.04578714;0.05178986;0.04416597;0.05437497;0.04587478;0.04951146;0.04543662;0.04670727;0.04841607;0.05135171;0.04889804;0.04876660;0.03294922
HK97-like,90,344,31470,0.4944979345408325,0.2814050196932167,0.04388306;0.04995234;0.05208135;0.04966635;0.05017477;0.05522720;0.05392437;0.04820464;0.05309819;0.04750556;0.05630759;0.05023832;0.05017477;0.05100095;0.05147760;0.05163648;0.05115983;0.04915793;0.05103273;0.03409596
HK97-like,90,346,98296,0.4974831122324408,0.2840411945458879,0.04522056;0.04976805;0.05243347;0.05062261;0.05042932;0.05163994;0.05132457;0.04970701;0.05198584;0.04658379;0.05330837;0.04933059;0.05289127;0.05004273;0.04990030;0.05122284;0.05263693;0.05254537;0.05089729;0.03750916
HK97-like,91,340,21876,0.4438151398793198,0.3098707320198526,0.14765039;0.05147193;0.05046626;0.04991772;0.04516365;0.04328945;0.04136954;0.04050101;0.04493509;0.04383800;0.04434083;0.04653502;0.04155239;0.04397513;0.04443225;0.04411227;0.04525507;0.04484366;0.04511794;0.04123240
HK97-like,91,344,64419,0.4851243421971778,0.2802102434438894,0.04653906;0.05124265;0.05164625;0.05169282;0.05400581;0.05430075;0.05611698;0.05383505;0.05369534;0.04894519;0.05104084;0.04872786;0.05215852;0.05076142;0.05156864;0.05265527;0.04754808;0.04424161;0.04143188;0.03784598
HK97-like,91,346,111968,0.5214172799371248,0.2865793236380504,0.03769827;0.04808517;0.04731709;0.04666512;0.04724564;0.04873714;0.04745999;0.04623642;0.04827272;0.04796013;0.05186303;0.05073771;0.05239890;0.05369391;0.05055016;0.05217562;0.05533724;0.05815947;0.05999035;0.04941590
HK97-like,92,10,180,0.0261111111111111,0.0104822012578406,0.98888889;0.00000000;0.01111111;0.00000000;0.00000000;0.00000000;0.00000000;0.00000000;0.00000000;0.00000000;0.00000000;0.00000000;0.00000000;0.00000000;0.00000000;0.00000000;0.00000000;0.00000000;0.00000000;0.00000000
HK97-like,92,91,31,0.2927419354838709,0.0449881473580043,0.00000000;0.00000000;0.00000000;0.00000000;0.16129032;0.45161290;0.25806452;0.12903226;0.00000000;0.00000000;0.00000000;0.00000000;0.00000000;0.00000000;0.00000000;0.00000000;0.00000000;0.00000000;0.00000000;0.00000000
HK97-like,92,98,592,0.354054054054054,0.0369959427621724,0.00000000;0.00000000;0.00000000;0.00000000;0.01689189;0.05912162;0.29222973;0.58952703;0.04222973;0.00000000;0.00000000;0.00000000;0.00000000;0.00000000;0.00000000;0.00000000;0.00000000;0.00000000;0.00000000;0.00000000
HK97-like,92,105,350,0.373,0.0244131112314674,0.00000000;0.00000000;0.00000000;0.00000000;0.00000000;0.01142857;0.10000000;0.81142857;0.07142857;0.00571429;0.00000000;0.00000000;0.00000000;0.00000000;0.00000000;0.00000000;0.00000000;0.00000000;0.00000000;0.00000000
HK97-like,92,109,177,0.3727401129943503,0.0253891792865777,0.00000000;0.00000000;0.00000000;0.00000000;0.00000000;0.01694915;0.09604520;0.80790960;0.07344633;0.00564972;0.00000000;0.00000000;0.00000000;0.00000000;0.00000000;0.00000000;0.00000000;0.00000000;0.00000000;0.00000000
HK97-like,92,111,348,0.3741379310344828,0.023350243009291,0.00000000;0.00000000;0.00000000;0.00000000;0.00000000;0.01149425;0.07758621;0.83333333;0.07183908;0.00574713;0.00000000;0.00000000;0.00000000;0.00000000;0.00000000;0.00000000;0.00000000;0.00000000;0.00000000;0.00000000
HK97-like,92,114,177,0.3783898305084745,0.0216502895552087,0.00000000;0.00000000;0.00000000;0.00000000;0.00000000;0.01129944;0.02259887;0.85875706;0.10169492;0.00564972;0.00000000;0.00000000;0.00000000;0.00000000;0.00000000;0.00000000;0.00000000;0.00000000;0.00000000;0.00000000
HK97-like,92,115,354,0.3806497175141243,0.0236917924816516,0.00000000;0.00000000;0.00000000;0.00000000;0.00000000;0.00847458;0.02824859;0.81355932;0.14124294;0.00847458;0.00000000;0.00000000;0.00000000;0.00000000;0.00000000;0.00000000;0.00000000;0.00000000;0.00000000;0.00000000
HK97-like,92,118,175,0.3835714285714285,0.0253143502095276,0.00000000;0.00000000;0.00000000;0.00000000;0.00000000;0.00571429;0.02285714;0.78285714;0.17142857;0.01714286;0.00000000;0.00000000;0.00000000;0.00000000;0.00000000;0.00000000;0.00000000;0.00000000;0.00000000;0.00000000
HK97-like,92,119,175,0.385,0.0256347977784662,0.00000000;0.00000000;0.00000000;0.00000000;0.00000000;0.00571429;0.01714286;0.76571429;0.19428571;0.01714286;0.00000000;0.00000000;0.00000000;0.00000000;0.00000000;0.00000000;0.00000000;0.00000000;0.00000000;0.00000000
HK97-like,92,121,349,0.3906160458452722,0.0284455217590905,0.00000000;0.00000000;0.00000000;0.00000000;0.00000000;0.00573066;0.01146132;0.67335244;0.28366762;0.02578797;0.00000000;0.00000000;0.00000000;0.00000000;0.00000000;0.00000000;0.00000000;0.00000000;0.00000000;0.00000000
HK97-like,92,123,175,0.3878571428571428,0.0271052370871575,0.00000000;0.00000000;0.00000000;0.00000000;0.00000000;0.00571429;0.01714286;0.70857143;0.25142857;0.01714286;0.00000000;0.00000000;0.00000000;0.00000000;0.00000000;0.00000000;0.00000000;0.00000000;0.00000000;0.00000000
HK97-like,92,125,175,0.397,0.0305005854744743,0.00000000;0.00000000;0.00000000;0.00000000;0.00000000;0.00571429;0.01142857;0.55428571;0.39428571;0.03428571;0.00000000;0.00000000;0.00000000;0.00000000;0.00000000;0.00000000;0.00000000;0.00000000;0.00000000;0.00000000
HK97-like,92,128,176,0.3886363636363636,0.0284318090981745,0.00000000;0.00000000;0.00000000;0.00000000;0.00000000;0.00568182;0.01704545;0.70454545;0.24431818;0.02840909;0.00000000;0.00000000;0.00000000;0.00000000;0.00000000;0.00000000;0.00000000;0.00000000;0.00000000;0.00000000
HK97-like,92,129,175,0.3915714285714285,0.0294659956213799,0.00000000;0.00000000;0.00000000;0.00000000;0.00000000;0.00571429;0.01714286;0.64571429;0.30285714;0.02857143;0.00000000;0.00000000;0.00000000;0.00000000;0.00000000;0.00000000;0.00000000;0.00000000;0.00000000;0.00000000
HK97-like,92,131,175,0.411,0.0291008100034542,0.00000000;0.00000000;0.00000000;0.00000000;0.00000000;0.00571429;0.01142857;0.28000000;0.66285714;0.04000000;0.00000000;0.00000000;0.00000000;0.00000000;0.00000000;0.00000000;0.00000000;0.00000000;0.00000000;0.00000000
HK97-like,92,160,709,0.5354372355430184,0.0259587515097689,0.00000000;0.00000000;0.00000000;0.00000000;0.00000000;0.00000000;0.00000000;0.00000000;0.00000000;0.02397743;0.77150917;0.17630465;0.02820874;0.00000000;0.00000000;0.00000000;0.00000000;0.00000000;0.00000000;0.00000000
HK97-like,92,163,878,0.5357630979498862,0.0256085105704593,0.00000000;0.00000000;0.00000000;0.00000000;0.00000000;0.00000000;0.00000000;0.00000000;0.00000000;0.01822323;0.77676538;0.17653759;0.02847380;0.00000000;0.00000000;0.00000000;0.00000000;0.00000000;0.00000000;0.00000000
HK97-like,92,166,2452,0.5610929853181077,0.0292704300408221,0.00000000;0.00000000;0.00000000;0.00000000;0.00000000;0.00000000;0.00000000;0.00000000;0.00000000;0.00489396;0.32667210;0.61786297;0.04282219;0.00774878;0.00000000;0.00000000;0.00000000;0.00000000;0.00000000;0.00000000
HK97-like,92,169,175,0.5464285714285714,0.0289968330431206,0.00000000;0.00000000;0.00000000;0.00000000;0.00000000;0.00000000;0.00000000;0.00000000;0.00000000;0.00571429;0.60000000;0.35428571;0.04000000;0.00000000;0.00000000;0.00000000;0.00000000;0.00000000;0.00000000;0.00000000
HK97-like,92,171,352,0.5799715909090908,0.0231595083990828,0.00000000;0.00000000;0.00000000;0.00000000;0.00000000;0.00000000;0.00000000;0.00000000;0.00000000;0.00000000;0.04545455;0.82670455;0.11079545;0.01704545;0.00000000;0.00000000;0.00000000;0.00000000;0.00000000;0.00000000
HK97-like,92,172,351,0.5832621082621082,0.0239324718341178,0.00000000;0.00000000;0.00000000;0.00000000;0.00000000;0.00000000;0.00000000;0.00000000;0.00000000;0.00000000;0.02279202;0.81196581;0.14245014;0.02279202;0.00000000;0.00000000;0.00000000;0.00000000;0.00000000;0.00000000
HK97-like,92,173,175,0.585,0.0239045721866878,0.00000000;0.00000000;0.00000000;0.00000000;0.00000000;0.00000000;0.00000000;0.00000000;0.00000000;0.00000000;0.01142857;0.80000000;0.16571429;0.02285714;0.00000000;0.00000000;0.00000000;0.00000000;0.00000000;0.00000000
HK97-like,92,175,176,0.5860795454545454,0.024529074395551,0.00000000;0.00000000;0.00000000;0.00000000;0.00000000;0.00000000;0.00000000;0.00000000;0.00000000;0.00000000;0.01136364;0.77840909;0.18750000;0.02272727;0.00000000;0.00000000;0.00000000;0.00000000;0.00000000;0.00000000
HK97-like,92,178,350,0.5877142857142857,0.025962689084334,0.00000000;0.00000000;0.00000000;0.00000000;0.00000000;0.00000000;0.00000000;0.00000000;0.00000000;0.00000000;0.01142857;0.75142857;0.20857143;0.02857143;0.00000000;0.00000000;0.00000000;0.00000000;0.00000000;0.00000000
HK97-like,92,179,351,0.5908119658119657,0.0277218371627809,0.00000000;0.00000000;0.00000000;0.00000000;0.00000000;0.00000000;0.00000000;0.00000000;0.00000000;0.00000000;0.00569801;0.71225071;0.24216524;0.03988604;0.00000000;0.00000000;0.00000000;0.00000000;0.00000000;0.00000000
HK97-like,92,180,351,0.5956552706552707,0.0291253938872299,0.00000000;0.00000000;0.00000000;0.00000000;0.00000000;0.00000000;0.00000000;0.00000000;0.00000000;0.00000000;0.00284900;0.62393162;0.33333333;0.03703704;0.00284900;0.00000000;0.00000000;0.00000000;0.00000000;0.00000000
HK97-like,92,185,886,0.6220654627539504,0.0269262474671827,0.00000000;0.00000000;0.00000000;0.00000000;0.00000000;0.00000000;0.00000000;0.00000000;0.00000000;0.00000000;0.00112867;0.15011287;0.77765237;0.04853273;0.02257336;0.00000000;0.00000000;0.00000000;0.00000000;0.00000000
HK97-like,92,189,527,0.6070683111954459,0.0296419346524027,0.00000000;0.00000000;0.00000000;0.00000000;0.00000000;0.00000000;0.00000000;0.00000000;0.00000000;0.00000000;0.00379507;0.40227704;0.54838710;0.03984820;0.00569260;0.00000000;0.00000000;0.00000000;0.00000000;0.00000000
HK97-like,92,209,874,0.7074942791762014,0.0298194888009882,0.00000000;0.00000000;0.00000000;0.00000000;0.00000000;0.00000000;0.00000000;0.00000000;0.00000000;0.00000000;0.00000000;0.00000000;0.00343249;0.39816934;0.54919908;0.04347826;0.00572082;0.00000000;0.00000000;0.00000000
HK97-like,92,213,176,0.7213068181818181,0.0232451646753711,0.00000000;0.00000000;0.00000000;0.00000000;0.00000000;0.00000000;0.00000000;0.00000000;0.00000000;0.00000000;0.00000000;0.00000000;0.00568182;0.12500000;0.81250000;0.05113636;0.00568182;0.00000000;0.00000000;0.00000000
HK97-like,92,216,351,0.7211538461538463,0.0237092846268037,0.00000000;0.00000000;0.00000000;0.00000000;0.00000000;0.00000000;0.00000000;0.00000000;0.00000000;0.00000000;0.00000000;0.00000000;0.00569801;0.13105413;0.80341880;0.05413105;0.00569801;0.00000000;0.00000000;0.00000000
HK97-like,92,224,525,0.725095238095238,0.0205864142947415,0.00000000;0.00000000;0.00000000;0.00000000;0.00000000;0.00000000;0.00000000;0.00000000;0.00000000;0.00000000;0.00000000;0.00000000;0.00571429;0.06095238;0.86476190;0.06285714;0.00571429;0.00000000;0.00000000;0.00000000
HK97-like,92,229,2583,0.7379500580720093,0.0256115337504349,0.00000000;0.00000000;0.00000000;0.00000000;0.00000000;0.00000000;0.00000000;0.00000000;0.00000000;0.00000000;0.00000000;0.00000000;0.00154859;0.00425861;0.74796748;0.23228804;0.00774293;0.00619435;0.00000000;0.00000000
HK97-like,92,248,353,0.7604107648725212,0.0299841997624133,0.00000000;0.00000000;0.00000000;0.00000000;0.00000000;0.00000000;0.00000000;0.00000000;0.00000000;0.00000000;0.00000000;0.00000000;0.00566572;0.00283286;0.32011331;0.62606232;0.03966006;0.00566572;0.00000000;0.00000000
HK97-like,92,252,351,0.7667378917378916,0.0272709255257502,0.00000000;0.00000000;0.00000000;0.00000000;0.00000000;0.00000000;0.00000000;0.00000000;0.00000000;0.00000000;0.00000000;0.00000000;0.00569801;0.00284900;0.19658120;0.74643875;0.04273504;0.00569801;0.00000000;0.00000000
HK97-like,92,259,536,0.7729477611940299,0.0260145817790138,0.00000000;0.00000000;0.00000000;0.00000000;0.00000000;0.00000000;0.00000000;0.00000000;0.00000000;0.00000000;0.00000000;0.00000000;0.00559701;0.00559701;0.09328358;0.82462687;0.06529851;0.00186567;0.00373134;0.00000000
HK97-like,92,297,348,0.8780172413793103,0.0160218866604444,0.00000000;0.00000000;0.00000000;0.00000000;0.00000000;0.00000000;0.00000000;0.00000000;0.00000000;0.00000000;0.00000000;0.00000000;0.00000000;0.00000000;0.00000000;0.00574713;0.00574713;0.91091954;0.07758621;0.00000000
HK97-like,92,301,174,0.878448275862069,0.0165971598599927,0.00000000;0.00000000;0.00000000;0.00000000;0.00000000;0.00000000;0.00000000;0.00000000;0.00000000;0.00000000;0.00000000;0.00000000;0.00000000;0.00000000;0.00000000;0.00574713;0.00574713;0.90229885;0.08620690;0.00000000
HK97-like,92,302,523,0.8791108986615679,0.0182222086190262,0.00000000;0.00000000;0.00000000;0.00000000;0.00000000;0.00000000;0.00000000;0.00000000;0.00000000;0.00000000;0.00000000;0.00000000;0.00000000;0.00000000;0.00000000;0.00573614;0.00764818;0.88910134;0.09369025;0.00382409
HK97-like,92,313,872,0.8821100917431194,0.0219705137886753,0.00000000;0.00000000;0.00000000;0.00000000;0.00000000;0.00000000;0.00000000;0.00000000;0.00000000;0.00000000;0.00000000;0.00000000;0.00000000;0.00000000;0.00000000;0.00573394;0.00802752;0.83486239;0.14105505;0.01032110
HK97-like,92,321,523,0.8897227533460803,0.0268354806100084,0.00000000;0.00000000;0.00000000;0.00000000;0.00000000;0.00000000;0.00000000;0.00000000;0.00000000;0.00000000;0.00000000;0.00000000;0.00000000;0.00000000;0.00000000;0.00573614;0.00191205;0.70554493;0.26577438;0.02103250
HK97-like,92,340,428,0.0467289719626168,0.0968899626460861,0.84345794;0.09345794;0.03037383;0.01635514;0.00000000;0.00000000;0.00000000;0.00000000;0.00233645;0.00000000;0.00000000;0.00467290;0.00233645;0.00000000;0.00000000;0.00000000;0.00000000;0.00000000;0.00000000;0.00700935
HK97-like,97,10,658,0.025,0.0,1.00000000;0.00000000;0.00000000;0.00000000;0.00000000;0.00000000;0.00000000;0.00000000;0.00000000;0.00000000;0.00000000;0.00000000;0.00000000;0.00000000;0.00000000;0.00000000;0.00000000;0.00000000;0.00000000;0.00000000
HK97-like,97,91,1331,0.2704921111945905,0.0242537404795289,0.00000000;0.00150263;0.00150263;0.00450789;0.11720511;0.83771600;0.03155522;0.00300526;0.00300526;0.00000000;0.00000000;0.00000000;0.00000000;0.00000000;0.00000000;0.00000000;0.00000000;0.00000000;0.00000000;0.00000000
HK97-like,97,98,2671,0.3093129913889929,0.0332767703376226,0.00187196;0.00037439;0.00149757;0.00224635;0.02321228;0.27480344;0.67016099;0.02059154;0.00299513;0.00224635;0.00000000;0.00000000;0.00000000;0.00000000;0.00000000;0.00000000;0.00000000;0.00000000;0.00000000;0.00000000
HK97-like,97,105,1340,0.3324253731343284,0.0367384618633476,0.00522388;0.00074627;0.00074627;0.00223881;0.00298507;0.03432836;0.73432836;0.21119403;0.00373134;0.00298507;0.00149254;0.00000000;0.00000000;0.00000000;0.00000000;0.00000000;0.00000000;0.00000000;0.00000000;0.00000000
HK97-like,97,109,670,0.3361940298507462,0.0374772523268349,0.00447761;0.00149254;0.00000000;0.00298507;0.00149254;0.03134328;0.67313433;0.27462687;0.00597015;0.00298507;0.00149254;0.00000000;0.00000000;0.00000000;0.00000000;0.00000000;0.00000000;0.00000000;0.00000000;0.00000000
HK97-like,97,111,1338,0.336659192825112,0.0370645277413294,0.00448430;0.00074738;0.00074738;0.00224215;0.00298954;0.02765321;0.66890882;0.28325859;0.00448430;0.00298954;0.00149477;0.00000000;0.00000000;0.00000000;0.00000000;0.00000000;0.00000000;0.00000000;0.00000000;0.00000000
HK97-like,97,114,671,0.3512295081967212,0.0399955410282525,0.00447094;0.00149031;0.00149031;0.00298063;0.00149031;0.01639344;0.39642325;0.56333830;0.00745156;0.00298063;0.00149031;0.00000000;0.00000000;0.00000000;0.00000000;0.00000000;0.00000000;0.00000000;0.00000000;0.00000000
HK97-like,97,115,1341,0.3562826249067859,0.0371946317396251,0.00372856;0.00149142;0.00000000;0.00149142;0.00298285;0.01267711;0.31991051;0.64280388;0.01043997;0.00298285;0.00149142;0.00000000;0.00000000;0.00000000;0.00000000;0.00000000;0.00000000;0.00000000;0.00000000;0.00000000
HK97-like,97,118,669,0.3605007473841554,0.037371748792532,0.00448430;0.00149477;0.00000000;0.00149477;0.00298954;0.00896861;0.24215247;0.71898356;0.01494768;0.00298954;0.00149477;0.00000000;0.00000000;0.00000000;0.00000000;0.00000000;0.00000000;0.00000000;0.00000000;0.00000000
HK97-like,97,119,670,0.3626119402985074,0.0370996862938342,0.00447761;0.00149254;0.00000000;0.00149254;0.00149254;0.01044776;0.20597015;0.75223881;0.01791045;0.00298507;0.00000000;0.00149254;0.00000000;0.00000000;0.00000000;0.00000000;0.00000000;0.00000000;0.00000000;0.00000000
HK97-like,97,121,1342,0.3663934426229508,0.0379533624535607,0.00372578;0.00372578;0.00000000;0.00149031;0.00149031;0.00745156;0.14157973;0.80923994;0.02459016;0.00298063;0.00223547;0.00149031;0.00000000;0.00000000;0.00000000;0.00000000;0.00000000;0.00000000;0.00000000;0.00000000
HK97-like,97,123,671,0.3653874813710879,0.0375378448845234,0.00298063;0.00447094;0.00000000;0.00149031;0.00149031;0.00745156;0.15350224;0.80625931;0.01639344;0.00149031;0.00298063;0.00149031;0.00000000;0.00000000;0.00000000;0.00000000;0.00000000;0.00000000;0.00000000;0.00000000
HK97-like,97,125,672,0.3707589285714286,0.0397239909374032,0.00446429;0.00446429;0.00000000;0.00148810;0.00148810;0.00446429;0.08333333;0.83928571;0.05208333;0.00446429;0.00297619;0.00148810;0.00000000;0.00000000;0.00000000;0.00000000;0.00000000;0.00000000;0.00000000;0.00000000
HK97-like,97,128,670,0.3675373134328358,0.0348276474315762,0.00149254;0.00447761;0.00000000;0.00149254;0.00149254;0.00597015;0.13134328;0.82388060;0.02388060;0.00149254;0.00298507;0.00149254;0.00000000;0.00000000;0.00000000;0.00000000;0.00000000;0.00000000;0.00000000;0.00000000
HK97-like,97,129,670,0.3685074626865672,0.0346465622056001,0.00149254;0.00447761;0.00000000;0.00149254;0.00149254;0.00597015;0.11641791;0.83432836;0.02835821;0.00149254;0.00298507;0.00149254;0.00000000;0.00000000;0.00000000;0.00000000;0.00000000;0.00000000;0.00000000;0.00000000
HK97-like,97,131,671,0.3823770491803279,0.0409642279073313,0.00298063;0.00298063;0.00149031;0.00000000;0.00298063;0.00149031;0.05812221;0.68256334;0.23695976;0.00596125;0.00298063;0.00149031;0.00000000;0.00000000;0.00000000;0.00000000;0.00000000;0.00000000;0.00000000;0.00000000
HK97-like,97,160,2697,0.5895902855024101,0.0429422712464052,0.00037078;0.00037078;0.00000000;0.00000000;0.00185391;0.00111235;0.00111235;0.00333704;0.00259548;0.00333704;0.02076381;0.61475714;0.34074898;0.00370782;0.00222469;0.00148313;0.00074156;0.00148313;0.00000000;0.00000000
HK97-like,97,163,3365,0.5895468053491826,0.0399309726771994,0.00000000;0.00000000;0.00000000;0.00000000;0.00118871;0.00178306;0.00118871;0.00297177;0.00326895;0.00297177;0.01872214;0.62852897;0.32986627;0.00386330;0.00208024;0.00118871;0.00089153;0.00118871;0.00029718;0.00000000
HK97-like,97,166,13047,0.6287786464321301,0.0422309496739326,0.00000000;0.00007665;0.00000000;0.00000000;0.00007665;0.00068981;0.00145627;0.00160957;0.00314248;0.00352571;0.00490534;0.11696175;0.64267648;0.21629493;0.00245267;0.00214609;0.00130298;0.00099640;0.00107304;0.00061317
HK97-like,97,169,678,0.6092182890855459,0.0385224083968693,0.00000000;0.00000000;0.00000000;0.00000000;0.00000000;0.00147493;0.00147493;0.00294985;0.00294985;0.00442478;0.00589971;0.27581121;0.69174041;0.00589971;0.00294985;0.00147493;0.00147493;0.00000000;0.00147493;0.00000000
HK97-like,97,171,1347,0.6611544172234596,0.0378454627484463,0.00000000;0.00000000;0.00000000;0.00000000;0.00000000;0.00000000;0.00000000;0.00296956;0.00148478;0.00296956;0.00445434;0.00742390;0.24795843;0.71714922;0.00816630;0.00296956;0.00148478;0.00000000;0.00000000;0.00296956
HK97-like,97,172,1342,0.6635245901639344,0.0322212763121936,0.00000000;0.00000000;0.00000000;0.00000000;0.00000000;0.00000000;0.00000000;0.00223547;0.00074516;0.00447094;0.00447094;0.00596125;0.19374069;0.76974665;0.01415797;0.00298063;0.00149031;0.00000000;0.00000000;0.00000000
HK97-like,97,173,670,0.6666417910447763,0.0308630588691773,0.00000000;0.00000000;0.00000000;0.00000000;0.00000000;0.00000000;0.00000000;0.00149254;0.00149254;0.00447761;0.00298507;0.00597015;0.14328358;0.81641791;0.01940299;0.00149254;0.00298507;0.00000000;0.00000000;0.00000000
HK97-like,97,175,671,0.6689642324888228,0.0307156358474598,0.00000000;0.00000000;0.00000000;0.00000000;0.00000000;0.00000000;0.00000000;0.00149031;0.00149031;0.00298063;0.00298063;0.00745156;0.11773472;0.82563338;0.03576751;0.00149031;0.00149031;0.00149031;0.00000000;0.00000000
HK97-like,97,178,1346,0.6725854383358099,0.0331556359027905,0.00000000;0.00000000;0.00000000;0.00000000;0.00000000;0.00000000;0.00000000;0.00074294;0.00222883;0.00297177;0.00297177;0.00594354;0.09361070;0.81575037;0.06909361;0.00148588;0.00148588;0.00148588;0.00222883;0.00000000
HK97-like,97,179,1344,0.6772321428571428,0.0333330011675626,0.00000000;0.00000000;0.00000000;0.00000000;0.00000000;0.00000000;0.00000000;0.00000000;0.00297619;0.00297619;0.00297619;0.00520833;0.06175595;0.78720238;0.13095238;0.00074405;0.00223214;0.00148810;0.00148810;0.00000000
HK97-like,97,180,1342,0.6844634873323399,0.0347956961433995,0.00000000;0.00000000;0.00000000;0.00000000;0.00000000;0.00000000;0.00000000;0.00000000;0.00298063;0.00223547;0.00298063;0.00521610;0.04694486;0.67064083;0.26453055;0.00000000;0.00298063;0.00149031;0.00000000;0.00000000
HK97-like,97,185,4031,0.71045026048127,0.0377162425675946,0.00000000;0.00074423;0.00024808;0.00000000;0.00000000;0.00000000;0.00000000;0.00000000;0.00000000;0.00297693;0.00396924;0.00372116;0.00917886;0.23939469;0.72612255;0.00917886;0.00198462;0.00173654;0.00074423;0.00000000
HK97-like,97,189,2013,0.7006830601092896,0.0344366758845277,0.00000000;0.00000000;0.00000000;0.00000000;0.00000000;0.00000000;0.00000000;0.00000000;0.00099354;0.00198708;0.00447094;0.00447094;0.01788376;0.41530055;0.54893194;0.00149031;0.00298063;0.00149031;0.00000000;0.00000000
HK97-like,97,209,3359,0.7658603751116404,0.0332760854255215,0.00000000;0.00029771;0.00029771;0.00000000;0.00000000;0.00000000;0.00000000;0.00000000;0.00000000;0.00000000;0.00000000;0.00297708;0.00446561;0.01071748;0.16671628;0.78535278;0.02470974;0.00059542;0.00267937;0.00119083
HK97-like,97,213,673,0.7775260029717681,0.0320360540517945,0.00000000;0.00000000;0.00000000;0.00000000;0.00000000;0.00000000;0.00000000;0.00000000;0.00000000;0.00000000;0.00000000;0.00000000;0.00594354;0.00891530;0.10549777;0.69687964;0.17830609;0.00000000;0.00445765;0.00000000
HK97-like,97,216,1341,0.7776099925428784,0.0326651717013981,0.00000000;0.00000000;0.00000000;0.00000000;0.00000000;0.00000000;0.00000000;0.00000000;0.00000000;0.00000000;0.00000000;0.00000000;0.00671141;0.00671141;0.11483967;0.67934377;0.18866518;0.00000000;0.00298285;0.00074571
HK97-like,97,224,2012,0.7913270377733599,0.0345098943453353,0.00000000;0.00000000;0.00000000;0.00000000;0.00000000;0.00000000;0.00000000;0.00000000;0.00000000;0.00000000;0.00000000;0.00000000;0.00447316;0.00596421;0.07306163;0.49850895;0.41451292;0.00000000;0.00347913;0.00000000
HK97-like,97,229,9828,0.8075396825396824,0.0302173134499685,0.00000000;0.00000000;0.00000000;0.00000000;0.00000000;0.00000000;0.00000000;0.00000000;0.00000000;0.00000000;0.00000000;0.00000000;0.00111925;0.00549451;0.02574278;0.29131054;0.66564917;0.00844526;0.00061050;0.00162800
HK97-like,97,248,1340,0.8276119402985075,0.0182408883194597,0.00000000;0.00000000;0.00000000;0.00000000;0.00000000;0.00000000;0.00000000;0.00000000;0.00000000;0.00000000;0.00000000;0.00000000;0.00000000;0.00149254;0.00522388;0.00820896;0.91567164;0.06641791;0.00000000;0.00298507
HK97-like,97,252,1340,0.8313805970149253,0.0209467322910621,0.00000000;0.00000000;0.00000000;0.00000000;0.00000000;0.00000000;0.00000000;0.00000000;0.00000000;0.00000000;0.00000000;0.00000000;0.00000000;0.00149254;0.00149254;0.00970149;0.84850746;0.13582090;0.00000000;0.00298507
HK97-like,97,259,2008,0.841957171314741,0.0262165012656549,0.00000000;0.00000000;0.00000000;0.00000000;0.00000000;0.00000000;0.00000000;0.00000000;0.00000000;0.00000000;0.00000000;0.00000000;0.00000000;0.00099602;0.00199203;0.00747012;0.63994024;0.34760956;0.00000000;0.00199203
HK97-like,97,297,1337,0.9233545250560958,0.0095281323851528,0.00000000;0.00000000;0.00000000;0.00000000;0.00000000;0.00000000;0.00000000;0.00000000;0.00000000;0.00000000;0.00000000;0.00000000;0.00000000;0.00000000;0.00000000;0.00000000;0.00074794;0.03290950;0.96484667;0.00149589
HK97-like,97,301,667,0.9241004497751124,0.0066459251152328,0.00000000;0.00000000;0.00000000;0.00000000;0.00000000;0.00000000;0.00000000;0.00000000;0.00000000;0.00000000;0.00000000;0.00000000;0.00000000;0.00000000;0.00000000;0.00000000;0.00000000;0.01799100;0.98200900;0.00000000
HK97-like,97,302,2004,0.9245508982035928,0.0068704801285807,0.00000000;0.00000000;0.00000000;0.00000000;0.00000000;0.00000000;0.00000000;0.00000000;0.00000000;0.00000000;0.00000000;0.00000000;0.00000000;0.00000000;0.00000000;0.00000000;0.00000000;0.01397206;0.98103792;0.00499002
HK97-like,97,313,3344,0.9342703349282296,0.0203705183906803,0.00000000;0.00000000;0.00000000;0.00000000;0.00000000;0.00000000;0.00000000;0.00000000;0.00000000;0.00000000;0.00000000;0.00000000;0.00000000;0.00000000;0.00000000;0.00000000;0.00000000;0.00747608;0.79964115;0.19288278
HK97-like,97,321,2006,0.958998005982054,0.0236429909897866,0.00000000;0.00000000;0.00000000;0.00000000;0.00000000;0.00000000;0.00000000;0.00000000;0.00000000;0.00000000;0.00000000;0.00000000;0.00000000;0.00000000;0.00000000;0.00000000;0.00000000;0.00299103;0.31405783;0.68295115
HK97-like,97,340,665,0.0264285714285714,0.0120239646135063,0.98195489;0.01203008;0.00150376;0.00451128;0.00000000;0.00000000;0.00000000;0.00000000;0.00000000;0.00000000;0.00000000;0.00000000;0.00000000;0.00000000;0.00000000;0.00000000;0.00000000;0.00000000;0.00000000;0.00000000
HK97-like,98,10,182,0.0291208791208791,0.0195286969258768,0.95054945;0.02197802;0.02197802;0.00549451;0.00000000;0.00000000;0.00000000;0.00000000;0.00000000;0.00000000;0.00000000;0.00000000;0.00000000;0.00000000;0.00000000;0.00000000;0.00000000;0.00000000;0.00000000;0.00000000
HK97-like,98,91,660,0.5152272727272728,0.0289844762288186,0.00000000;0.00000000;0.00000000;0.00000000;0.00000000;0.00000000;0.00000000;0.00606061;0.00606061;0.22424242;0.71060606;0.04696970;0.00606061;0.00000000;0.00000000;0.00000000;0.00000000;0.00000000;0.00000000;0.00000000
HK97-like,98,98,1991,0.5291436464088397,0.0278865005814568,0.00000000;0.00000000;0.00000000;0.00000000;0.00000000;0.00000000;0.00000000;0.00150678;0.00652938;0.06981416;0.77096936;0.13209442;0.01908589;0.00000000;0.00000000;0.00000000;0.00000000;0.00000000;0.00000000;0.00000000
HK97-like,98,105,330,0.5522727272727272,0.0303786934178233,0.00000000;0.00000000;0.00000000;0.00000000;0.00000000;0.00000000;0.00000000;0.00000000;0.00606061;0.00606061;0.46060606;0.49090909;0.03636364;0.00000000;0.00000000;0.00000000;0.00000000;0.00000000;0.00000000;0.00000000
HK97-like,98,109,330,0.5484848484848486,0.0301758695610403,0.00000000;0.00000000;0.00000000;0.00000000;0.00000000;0.00000000;0.00000000;0.00000000;0.00606061;0.00606061;0.53333333;0.42121212;0.03333333;0.00000000;0.00000000;0.00000000;0.00000000;0.00000000;0.00000000;0.00000000
HK97-like,98,111,330,0.5545454545454546,0.0301225687152591,0.00000000;0.00000000;0.00000000;0.00000000;0.00000000;0.00000000;0.00000000;0.00000000;0.00606061;0.00606061;0.41515152;0.53636364;0.03636364;0.00000000;0.00000000;0.00000000;0.00000000;0.00000000;0.00000000;0.00000000
HK97-like,98,114,165,0.5643939393939394,0.0274070764959878,0.00000000;0.00000000;0.00000000;0.00000000;0.00000000;0.00000000;0.00000000;0.00000000;0.00606061;0.00606061;0.22424242;0.72121212;0.04242424;0.00000000;0.00000000;0.00000000;0.00000000;0.00000000;0.00000000;0.00000000
HK97-like,98,115,164,0.5661585365853659,0.025264440213902,0.00000000;0.00000000;0.00000000;0.00000000;0.00000000;0.00000000;0.00000000;0.00000000;0.00000000;0.00609756;0.21341463;0.73170732;0.04878049;0.00000000;0.00000000;0.00000000;0.00000000;0.00000000;0.00000000;0.00000000
HK97-like,98,118,495,0.5614646464646466,0.0291049348904274,0.00000000;0.00000000;0.00000000;0.00000000;0.00000000;0.00000000;0.00000000;0.00000000;0.00606061;0.00606061;0.28686869;0.65454545;0.04646465;0.00000000;0.00000000;0.00000000;0.00000000;0.00000000;0.00000000;0.00000000
HK97-like,98,119,165,0.568939393939394,0.026278161683247,0.00000000;0.00000000;0.00000000;0.00000000;0.00000000;0.00000000;0.00000000;0.00000000;0.00606061;0.00606061;0.15151515;0.77575758;0.06060606;0.00000000;0.00000000;0.00000000;0.00000000;0.00000000;0.00000000;0.00000000
HK97-like,98,121,330,0.574090909090909,0.0277831032544293,0.00000000;0.00000000;0.00000000;0.00000000;0.00000000;0.00000000;0.00000000;0.00000000;0.00303030;0.00909091;0.10606061;0.77878788;0.09090909;0.01212121;0.00000000;0.00000000;0.00000000;0.00000000;0.00000000;0.00000000
HK97-like,98,123,165,0.5716666666666667,0.0264765953440033,0.00000000;0.00000000;0.00000000;0.00000000;0.00000000;0.00000000;0.00000000;0.00000000;0.00606061;0.00606061;0.11515152;0.80000000;0.06666667;0.00606061;0.00000000;0.00000000;0.00000000;0.00000000;0.00000000;0.00000000
HK97-like,98,125,165,0.5798484848484847,0.0270936884209177,0.00000000;0.00000000;0.00000000;0.00000000;0.00000000;0.00000000;0.00000000;0.00000000;0.00000000;0.01212121;0.04848485;0.78787879;0.13333333;0.01818182;0.00000000;0.00000000;0.00000000;0.00000000;0.00000000;0.00000000
HK97-like,98,128,330,0.5789393939393939,0.0263932261671717,0.00000000;0.00000000;0.00000000;0.00000000;0.00000000;0.00000000;0.00000000;0.00000000;0.00000000;0.00909091;0.06060606;0.78787879;0.12727273;0.01515152;0.00000000;0.00000000;0.00000000;0.00000000;0.00000000;0.00000000
HK97-like,98,129,331,0.579833836858006,0.0391474808883135,0.00000000;0.00302115;0.00000000;0.00000000;0.00000000;0.00000000;0.00000000;0.00000000;0.00000000;0.00906344;0.05135952;0.75830816;0.16012085;0.01812689;0.00000000;0.00000000;0.00000000;0.00000000;0.00000000;0.00000000
HK97-like,98,131,165,0.587121212121212,0.0276073744822554,0.00000000;0.00000000;0.00000000;0.00000000;0.00000000;0.00000000;0.00000000;0.00000000;0.00000000;0.00606061;0.01818182;0.72727273;0.22424242;0.02424242;0.00000000;0.00000000;0.00000000;0.00000000;0.00000000;0.00000000
HK97-like,98,160,497,0.6651408450704226,0.0271626052586411,0.00000000;0.00000000;0.00000000;0.00000000;0.00000000;0.00000000;0.00000000;0.00000000;0.00000000;0.00000000;0.00603622;0.00603622;0.21126761;0.73239437;0.04426559;0.00000000;0.00000000;0.00000000;0.00000000;0.00000000
HK97-like,98,163,1158,0.6674006908462867,0.0262531531036173,0.00000000;0.00000000;0.00000000;0.00000000;0.00000000;0.00000000;0.00000000;0.00000000;0.00000000;0.00000000;0.00431779;0.00777202;0.17616580;0.75906736;0.05267703;0.00000000;0.00000000;0.00000000;0.00000000;0.00000000
HK97-like,98,166,1281,0.6891295862607338,0.029559008167415,0.00000000;0.00000000;0.00000000;0.00000000;0.00000000;0.00000000;0.00000000;0.00000000;0.00000000;0.00000000;0.00000000;0.01249024;0.02341920;0.64558938;0.30601093;0.01249024;0.00000000;0.00000000;0.00000000;0.00000000
HK97-like,98,169,330,0.6751515151515153,0.0256723187937858,0.00000000;0.00000000;0.00000000;0.00000000;0.00000000;0.00000000;0.00000000;0.00000000;0.00000000;0.00000000;0.00000000;0.01212121;0.09090909;0.78181818;0.11212121;0.00303030;0.00000000;0.00000000;0.00000000;0.00000000
HK97-like,98,171,330,0.7057575757575758,0.029403700347457,0.00000000;0.00000000;0.00000000;0.00000000;0.00000000;0.00000000;0.00000000;0.00000000;0.00000000;0.00000000;0.00000000;0.00909091;0.00303030;0.37575758;0.58787879;0.02424242;0.00000000;0.00000000;0.00000000;0.00000000
HK97-like,98,172,330,0.709848484848485,0.0280282554534691,0.00000000;0.00000000;0.00000000;0.00000000;0.00000000;0.00000000;0.00000000;0.00000000;0.00000000;0.00000000;0.00000000;0.00606061;0.00606061;0.30000000;0.66060606;0.02727273;0.00000000;0.00000000;0.00000000;0.00000000
HK97-like,98,173,165,0.7125757575757575,0.0271951759347691,0.00000000;0.00000000;0.00000000;0.00000000;0.00000000;0.00000000;0.00000000;0.00000000;0.00000000;0.00000000;0.00000000;0.00606061;0.00606061;0.24848485;0.70909091;0.03030303;0.00000000;0.00000000;0.00000000;0.00000000
HK97-like,98,175,165,0.7134848484848485,0.0267560485510837,0.00000000;0.00000000;0.00000000;0.00000000;0.00000000;0.00000000;0.00000000;0.00000000;0.00000000;0.00000000;0.00000000;0.00606061;0.00606061;0.23030303;0.72727273;0.03030303;0.00000000;0.00000000;0.00000000;0.00000000
HK97-like,98,178,330,0.7143939393939394,0.026278161683247,0.00000000;0.00000000;0.00000000;0.00000000;0.00000000;0.00000000;0.00000000;0.00000000;0.00000000;0.00000000;0.00000000;0.00606061;0.00606061;0.21212121;0.74545455;0.03030303;0.00000000;0.00000000;0.00000000;0.00000000
HK97-like,98,179,330,0.7159090909090909,0.0265562452123716,0.00000000;0.00000000;0.00000000;0.00000000;0.00000000;0.00000000;0.00000000;0.00000000;0.00000000;0.00000000;0.00000000;0.00606061;0.00606061;0.19393939;0.75151515;0.04242424;0.00000000;0.00000000;0.00000000;0.00000000
HK97-like,98,180,330,0.7190909090909091,0.0264562115480766,0.00000000;0.00000000;0.00000000;0.00000000;0.00000000;0.00000000;0.00000000;0.00000000;0.00000000;0.00000000;0.00000000;0.00606061;0.00606061;0.15151515;0.77272727;0.06363636;0.00000000;0.00000000;0.00000000;0.00000000
HK97-like,98,185,165,0.7701515151515151,0.0297587483568264,0.00000000;0.00000000;0.00000000;0.00000000;0.00000000;0.00000000;0.00000000;0.00000000;0.00000000;0.00000000;0.00000000;0.00000000;0.00606061;0.00606061;0.16969697;0.72121212;0.09090909;0.00606061;0.00000000;0.00000000
HK97-like,98,189,1155,0.7274675324675324,0.0284592445356335,0.00000000;0.00000000;0.00000000;0.00000000;0.00000000;0.00000000;0.00000000;0.00000000;0.00000000;0.00000000;0.00000000;0.00000000;0.01212121;0.09696970;0.72554113;0.16017316;0.00519481;0.00000000;0.00000000;0.00000000
HK97-like,98,209,825,0.7759090909090909,0.0300871095284943,0.00000000;0.00000000;0.00000000;0.00000000;0.00000000;0.00000000;0.00000000;0.00000000;0.00000000;0.00000000;0.00000000;0.00000000;0.00121212;0.01090909;0.12606061;0.69818182;0.15757576;0.00606061;0.00000000;0.00000000
HK97-like,98,213,165,0.7901515151515152,0.0318253960075542,0.00000000;0.00000000;0.00000000;0.00000000;0.00000000;0.00000000;0.00000000;0.00000000;0.00000000;0.00000000;0.00000000;0.00000000;0.00000000;0.01212121;0.05454545;0.55757576;0.36969697;0.00606061;0.00000000;0.00000000
HK97-like,98,216,330,0.7903030303030302,0.0321087025383469,0.00000000;0.00000000;0.00000000;0.00000000;0.00000000;0.00000000;0.00000000;0.00000000;0.00000000;0.00000000;0.00000000;0.00000000;0.00000000;0.01212121;0.05757576;0.54848485;0.37575758;0.00606061;0.00000000;0.00000000
HK97-like,98,224,587,0.8006388415672913,0.0313423540777497,0.00000000;0.00000000;0.00000000;0.00000000;0.00000000;0.00000000;0.00000000;0.00000000;0.00000000;0.00000000;0.00000000;0.00000000;0.00000000;0.01362862;0.02555366;0.40034072;0.55536627;0.00511073;0.00000000;0.00000000
HK97-like,98,229,1163,0.8108985382631126,0.0319034445523295,0.00000000;0.00000000;0.00000000;0.00000000;0.00000000;0.00000000;0.00000000;0.00000000;0.00000000;0.00000000;0.00000000;0.00000000;0.00000000;0.01891660;0.01719690;0.21926053;0.71625107;0.02837489;0.00000000;0.00000000
HK97-like,98,248,330,0.8171212121212121,0.0260834994581882,0.00000000;0.00000000;0.00000000;0.00000000;0.00000000;0.00000000;0.00000000;0.00000000;0.00000000;0.00000000;0.00000000;0.00000000;0.00000000;0.00000000;0.01212121;0.19090909;0.73939394;0.05757576;0.00000000;0.00000000
HK97-like,98,252,330,0.8192424242424243,0.0277467227691141,0.00000000;0.00000000;0.00000000;0.00000000;0.00000000;0.00000000;0.00000000;0.00000000;0.00000000;0.00000000;0.00000000;0.00000000;0.00000000;0.00000000;0.01212121;0.18181818;0.71515152;0.09090909;0.00000000;0.00000000
HK97-like,98,259,992,0.829233870967742,0.0337091709716547,0.00000000;0.00000000;0.00000000;0.00000000;0.00000000;0.00000000;0.00000000;0.00000000;0.00000000;0.00000000;0.00000000;0.00000000;0.00000000;0.00000000;0.00705645;0.16229839;0.57459677;0.25100806;0.00504032;0.00000000
HK97-like,98,297,492,0.9175813008130084,0.0234443532459501,0.00000000;0.00000000;0.00000000;0.00000000;0.00000000;0.00000000;0.00000000;0.00000000;0.00000000;0.00000000;0.00000000;0.00000000;0.00000000;0.00000000;0.00000000;0.00813008;0.01626016;0.09756098;0.87195122;0.00609756
HK97-like,98,301,164,0.9198170731707318,0.0225094170259539,0.00000000;0.00000000;0.00000000;0.00000000;0.00000000;0.00000000;0.00000000;0.00000000;0.00000000;0.00000000;0.00000000;0.00000000;0.00000000;0.00000000;0.00000000;0.00609756;0.00609756;0.10365854;0.85365854;0.03048780
HK97-like,98,302,492,0.9254065040650404,0.0286880721930286,0.00000000;0.00000000;0.00000000;0.00000000;0.00000000;0.00000000;0.00000000;0.00000000;0.00000000;0.00000000;0.00000000;0.00000000;0.00000000;0.00000000;0.00000000;0.00609756;0.00813008;0.09959350;0.74390244;0.14227642
HK97-like,98,313,820,0.9459756097560976,0.0361099187811921,0.00000000;0.00000000;0.00000000;0.00000000;0.00000000;0.00000000;0.00000000;0.00000000;0.00000000;0.00000000;0.00000000;0.00000000;0.00000000;0.00000000;0.00000000;0.00609756;0.00609756;0.08414634;0.36951220;0.53414634
HK97-like,98,321,492,0.961280487804878,0.0310681552345926,0.00000000;0.00000000;0.00000000;0.00000000;0.00000000;0.00000000;0.00000000;0.00000000;0.00000000;0.00000000;0.00000000;0.00000000;0.00000000;0.00000000;0.00000000;0.00406504;0.00813008;0.04471545;0.14430894;0.79878049
HK97-like,98,340,6610,0.0618835098335854,0.0700689095686162,0.50665658;0.36475038;0.08517398;0.02889561;0.00953101;0.00121029;0.00000000;0.00000000;0.00000000;0.00000000;0.00000000;0.00000000;0.00000000;0.00000000;0.00000000;0.00000000;0.00000000;0.00000000;0.00015129;0.00363086
NCLDV-like,8,10,330,0.0256060606060606,0.0054713545712932,0.98787879;0.01212121;0.00000000;0.00000000;0.00000000;0.00000000;0.00000000;0.00000000;0.00000000;0.00000000;0.00000000;0.00000000;0.00000000;0.00000000;0.00000000;0.00000000;0.00000000;0.00000000;0.00000000;0.00000000
NCLDV-like,8,96,927,0.2999190938511327,0.3093637011723618,0.00215750;0.59115426;0.06580367;0.00431499;0.00000000;0.00000000;0.00000000;0.00000000;0.00000000;0.00215750;0.00215750;0.00107875;0.00323625;0.01402373;0.22761597;0.07874865;0.00755124;0.00000000;0.00000000;0.00000000
NCLDV-like,8,104,613,0.4049347471451876,0.3270641500098618,0.00326264;0.45840131;0.03425775;0.00326264;0.00000000;0.00000000;0.00000000;0.00000000;0.00163132;0.00326264;0.00000000;0.00000000;0.00489396;0.03099511;0.35236542;0.09787928;0.00978793;0.00000000;0.00000000;0.00000000
NCLDV-like,8,344,1996,0.538502004008016,0.2381706552412115,0.00501002;0.14328657;0.01052104;0.00200401;0.00150301;0.00050100;0.00501002;0.01452906;0.05460922;0.18336673;0.08066132;0.01452906;0.00450902;0.03907816;0.33216433;0.07765531;0.01252505;0.01052104;0.00300601;0.00501002
NCLDV-like,8,346,3425,0.4051459854014598,0.1979492871775545,0.04729927;0.00262774;0.01751825;0.06481752;0.00963504;0.03182482;0.28233577;0.21080292;0.02481752;0.03240876;0.11474453;0.03708029;0.00963504;0.00204380;0.00204380;0.02364964;0.06627737;0.00467153;0.00700730;0.00875912
NCLDV-like,8,347,4851,0.4392857142857142,0.3069842538249722,0.00082457;0.00123686;0.12121212;0.36878994;0.04411462;0.00226757;0.00082457;0.00391672;0.01133787;0.03854875;0.02020202;0.00350443;0.00185529;0.00288600;0.00350443;0.08740466;0.27313956;0.01278087;0.00144300;0.00020614
NCLDV-like,8,355,6888,0.5475391986062718,0.1041657649784734,0.00043554;0.00232288;0.00159698;0.00304878;0.00014518;0.00101626;0.00333914;0.01132404;0.02627758;0.10714286;0.48795006;0.26887340;0.04297329;0.00145180;0.00174216;0.00130662;0.00014518;0.00029036;0.00000000;0.03861789
NCLDV-like,8,360,2766,0.5215654374548084,0.3113091172290461,0.00108460;0.28308026;0.04446855;0.00253073;0.00036153;0.00000000;0.00000000;0.00000000;0.00000000;0.00433839;0.00325380;0.00144613;0.00686913;0.02060738;0.38394794;0.23101952;0.01699205;0.00000000;0.00000000;0.00000000
NCLDV-like,8,361,662,0.4664652567975831,0.3256860727406069,0.03172205;0.00453172;0.19033233;0.24471299;0.02416918;0.00151057;0.00604230;0.00604230;0.01057402;0.00302115;0.00302115;0.00302115;0.00151057;0.00302115;0.00453172;0.18126888;0.26888218;0.00906344;0.00151057;0.00151057
NCLDV-like,8,362,7032,0.393216723549488,0.3251446771950353,0.00056883;0.10182025;0.32977816;0.16055176;0.01094994;0.00000000;0.00028441;0.00028441;0.00042662;0.00028441;0.00071104;0.00213311;0.00156428;0.00227531;0.00597270;0.21615472;0.16325370;0.00284414;0.00014221;0.00000000
NCLDV-like,8,363,1661,0.4305388320288982,0.2304212339616422,0.01324503;0.17098134;0.02107164;0.01264299;0.00421433;0.01685731;0.11318483;0.06020470;0.03130644;0.12402167;0.18121613;0.04455148;0.00481638;0.01023480;0.12703191;0.04154124;0.00662252;0.00722456;0.00361228;0.00541842
NCLDV-like,34,10,1858,0.0264800861141011,0.0124594015234268,0.97900969;0.01668461;0.00215285;0.00107643;0.00053821;0.00000000;0.00053821;0.00000000;0.00000000;0.00000000;0.00000000;0.00000000;0.00000000;0.00000000;0.00000000;0.00000000;0.00000000;0.00000000;0.00000000;0.00000000
NCLDV-like,34,96,5360,0.3138059701492537,0.2362973707577887,0.00671642;0.02406716;0.33115672;0.26343284;0.02332090;0.00597015;0.00429104;0.00261194;0.00466418;0.01604478;0.02126866;0.03656716;0.10802239;0.10373134;0.03563433;0.00914179;0.00242537;0.00074627;0.00018657;0.00000000
NCLDV-like,34,104,3598,0.3895914396887159,0.2507265426131536,0.00528071;0.02334630;0.28293496;0.16008894;0.01389661;0.00583658;0.00416898;0.00416898;0.00611451;0.02473596;0.03001668;0.05975542;0.16870484;0.14702613;0.04613674;0.01361868;0.00277932;0.00111173;0.00027793;0.00000000
NCLDV-like,34,344,8755,0.5024928612221587,0.2320242086228789,0.01233581;0.02078812;0.13043975;0.06659052;0.01736151;0.01484866;0.01199315;0.01073672;0.01450600;0.03517990;0.04111936;0.09183324;0.23163906;0.17989720;0.06818961;0.02272987;0.01107938;0.00868075;0.00616790;0.00388350
NCLDV-like,34,346,17302,0.4525054906947174,0.1911687578760841,0.02439024;0.01086580;0.00936308;0.02144261;0.06224714;0.05034100;0.05646746;0.11362848;0.24436481;0.14345162;0.05074558;0.03623859;0.01693446;0.01439140;0.02150040;0.05473356;0.04011097;0.01150156;0.00872731;0.00855392
NCLDV-like,34,347,24245,0.501784904103939,0.2704083576054081,0.00362961;0.00259847;0.00837286;0.04664879;0.23072799;0.16729223;0.02610848;0.01159002;0.01901423;0.01245618;0.00581563;0.00833161;0.00688802;0.01546711;0.05349557;0.21039390;0.14283357;0.02082904;0.00540318;0.00210353
NCLDV-like,34,355,3050,0.8237868852459016,0.220205203460958,0.00131148;0.00163934;0.00327869;0.00196721;0.01377049;0.02065574;0.02229508;0.01409836;0.01639344;0.02491803;0.01311475;0.02065574;0.02360656;0.04262295;0.09672131;0.06557377;0.01016393;0.00721311;0.00327869;0.59672131
NCLDV-like,34,360,16300,0.4771748466257668,0.2399080091706825,0.00417178;0.01165644;0.15177914;0.14220859;0.01613497;0.00503067;0.00484663;0.00447853;0.00760736;0.02748466;0.03773006;0.06226994;0.19417178;0.21595092;0.08411043;0.02263804;0.00564417;0.00171779;0.00000000;0.00036810
NCLDV-like,34,361,4193,0.5012461244932029,0.2737629044118055,0.01693298;0.00763177;0.01526353;0.05699976;0.22346768;0.10922967;0.02504174;0.01740997;0.02241832;0.01597901;0.00906272;0.01597901;0.01240162;0.02217982;0.06510851;0.22155974;0.11209158;0.01931791;0.00643930;0.00548533
NCLDV-like,34,362,41322,0.4373687140022264,0.2754768625885513,0.00375103;0.00701805;0.06180727;0.15454237;0.25163351;0.07122114;0.01294710;0.01151929;0.01553652;0.00868787;0.00559024;0.00648565;0.00706645;0.02049756;0.07509317;0.20059532;0.07506897;0.00793766;0.00212962;0.00087121
NCLDV-like,34,363,6401,0.4066044368067489,0.2223057447630683,0.00984221;0.01655991;0.15856897;0.10920169;0.04358694;0.02265271;0.03390095;0.07358225;0.11373223;0.06577097;0.03499453;0.04639900;0.10076551;0.09467271;0.03811904;0.01312295;0.00437432;0.00656147;0.00765505;0.00593657
NCLDV-like,51,10,162,0.0277777777777777,0.0114530711822712,0.94444444;0.05555556;0.00000000;0.00000000;0.00000000;0.00000000;0.00000000;0.00000000;0.00000000;0.00000000;0.00000000;0.00000000;0.00000000;0.00000000;0.00000000;0.00000000;0.00000000;0.00000000;0.00000000;0.00000000
NCLDV-like,51,96,452,0.2597345132743363,0.2533172315147258,0.00000000;0.60398230;0.04424779;0.01769912;0.00000000;0.00000000;0.00000000;0.00000000;0.00000000;0.00000000;0.00221239;0.07079646;0.24557522;0.01548673;0.00000000;0.00000000;0.00000000;0.00000000;0.00000000;0.00000000
NCLDV-like,51,104,299,0.3467391304347825,0.2670205712277158,0.00000000;0.46153846;0.02675585;0.01003344;0.00000000;0.00000000;0.00000000;0.00000000;0.00000000;0.00000000;0.00000000;0.14381271;0.34448161;0.01337793;0.00000000;0.00000000;0.00000000;0.00000000;0.00000000;0.00000000
NCLDV-like,51,344,611,0.4727905073649754,0.231799045202301,0.00818331;0.22913257;0.01145663;0.00490998;0.00000000;0.00000000;0.00000000;0.00000000;0.00000000;0.00000000;0.00654664;0.27004910;0.45335516;0.01636661;0.00000000;0.00000000;0.00000000;0.00000000;0.00000000;0.00000000
NCLDV-like,51,346,1503,0.382185628742515,0.1724493719943664,0.07385230;0.03526281;0.00000000;0.09248170;0.00731870;0.00066534;0.00399202;0.19693945;0.39920160;0.08383234;0.00598802;0.00000000;0.00066534;0.01996008;0.07717898;0.00266134;0.00000000;0.00000000;0.00000000;0.00000000
NCLDV-like,51,347,1985,0.4238413098236776,0.2685086483018637,0.00000000;0.00352645;0.00100756;0.49722922;0.03677582;0.00503778;0.00000000;0.00000000;0.00000000;0.00000000;0.00000000;0.00000000;0.00302267;0.09521411;0.33954660;0.01863980;0.00000000;0.00000000;0.00000000;0.00000000
NCLDV-like,51,355,151,0.975,0.0,0.00000000;0.00000000;0.00000000;0.00000000;0.00000000;0.00000000;0.00000000;0.00000000;0.00000000;0.00000000;0.00000000;0.00000000;0.00000000;0.00000000;0.00000000;0.00000000;0.00000000;0.00000000;0.00000000;1.00000000
NCLDV-like,51,360,1357,0.4454863669859985,0.2536621660229867,0.00073692;0.25939573;0.05969049;0.01252763;0.00000000;0.00000000;0.00000000;0.00000000;0.00000000;0.00000000;0.00442152;0.07148121;0.52984525;0.06190125;0.00000000;0.00000000;0.00000000;0.00000000;0.00000000;0.00000000
NCLDV-like,51,361,325,0.4128461538461538,0.2755106716218353,0.04923077;0.02153846;0.00615385;0.43384615;0.02461538;0.00000000;0.00000000;0.00000000;0.00000000;0.00000000;0.00000000;0.00000000;0.00615385;0.17538462;0.27692308;0.00615385;0.00000000;0.00000000;0.00000000;0.00000000
NCLDV-like,51,362,3446,0.3615786419036564,0.2720202156697854,0.00174115;0.06413233;0.26523506;0.25478816;0.01973302;0.00000000;0.00000000;0.00000000;0.00000000;0.00000000;0.00000000;0.00029019;0.00899594;0.21096924;0.17179338;0.00232153;0.00000000;0.00000000;0.00000000;0.00000000
NCLDV-like,51,363,487,0.3463552361396304,0.2210108638476894,0.01232033;0.28952772;0.03285421;0.04517454;0.00000000;0.00000000;0.00410678;0.19301848;0.10882957;0.00410678;0.00205339;0.07392197;0.22381930;0.01026694;0.00000000;0.00000000;0.00000000;0.00000000;0.00000000;0.00000000
NCLDV-like,57,10,704,0.0252130681818181,0.0042083587974504,0.99715909;0.00142045;0.00142045;0.00000000;0.00000000;0.00000000;0.00000000;0.00000000;0.00000000;0.00000000;0.00000000;0.00000000;0.00000000;0.00000000;0.00000000;0.00000000;0.00000000;0.00000000;0.00000000;0.00000000
NCLDV-like,57,96,2082,0.273342939481268,0.2220892231210644,0.00672430;0.10182517;0.54755043;0.00576369;0.00144092;0.00096061;0.00240154;0.00144092;0.00192123;0.00144092;0.04755043;0.17146974;0.09750240;0.01056676;0.00144092;0.00000000;0.00000000;0.00000000;0.00000000;0.00000000
NCLDV-like,57,104,1389,0.3459143268538517,0.2369258644181897,0.00431965;0.14110871;0.34629230;0.00287977;0.00143988;0.00143988;0.00359971;0.00287977;0.00215983;0.00503960;0.08063355;0.26277898;0.13102952;0.01223902;0.00215983;0.00000000;0.00000000;0.00000000;0.00000000;0.00000000
NCLDV-like,57,344,3812,0.5035414480587618,0.2129957278360111,0.00367261;0.06269675;0.11726128;0.00262329;0.00078699;0.00288562;0.00734523;0.00603358;0.00341028;0.01416579;0.16054565;0.38772298;0.15241343;0.01757608;0.00655824;0.00236097;0.00183631;0.00367261;0.02203568;0.02439664
NCLDV-like,57,346,6270,0.4315231259968101,0.1683881765856279,0.02791069;0.00462520;0.00175439;0.05948963;0.04928230;0.01036683;0.01020734;0.16028708;0.39633174;0.09011164;0.01961722;0.01275917;0.05342903;0.04992026;0.01132376;0.00685805;0.00414673;0.00430622;0.01578947;0.01148325
NCLDV-like,57,347,8903,0.4223941368078175,0.26258710443783,0.00303269;0.00292036;0.00617769;0.26732562;0.24553521;0.02033023;0.01280467;0.00741323;0.00381894;0.00247108;0.00190947;0.02875435;0.14433337;0.11906099;0.01909469;0.00572841;0.01572504;0.05054476;0.03133775;0.01168146
NCLDV-like,57,355,816,0.9200980392156862,0.1720884980834742,0.00000000;0.00000000;0.00000000;0.01838235;0.00122549;0.00000000;0.00980392;0.00980392;0.01715686;0.00735294;0.02328431;0.00122549;0.00245098;0.00122549;0.00000000;0.00000000;0.00000000;0.01348039;0.00735294;0.88725490
NCLDV-like,57,360,6293,0.4324845065946289,0.2240939451570728,0.00429048;0.03051009;0.29127602;0.00413157;0.00143016;0.00174797;0.00413157;0.00365485;0.00333704;0.00286032;0.06960114;0.32019704;0.23216272;0.02764977;0.00190688;0.00111235;0.00000000;0.00000000;0.00000000;0.00000000
NCLDV-like,57,361,1524,0.4286089238845145,0.2491523041866543,0.02165354;0.00590551;0.00590551;0.32217848;0.10958005;0.01377953;0.00196850;0.00328084;0.00328084;0.00524934;0.00328084;0.05314961;0.23097113;0.15485564;0.02230971;0.00393701;0.00262467;0.00853018;0.01181102;0.01574803
NCLDV-like,57,362,15970,0.3549373825923607,0.2310009172188596,0.00350657;0.00932999;0.12786475;0.37839699;0.06656230;0.01195992;0.00131497;0.00338134;0.00250470;0.00194114;0.00450845;0.06299311;0.20670006;0.10187852;0.01089543;0.00144020;0.00056356;0.00031309;0.00288040;0.00106450
NCLDV-like,57,363,2446,0.3923344235486509,0.2370824818620335,0.00776778;0.06950123;0.21054783;0.05478332;0.01062960;0.00408831;0.00817661;0.09893704;0.15862633;0.02085037;0.04701554;0.15044971;0.07972200;0.01103843;0.00367948;0.00408831;0.00449714;0.00613246;0.02371218;0.02575634
NCLDV-like,64,10,304,0.0282894736842105,0.0168888127013071,0.95065789;0.03947368;0.00657895;0.00000000;0.00328947;0.00000000;0.00000000;0.00000000;0.00000000;0.00000000;0.00000000;0.00000000;0.00000000;0.00000000;0.00000000;0.00000000;0.00000000;0.00000000;0.00000000;0.00000000
NCLDV-like,64,96,827,0.2788694074969771,0.2319743812107302,0.00000000;0.16082225;0.47158404;0.03022975;0.00241838;0.00000000;0.00241838;0.00000000;0.00000000;0.00000000;0.00000000;0.13542926;0.19347037;0.00362757;0.00000000;0.00000000;0.00000000;0.00000000;0.00000000;0.00000000
NCLDV-like,64,104,551,0.3484119782214155,0.251395327468947,0.00000000;0.28493648;0.19600726;0.01633394;0.00181488;0.00181488;0.00000000;0.00000000;0.00000000;0.00000000;0.00000000;0.26860254;0.22504537;0.00544465;0.00000000;0.00000000;0.00000000;0.00000000;0.00000000;0.00000000
NCLDV-like,64,344,1126,0.4573268206039076,0.2235239798429847,0.01332149;0.17051510;0.07460036;0.00799290;0.00000000;0.00088810;0.00000000;0.00000000;0.00000000;0.00000000;0.01154529;0.47690941;0.23801066;0.00621670;0.00000000;0.00000000;0.00000000;0.00000000;0.00000000;0.00000000
NCLDV-like,64,346,2519,0.3929634775704644,0.1662701215813038,0.07185391;0.02659786;0.00277888;0.00635173;0.09448194;0.01548233;0.00039698;0.10400953;0.49464073;0.06391425;0.00793966;0.00039698;0.00000000;0.05041683;0.06034141;0.00039698;0.00000000;0.00000000;0.00000000;0.00000000
NCLDV-like,64,347,4110,0.4211678832116788,0.2337607195510149,0.00072993;0.00072993;0.00024331;0.03065693;0.48442822;0.07226277;0.00291971;0.00170316;0.00048662;0.00000000;0.00000000;0.00000000;0.00072993;0.18394161;0.21970803;0.00145985;0.00000000;0.00000000;0.00000000;0.00000000
NCLDV-like,64,355,278,0.968705035971223,0.0742221973465858,0.00359712;0.00000000;0.00000000;0.00359712;0.00000000;0.00000000;0.00000000;0.00000000;0.00000000;0.00000000;0.00000000;0.00000000;0.00000000;0.00000000;0.00000000;0.00000000;0.00000000;0.00000000;0.00000000;0.99280576
NCLDV-like,64,360,2478,0.4485673930589184,0.2318458271975715,0.00000000;0.03793382;0.27522195;0.01856336;0.00121065;0.00000000;0.00121065;0.00000000;0.00000000;0.00000000;0.00000000;0.19451170;0.45278450;0.01775626;0.00080710;0.00000000;0.00000000;0.00000000;0.00000000;0.00000000
NCLDV-like,64,361,585,0.4337179487179487,0.2495655659924373,0.03931624;0.01025641;0.00170940;0.10085470;0.34358974;0.02564103;0.00170940;0.00170940;0.00000000;0.00000000;0.00000000;0.00000000;0.00512821;0.31111111;0.15726496;0.00170940;0.00000000;0.00000000;0.00000000;0.00000000
NCLDV-like,64,362,6335,0.3796014206787687,0.2430577925979235,0.00078927;0.00284136;0.12028414;0.24262036;0.22209945;0.01515391;0.00142068;0.00173639;0.00000000;0.00000000;0.00000000;0.00000000;0.02762431;0.31286504;0.05130229;0.00126283;0.00000000;0.00000000;0.00000000;0.00000000
NCLDV-like,64,363,874,0.3592105263157894,0.2075025992039184,0.01258581;0.14187643;0.16704805;0.02860412;0.01830664;0.00000000;0.00114416;0.12929062;0.17276888;0.01258581;0.00114416;0.14874142;0.16247140;0.00343249;0.00000000;0.00000000;0.00000000;0.00000000;0.00000000;0.00000000
NCLDV-like,80,10,1401,0.0261777301927194,0.0088832841596109,0.98072805;0.01498929;0.00428266;0.00000000;0.00000000;0.00000000;0.00000000;0.00000000;0.00000000;0.00000000;0.00000000;0.00000000;0.00000000;0.00000000;0.00000000;0.00000000;0.00000000;0.00000000;0.00000000;0.00000000
NCLDV-like,80,96,3698,0.3054488912925905,0.2425479132498656,0.00270416;0.05408329;0.43428880;0.15575987;0.01568415;0.00108167;0.00054083;0.00135208;0.00135208;0.00108167;0.00405625;0.03136831;0.14061655;0.14169822;0.01270957;0.00135208;0.00027042;0.00000000;0.00000000;0.00000000
NCLDV-like,80,104,2457,0.3854192104192104,0.2580911016943764,0.00244200;0.07163207;0.32275132;0.08872609;0.00936101;0.00081400;0.00081400;0.00203500;0.00203500;0.00162800;0.00854701;0.05087505;0.22914123;0.19210419;0.01546602;0.00122100;0.00040700;0.00000000;0.00000000;0.00000000
NCLDV-like,80,344,5560,0.5155485611510793,0.2343772657016585,0.00917266;0.04154676;0.14586331;0.04352518;0.00863309;0.00107914;0.00161871;0.00413669;0.00503597;0.00377698;0.01582734;0.08866906;0.32302158;0.23507194;0.02949640;0.01205036;0.01151079;0.01079137;0.00719424;0.00197842
NCLDV-like,80,346,10975,0.4340660592255124,0.1773772287679043,0.05202733;0.01011390;0.00428246;0.03453303;0.05822323;0.02250569;0.00874715;0.08993166;0.27161731;0.24628702;0.05339408;0.00902050;0.00792711;0.01530752;0.05658314;0.04701595;0.00400911;0.00273349;0.00227790;0.00346241
NCLDV-like,80,347,16421,0.4564901650325803,0.2626637234830575,0.00231411;0.00219231;0.00968272;0.15321844;0.27044638;0.08976311;0.01077888;0.00408014;0.00164424;0.00140065;0.00115705;0.00225321;0.01035260;0.04061872;0.20912247;0.17739480;0.01059619;0.00200962;0.00048718;0.00048718
NCLDV-like,80,355,1378,0.9217706821480406,0.159366783855629,0.00000000;0.00000000;0.00000000;0.00000000;0.00507983;0.00507983;0.01378810;0.01959361;0.01233672;0.00362845;0.00000000;0.00435414;0.01959361;0.01959361;0.00798258;0.00000000;0.00000000;0.00072569;0.00000000;0.88824383
NCLDV-like,80,360,11096,0.4802090843547223,0.2436280456611824,0.00117159;0.01820476;0.20998558;0.09048306;0.01027397;0.00063086;0.00108147;0.00189257;0.00252343;0.00270368;0.00648882;0.04722422;0.23954578;0.32660418;0.03704037;0.00360490;0.00054074;0.00000000;0.00000000;0.00000000
NCLDV-like,80,361,2639,0.4610742705570291,0.273955164488036,0.03448276;0.00682077;0.01250474;0.18302387;0.20424403;0.05494505;0.00644183;0.00303145;0.00227359;0.00151573;0.00151573;0.00454718;0.01591512;0.05532399;0.24554756;0.15384615;0.00757863;0.00265252;0.00189466;0.00189466
NCLDV-like,80,362,28304,0.3985355426794799,0.2646104693223383,0.00137790;0.00653618;0.09818400;0.27999576;0.17806670;0.03261023;0.00590023;0.00113058;0.00169587;0.00042397;0.00088327;0.00282646;0.01600480;0.07444178;0.21413934;0.08080130;0.00360373;0.00077728;0.00017665;0.00042397
NCLDV-like,80,363,4041,0.401317743132888,0.2269945050543611,0.02004454;0.04206879;0.20094036;0.07126949;0.01460035;0.00445434;0.00519673;0.06161841;0.13437268;0.09477852;0.01831230;0.03390250;0.13610492;0.12868102;0.01509527;0.00445434;0.00123732;0.00197971;0.00321703;0.00767137
NCLDV-like,82,10,207,0.0252415458937198,0.0034668357715959,0.99516908;0.00483092;0.00000000;0.00000000;0.00000000;0.00000000;0.00000000;0.00000000;0.00000000;0.00000000;0.00000000;0.00000000;0.00000000;0.00000000;0.00000000;0.00000000;0.00000000;0.00000000;0.00000000;0.00000000
NCLDV-like,82,96,580,0.3216379310344828,0.2984036376705715,0.00000000;0.19137931;0.47068966;0.00344828;0.00000000;0.00000000;0.00000000;0.00000000;0.00000000;0.00000000;0.00000000;0.00000000;0.00172414;0.00172414;0.22758621;0.10000000;0.00172414;0.00000000;0.00000000;0.00172414
NCLDV-like,82,104,387,0.4197028423772611,0.3183924448014582,0.00000000;0.23514212;0.26098191;0.00258398;0.00000000;0.00000000;0.00000000;0.00000000;0.00000000;0.00000000;0.00000000;0.00000000;0.00258398;0.00775194;0.37984496;0.10594315;0.00258398;0.00000000;0.00000000;0.00258398
NCLDV-like,82,344,812,0.5695812807881773,0.2750305796599957,0.00862069;0.13300493;0.10344828;0.00123153;0.00000000;0.00000000;0.00000000;0.00000000;0.00000000;0.00246305;0.01477833;0.00738916;0.01354680;0.02463054;0.57635468;0.10591133;0.00123153;0.00000000;0.00369458;0.00369458
NCLDV-like,82,346,1646,0.4765795868772782,0.1852158654461114,0.03219927;0.00668287;0.00121507;0.08201701;0.03888214;0.00060753;0.00000000;0.00000000;0.04131227;0.46233293;0.19805589;0.00668287;0.00729040;0.00000000;0.00121507;0.00121507;0.10267315;0.01275820;0.00243013;0.00243013
NCLDV-like,82,347,2527,0.488197467352592,0.3164575417455835,0.00000000;0.00277008;0.00554017;0.31262366;0.21052632;0.00277008;0.00000000;0.00000000;0.00000000;0.00079145;0.00039573;0.00277008;0.00237436;0.00000000;0.00356154;0.00831025;0.39968342;0.04511278;0.00277008;0.00000000
NCLDV-like,82,355,203,0.948399014778325,0.1062424655063212,0.00000000;0.00000000;0.00000000;0.00000000;0.00000000;0.00000000;0.00000000;0.00000000;0.00000000;0.00492611;0.04926108;0.00492611;0.00000000;0.00000000;0.00000000;0.00000000;0.00000000;0.00000000;0.00000000;0.94088670
NCLDV-like,82,360,1743,0.5387119908204245,0.3005896704519957,0.00000000;0.07228916;0.25817556;0.00172117;0.00000000;0.00000000;0.00000000;0.00000000;0.00000000;0.00000000;0.00000000;0.00000000;0.00000000;0.00688468;0.34021801;0.31382674;0.00344234;0.00000000;0.00000000;0.00344234
NCLDV-like,82,361,402,0.4962686567164178,0.3246339422800474,0.01741294;0.00497512;0.00497512;0.40547264;0.06716418;0.00248756;0.00000000;0.00000000;0.00000000;0.00000000;0.00248756;0.00497512;0.00248756;0.00000000;0.00497512;0.01741294;0.44029851;0.01990050;0.00497512;0.00000000
NCLDV-like,82,362,4419,0.4209945689069925,0.3202097863586452,0.00022630;0.01900883;0.13011994;0.42158859;0.03439692;0.00135777;0.00000000;0.00000000;0.00000000;0.00000000;0.00000000;0.00022630;0.00000000;0.00203666;0.00203666;0.05770536;0.32360263;0.00769405;0.00000000;0.00000000
NCLDV-like,82,363,633,0.4248420221169035,0.261904509093354,0.00947867;0.12164297;0.18641390;0.04897314;0.00473934;0.00000000;0.00000000;0.00157978;0.02053712;0.24012638;0.04897314;0.00473934;0.00473934;0.00473934;0.22432859;0.07266983;0.00157978;0.00315956;0.00000000;0.00157978
ino-like,2,10,1231,0.0257311129163281,0.0122372298986846,0.99106418;0.00812348;0.00000000;0.00000000;0.00000000;0.00000000;0.00000000;0.00000000;0.00081235;0.00000000;0.00000000;0.00000000;0.00000000;0.00000000;0.00000000;0.00000000;0.00000000;0.00000000;0.00000000;0.00000000
ino-like,2,91,2409,0.2249792444997924,0.0248072600333696,0.00083022;0.00000000;0.00290577;0.07471980;0.85180573;0.06392694;0.00332088;0.00000000;0.00083022;0.00083022;0.00041511;0.00041511;0.00000000;0.00000000;0.00000000;0.00000000;0.00000000;0.00000000;0.00000000;0.00000000
ino-like,2,98,4822,0.2584093737038573,0.0327210280611156,0.00082953;0.00062215;0.00062215;0.02073828;0.32455413;0.62028204;0.02924098;0.00062215;0.00020738;0.00082953;0.00041477;0.00103691;0.00000000;0.00000000;0.00000000;0.00000000;0.00000000;0.00000000;0.00000000;0.00000000
ino-like,2,105,2397,0.2763975803087192,0.0279893455648844,0.00041719;0.00083438;0.00041719;0.00333751;0.07968294;0.81059658;0.09762203;0.00375469;0.00083438;0.00083438;0.00000000;0.00166875;0.00000000;0.00000000;0.00000000;0.00000000;0.00000000;0.00000000;0.00000000;0.00000000
ino-like,2,109,1203,0.2773275145469659,0.0276313903328761,0.00000000;0.00083126;0.00083126;0.00332502;0.07065669;0.81130507;0.10556941;0.00415628;0.00083126;0.00083126;0.00000000;0.00166251;0.00000000;0.00000000;0.00000000;0.00000000;0.00000000;0.00000000;0.00000000;0.00000000
ino-like,2,111,2401,0.2776655560183257,0.0279669320522343,0.00041649;0.00041649;0.00083299;0.00291545;0.07080383;0.80466472;0.11286964;0.00374844;0.00083299;0.00083299;0.00000000;0.00166597;0.00000000;0.00000000;0.00000000;0.00000000;0.00000000;0.00000000;0.00000000;0.00000000
ino-like,2,114,1202,0.2852329450915141,0.0307170920916629,0.00000000;0.00083195;0.00083195;0.00083195;0.04658902;0.71297837;0.22712146;0.00748752;0.00083195;0.00083195;0.00000000;0.00083195;0.00083195;0.00000000;0.00000000;0.00000000;0.00000000;0.00000000;0.00000000;0.00000000
ino-like,2,115,2425,0.2885051546391752,0.0313622413040787,0.00000000;0.00082474;0.00082474;0.00000000;0.04041237;0.66226804;0.28494845;0.00742268;0.00082474;0.00082474;0.00000000;0.00082474;0.00082474;0.00000000;0.00000000;0.00000000;0.00000000;0.00000000;0.00000000;0.00000000
ino-like,2,118,1201,0.2927352206494588,0.0322903124776691,0.00000000;0.00083264;0.00083264;0.00000000;0.03330558;0.59450458;0.35720233;0.00999167;0.00083264;0.00083264;0.00000000;0.00083264;0.00083264;0.00000000;0.00000000;0.00000000;0.00000000;0.00000000;0.00000000;0.00000000
ino-like,2,119,1199,0.2974353628023353,0.0330729315228316,0.00000000;0.00083403;0.00083403;0.00000000;0.03169308;0.50625521;0.44453711;0.01251043;0.00083403;0.00083403;0.00000000;0.00083403;0.00083403;0.00000000;0.00000000;0.00000000;0.00000000;0.00000000;0.00000000;0.00000000
ino-like,2,121,2411,0.3069162173372045,0.0331001965175285,0.00000000;0.00082953;0.00082953;0.00000000;0.02447117;0.34176690;0.60804645;0.01949399;0.00165906;0.00082953;0.00041477;0.00041477;0.00124430;0.00000000;0.00000000;0.00000000;0.00000000;0.00000000;0.00000000;0.00000000
ino-like,2,123,1204,0.3044019933554817,0.0337221576458611,0.00000000;0.00083056;0.00083056;0.00000000;0.02657807;0.38538206;0.56478405;0.01827243;0.00000000;0.00083056;0.00083056;0.00000000;0.00166113;0.00000000;0.00000000;0.00000000;0.00000000;0.00000000;0.00000000;0.00000000
ino-like,2,125,1205,0.3152904564315353,0.0315754821142294,0.00000000;0.00082988;0.00082988;0.00000000;0.01825726;0.20000000;0.74605809;0.02821577;0.00248963;0.00082988;0.00082988;0.00000000;0.00082988;0.00082988;0.00000000;0.00000000;0.00000000;0.00000000;0.00000000;0.00000000
ino-like,2,128,1203,0.3074189526184539,0.0331958200240017,0.00000000;0.00083126;0.00083126;0.00000000;0.02244389;0.33665835;0.61512884;0.01995012;0.00083126;0.00083126;0.00083126;0.00000000;0.00166251;0.00000000;0.00000000;0.00000000;0.00000000;0.00000000;0.00000000;0.00000000
ino-like,2,129,1207,0.3100869925434962,0.032775072187622,0.00000000;0.00082850;0.00082850;0.00000000;0.02071251;0.29080365;0.66031483;0.02071251;0.00248550;0.00082850;0.00082850;0.00000000;0.00165700;0.00000000;0.00000000;0.00000000;0.00000000;0.00000000;0.00000000;0.00000000
ino-like,2,131,1207,0.321106048053024,0.0297976943699905,0.00000000;0.00000000;0.00165700;0.00000000;0.01325601;0.12344656;0.79867440;0.05716653;0.00248550;0.00082850;0.00082850;0.00000000;0.00082850;0.00082850;0.00000000;0.00000000;0.00000000;0.00000000;0.00000000;0.00000000
ino-like,2,160,4797,0.6680060454450699,0.0339463728222098,0.00000000;0.00000000;0.00000000;0.00000000;0.00000000;0.00000000;0.00000000;0.00000000;0.00083385;0.00083385;0.00250156;0.00416927;0.22555764;0.67771524;0.07692308;0.00625391;0.00312695;0.00083385;0.00062539;0.00062539
ino-like,2,163,6007,0.668199600466123,0.0338173978012373,0.00000000;0.00000000;0.00000000;0.00000000;0.00000000;0.00000000;0.00000000;0.00000000;0.00099883;0.00066589;0.00249709;0.00366239;0.22207425;0.68187115;0.07691027;0.00649243;0.00266356;0.00099883;0.00033294;0.00083236
ino-like,2,166,12204,0.6874754178957718,0.0346863050718189,0.00000000;0.00000000;0.00000000;0.00000000;0.00000000;0.00000000;0.00000000;0.00000000;0.00122911;0.00098328;0.00106522;0.00303179;0.04580465;0.66986234;0.25360538;0.01794494;0.00311373;0.00147493;0.00139299;0.00049164
ino-like,2,169,1216,0.6824424342105263,0.0314159536972251,0.00000000;0.00000000;0.00000000;0.00000000;0.00000000;0.00000000;0.00000000;0.00000000;0.00082237;0.00082237;0.00164474;0.00246711;0.05263158;0.74753289;0.18009868;0.00822368;0.00328947;0.00082237;0.00082237;0.00082237
ino-like,2,171,2402,0.7037052456286429,0.0340707088732317,0.00000000;0.00000000;0.00000000;0.00000000;0.00000000;0.00000000;0.00000000;0.00000000;0.00000000;0.00124896;0.00124896;0.00333056;0.01124063;0.42922565;0.51915071;0.02789342;0.00333056;0.00166528;0.00083264;0.00083264
ino-like,2,172,2405,0.7093659043659044,0.033207956891343,0.00000000;0.00000000;0.00000000;0.00000000;0.00000000;0.00000000;0.00000000;0.00000000;0.00000000;0.00083160;0.00166320;0.00249480;0.01039501;0.32889813;0.61288981;0.03617464;0.00332640;0.00166320;0.00083160;0.00083160
ino-like,2,173,1202,0.7139767054908485,0.032202062590301,0.00000000;0.00000000;0.00000000;0.00000000;0.00000000;0.00000000;0.00000000;0.00000000;0.00000000;0.00083195;0.00166389;0.00249584;0.00748752;0.25207987;0.68469218;0.04242928;0.00499168;0.00166389;0.00083195;0.00083195
ino-like,2,175,1200,0.7168333333333333,0.0314902983296266,0.00000000;0.00000000;0.00000000;0.00000000;0.00000000;0.00000000;0.00000000;0.00000000;0.00000000;0.00083333;0.00083333;0.00333333;0.00666667;0.20750000;0.72083333;0.05166667;0.00416667;0.00250000;0.00083333;0.00083333
ino-like,2,178,2405,0.7196569646569647,0.0305108412336096,0.00000000;0.00000000;0.00000000;0.00000000;0.00000000;0.00000000;0.00000000;0.00000000;0.00000000;0.00083160;0.00083160;0.00332640;0.00498960;0.16465696;0.75509356;0.06195426;0.00415800;0.00249480;0.00083160;0.00083160
ino-like,2,179,2404,0.7245008319467553,0.0282931013382147,0.00000000;0.00000000;0.00000000;0.00000000;0.00000000;0.00000000;0.00000000;0.00000000;0.00000000;0.00083195;0.00083195;0.00249584;0.00374376;0.09276206;0.80948419;0.08111481;0.00457571;0.00249584;0.00083195;0.00083195
ino-like,2,180,2401,0.7281653477717618,0.0285783035236984,0.00000000;0.00000000;0.00000000;0.00000000;0.00000000;0.00000000;0.00000000;0.00000000;0.00000000;0.00083299;0.00083299;0.00249896;0.00333195;0.05789254;0.80924615;0.11536860;0.00583090;0.00249896;0.00000000;0.00166597
ino-like,2,185,7207,0.7464999306230053,0.0324544824329983,0.00000000;0.00000000;0.00000000;0.00000000;0.00000000;0.00000000;0.00000000;0.00000000;0.00000000;0.00027751;0.00055502;0.00166505;0.00263633;0.01942556;0.54030803;0.41570695;0.01401415;0.00291383;0.00166505;0.00083252
ino-like,2,189,3604,0.7352663706992231,0.0307154075482815,0.00000000;0.00000000;0.00000000;0.00000000;0.00000000;0.00000000;0.00000000;0.00000000;0.00000000;0.00083241;0.00000000;0.00332963;0.00249723;0.03135405;0.72863485;0.21920089;0.00971143;0.00166482;0.00166482;0.00110988
ino-like,2,209,6014,0.8148819421350182,0.027130889488471,0.00000000;0.00000000;0.00000000;0.00000000;0.00000000;0.00000000;0.00000000;0.00000000;0.00000000;0.00000000;0.00000000;0.00083139;0.00000000;0.00332557;0.00781510;0.20435650;0.75823079;0.02144995;0.00166279;0.00232790
ino-like,2,213,1201,0.8216278101582013,0.0225154703248079,0.00000000;0.00000000;0.00000000;0.00000000;0.00000000;0.00000000;0.00000000;0.00000000;0.00000000;0.00000000;0.00000000;0.00083264;0.00000000;0.00249792;0.00499584;0.09075770;0.85928393;0.03913405;0.00166528;0.00083264
ino-like,2,216,2399,0.8220195914964568,0.0231095590874649,0.00000000;0.00000000;0.00000000;0.00000000;0.00000000;0.00000000;0.00000000;0.00000000;0.00000000;0.00000000;0.00000000;0.00083368;0.00000000;0.00250104;0.00541892;0.08837015;0.85619008;0.04376824;0.00125052;0.00166736
ino-like,2,224,3600,0.8255694444444444,0.0230116675652983,0.00000000;0.00000000;0.00000000;0.00000000;0.00000000;0.00000000;0.00000000;0.00000000;0.00000000;0.00000000;0.00000000;0.00111111;0.00000000;0.00250000;0.00388889;0.05111111;0.86222222;0.07666667;0.00083333;0.00166667
ino-like,2,229,4040,0.8307425742574257,0.025033503674965,0.00000000;0.00000000;0.00000000;0.00000000;0.00000000;0.00000000;0.00000000;0.00000000;0.00000000;0.00000000;0.00000000;0.00049505;0.00000000;0.00173267;0.00247525;0.04257426;0.78762376;0.16188119;0.00148515;0.00173267
ino-like,2,248,2398,0.8372393661384486,0.0261377837248479,0.00000000;0.00000000;0.00000000;0.00000000;0.00000000;0.00000000;0.00000000;0.00000000;0.00000000;0.00000000;0.00000000;0.00000000;0.00000000;0.00166806;0.00333611;0.01834862;0.70642202;0.26688907;0.00208507;0.00125104
ino-like,2,252,2393,0.8450167154199748,0.0282606172437323,0.00000000;0.00000000;0.00000000;0.00000000;0.00000000;0.00000000;0.00000000;0.00000000;0.00000000;0.00000000;0.00000000;0.00000000;0.00000000;0.00167154;0.00292520;0.01420811;0.56080234;0.41704973;0.00167154;0.00167154
ino-like,2,259,3598,0.8533629794330184,0.0278118926980456,0.00000000;0.00000000;0.00000000;0.00000000;0.00000000;0.00000000;0.00000000;0.00000000;0.00000000;0.00000000;0.00000000;0.00000000;0.00000000;0.00083380;0.00194553;0.01445247;0.39966648;0.57976654;0.00166759;0.00166759
ino-like,2,297,2389,0.9243093344495604,0.0116880121590511,0.00000000;0.00000000;0.00000000;0.00000000;0.00000000;0.00000000;0.00000000;0.00000000;0.00000000;0.00000000;0.00000000;0.00000000;0.00000000;0.00000000;0.00083717;0.00167434;0.00251151;0.00837170;0.97865216;0.00795312
ino-like,2,301,1195,0.9255020920502092,0.0125993539307655,0.00000000;0.00000000;0.00000000;0.00000000;0.00000000;0.00000000;0.00000000;0.00000000;0.00000000;0.00000000;0.00000000;0.00000000;0.00000000;0.00000000;0.00000000;0.00251046;0.00251046;0.00418410;0.96401674;0.02677824
ino-like,2,302,3588,0.927438684503902,0.0157598468678264,0.00000000;0.00000000;0.00000000;0.00000000;0.00000000;0.00000000;0.00000000;0.00000000;0.00000000;0.00000000;0.00000000;0.00000000;0.00000000;0.00000000;0.00000000;0.00250836;0.00250836;0.00390190;0.92586399;0.06521739
ino-like,2,313,5970,0.9409380234505864,0.0256114409522588,0.00000000;0.00000000;0.00000000;0.00000000;0.00000000;0.00000000;0.00000000;0.00000000;0.00000000;0.00000000;0.00000000;0.00000000;0.00000000;0.00000000;0.00000000;0.00251256;0.00167504;0.00251256;0.66113903;0.33216080
ino-like,2,321,3581,0.9613306339011448,0.0242645784071791,0.00000000;0.00000000;0.00000000;0.00000000;0.00000000;0.00000000;0.00000000;0.00000000;0.00000000;0.00000000;0.00000000;0.00000000;0.00000000;0.00000000;0.00000000;0.00223401;0.00111701;0.00167551;0.25774923;0.73722424
ino-like,2,340,1371,0.0477935813274981,0.1041453025508612,0.88767323;0.04084610;0.02261123;0.01021152;0.01677608;0.00437637;0.00000000;0.00145879;0.00145879;0.00072939;0.00000000;0.00291758;0.00218818;0.00000000;0.00000000;0.00000000;0.00000000;0.00072939;0.00145879;0.00656455
levi-like,85,10,1472,0.0340692934782608,0.0364101124053523,0.92187500;0.02445652;0.02785326;0.01290761;0.00543478;0.00407609;0.00339674;0.00000000;0.00000000;0.00000000;0.00000000;0.00000000;0.00000000;0.00000000;0.00000000;0.00000000;0.00000000;0.00000000;0.00000000;0.00000000
levi-like,85,52,59660,0.1879701642641636,0.1043781521224757,0.10824673;0.14064700;0.14441837;0.14592692;0.14473684;0.14621187;0.12209185;0.03687563;0.00737513;0.00241368;0.00090513;0.00013409;0.00001676;0.00000000;0.00000000;0.00000000;0.00000000;0.00000000;0.00000000;0.00000000
levi-like,85,142,64929,0.5342262317300437,0.1163394570013676,0.00050825;0.00087788;0.00118591;0.00166336;0.00269525;0.00480525;0.02621325;0.10266599;0.13186712;0.12680004;0.13896718;0.12906405;0.13580988;0.13063500;0.06265305;0.00306489;0.00023102;0.00010781;0.00010781;0.00007701
levi-like,85,340,4296,0.5130702979515829,0.3498556841237419,0.30656425;0.01606145;0.01396648;0.00721601;0.00256052;0.00186220;0.00139665;0.00023277;0.00046555;0.00093110;0.00000000;0.00162942;0.00279330;0.01210428;0.06657356;0.53817505;0.02653631;0.00069832;0.00023277;0.00000000
levi-like,85,355,1392,0.9737068965517242,0.0340898956718898,0.00000000;0.00143678;0.00000000;0.00000000;0.00000000;0.00000000;0.00000000;0.00000000;0.00000000;0.00000000;0.00000000;0.00000000;0.00000000;0.00000000;0.00000000;0.00000000;0.00000000;0.00000000;0.00000000;0.99856322
levi-like,85,356,46321,0.8609221519397249,0.0819785971359262,0.00000000;0.00000000;0.00000000;0.00004318;0.00004318;0.00004318;0.00002159;0.00004318;0.00004318;0.00015112;0.00038859;0.00056130;0.00189979;0.00874333;0.09628462;0.14017400;0.19416679;0.19157617;0.19531098;0.17050582
micro-like,4,10,665,0.032593984962406,0.0476382101003352,0.93533835;0.04360902;0.00601504;0.00150376;0.00300752;0.00451128;0.00150376;0.00300752;0.00000000;0.00000000;0.00000000;0.00000000;0.00000000;0.00000000;0.00000000;0.00000000;0.00000000;0.00000000;0.00150376;0.00000000
micro-like,4,104,1138,0.3331722319859402,0.0676559465413027,0.00087873;0.00966608;0.00175747;0.00351494;0.04745167;0.18365554;0.43321617;0.20826011;0.06063269;0.02811951;0.01845343;0.00263620;0.00000000;0.00175747;0.00000000;0.00000000;0.00000000;0.00000000;0.00000000;0.00000000
micro-like,4,340,4129,0.7326047469120853,0.3394791827365773,0.06248486;0.05158634;0.03875030;0.03414870;0.02276580;0.00968758;0.00702349;0.00145314;0.00072657;0.00000000;0.00000000;0.00000000;0.00048438;0.00000000;0.00024219;0.00871882;0.06902398;0.20319690;0.28021313;0.20949382
micro-like,4,344,7290,0.6893004115226338,0.3158429143033063,0.02112483;0.02126200;0.00809328;0.00672154;0.02469136;0.06694102;0.13662551;0.05336077;0.01481481;0.00919067;0.00507545;0.00109739;0.00068587;0.00013717;0.00054870;0.01001372;0.04540466;0.12359396;0.21961591;0.23100137
micro-like,4,346,3605,0.7218515950069349,0.3317593857640387,0.06740638;0.03467406;0.01470180;0.00499307;0.01081831;0.02884882;0.07101248;0.03411928;0.01137309;0.00499307;0.00277393;0.00055479;0.00027739;0.00027739;0.00027739;0.00748960;0.04493759;0.15783634;0.23966713;0.26296810
micro-like,4,355,6627,0.8548551380715257,0.1215131827775705,0.00075449;0.00015090;0.00135808;0.00000000;0.00000000;0.00060359;0.00000000;0.00000000;0.00015090;0.00105628;0.00060359;0.00271616;0.02942508;0.09717821;0.14214577;0.04994719;0.05477592;0.13218651;0.18666063;0.30028671
micro-like,4,360,2281,0.3469421306444542,0.0683599326092525,0.00175362;0.00745287;0.00482245;0.00087681;0.02542744;0.13765892;0.37132836;0.29943007;0.09469531;0.02805787;0.02192021;0.00482245;0.00000000;0.00175362;0.00000000;0.00000000;0.00000000;0.00000000;0.00000000;0.00000000
micro-like,4,362,1219,0.3546144380639869,0.125569804771272,0.01558655;0.01394586;0.01394586;0.00246103;0.02625103;0.12715340;0.33305989;0.29286300;0.09351928;0.02625103;0.02132896;0.00574241;0.00000000;0.00164069;0.00082034;0.00082034;0.00164069;0.00328138;0.00820345;0.01148482
micro-like,4,363,3077,0.7670539486512837,0.2886872662259772,0.02827429;0.02014950;0.00454989;0.00259994;0.00844979;0.03217420;0.07994800;0.04289893;0.01267468;0.00552486;0.00324992;0.00097498;0.00000000;0.00032499;0.00032499;0.01137472;0.06564836;0.14267143;0.24569386;0.29249269
micro-like,10,10,3178,0.0363593455003146,0.0485469403860106,0.90339836;0.05191945;0.01604783;0.00975456;0.00629327;0.00283197;0.00314663;0.00283197;0.00125865;0.00188798;0.00031466;0.00000000;0.00000000;0.00000000;0.00000000;0.00000000;0.00000000;0.00000000;0.00031466;0.00000000
micro-like,10,104,5256,0.4280536529680365,0.0733889484910938,0.00114155;0.00209285;0.00285388;0.00342466;0.00722983;0.01826484;0.05498478;0.20072298;0.37195586;0.22773973;0.07077626;0.02207002;0.00989346;0.00456621;0.00152207;0.00038052;0.00000000;0.00000000;0.00038052;0.00000000
micro-like,10,340,12076,0.11912471016893,0.1977610785828684,0.47805565;0.25571381;0.10814839;0.04281219;0.02028817;0.01217290;0.00654190;0.00770123;0.00637628;0.00356078;0.00223584;0.00115932;0.00132494;0.00215303;0.00430606;0.00579662;0.00770123;0.00877774;0.01316661;0.01200729
micro-like,10,344,29053,0.2502245895432485,0.229179790933315,0.19333632;0.22114756;0.10288094;0.03163185;0.01559219;0.01655595;0.03159743;0.09293360;0.13468489;0.07014766;0.02343992;0.00912126;0.00540392;0.00323547;0.00199635;0.00357966;0.00526624;0.00829518;0.01387120;0.01528241
micro-like,10,346,18852,0.2092589645660938,0.2505824265591356,0.32792277;0.21865054;0.09070656;0.04206450;0.02694674;0.02127095;0.02185445;0.03999576;0.06105453;0.03787397;0.01453427;0.00689582;0.00567579;0.00541057;0.00594101;0.00896457;0.01405686;0.01681519;0.01761086;0.01575430
micro-like,10,355,20292,0.826865267100335,0.1532400093809593,0.00537158;0.00758920;0.00611078;0.00275971;0.00177410;0.00049281;0.00029568;0.00103489;0.00103489;0.00167554;0.00409028;0.00882121;0.01438991;0.02725212;0.09895525;0.20017741;0.16528681;0.11551350;0.10408043;0.23329391
micro-like,10,360,10538,0.4458768267223382,0.07339223661168,0.00161321;0.00094895;0.00218258;0.00436515;0.00265705;0.01338015;0.03738850;0.13266274;0.33289049;0.30185994;0.11719491;0.03188461;0.01224141;0.00597836;0.00113874;0.00123363;0.00000000;0.00000000;0.00018979;0.00018979
micro-like,10,362,7059,0.3953357416064598,0.1792751552369248,0.06119847;0.06119847;0.03286585;0.01728290;0.01629126;0.01685791;0.03541578;0.10029749;0.24663550;0.23714407;0.09448930;0.02677433;0.01246636;0.00580819;0.00524154;0.00396657;0.00509987;0.00651650;0.00779147;0.00665817
micro-like,10,363,9861,0.2690776797485041,0.2850870586696669,0.27502282;0.19227259;0.07828821;0.03275530;0.01683399;0.01399452;0.01997769;0.05242876;0.09907717;0.06510496;0.02200588;0.01034378;0.00557753;0.00385356;0.00476625;0.00618599;0.01267620;0.01835514;0.03265389;0.03782578
micro-like,19,10,1021,0.0410137120470127,0.043653831570716,0.84329089;0.06660137;0.04309500;0.02644466;0.01665034;0.00293830;0.00000000;0.00097943;0.00000000;0.00000000;0.00000000;0.00000000;0.00000000;0.00000000;0.00000000;0.00000000;0.00000000;0.00000000;0.00000000;0.00000000
micro-like,19,104,1631,0.4571888412017167,0.0843160016134955,0.00306560;0.00674433;0.00306560;0.00367872;0.00919681;0.01839362;0.03004292;0.06069896;0.26118945;0.35867566;0.17473942;0.03678725;0.02329859;0.00919681;0.00122624;0.00000000;0.00000000;0.00000000;0.00000000;0.00000000
micro-like,19,340,1744,0.1611525229357798,0.2432377685678254,0.50401376;0.14105505;0.07511468;0.06479358;0.05275229;0.02064220;0.01032110;0.00688073;0.00802752;0.01032110;0.00458716;0.00458716;0.00974771;0.00745413;0.00974771;0.01204128;0.01146789;0.00860092;0.02006881;0.01777523
micro-like,19,344,13183,0.5196218614882804,0.2422896874571242,0.03838277;0.04141698;0.05476750;0.03580369;0.01767428;0.01115072;0.01539862;0.03428658;0.10119093;0.10672836;0.04604415;0.02412198;0.03709323;0.14458014;0.12880225;0.11537586;0.01441250;0.00887507;0.01464007;0.00925434
micro-like,19,346,12401,0.6575860817675995,0.2683334110372576,0.05072172;0.03894847;0.02257882;0.01572454;0.01653092;0.00919281;0.00814450;0.01128941;0.02580437;0.03080397;0.02112733;0.01217644;0.02225627;0.05410854;0.06652689;0.21974034;0.16418031;0.17167970;0.02265946;0.01580518
micro-like,19,355,32624,0.9304806277587052,0.0660696089327013,0.00006130;0.00006130;0.00027587;0.00027587;0.00006130;0.00000000;0.00000000;0.00000000;0.00079696;0.00177783;0.00186979;0.00401545;0.00355566;0.00186979;0.00426067;0.00744850;0.02869053;0.14765204;0.33401790;0.46330922
micro-like,19,360,3275,0.4740534351145039,0.0873303207995257,0.00488550;0.00366412;0.00580153;0.00305344;0.00610687;0.01587786;0.02259542;0.04091603;0.17770992;0.36396947;0.24396947;0.06259542;0.03419847;0.01038168;0.00427481;0.00000000;0.00000000;0.00000000;0.00000000;0.00000000
micro-like,19,362,16400,0.5017347560975609,0.108783642452275,0.00750000;0.00835366;0.00859756;0.00621951;0.00621951;0.01231707;0.01536585;0.02707317;0.07286585;0.24359756;0.32676829;0.18493902;0.03835366;0.02432927;0.00939024;0.00237805;0.00109756;0.00134146;0.00158537;0.00170732
micro-like,19,363,2612,0.4079441041347626,0.2728828147141383,0.10413476;0.08154671;0.09150077;0.06546708;0.03024502;0.01646248;0.01225115;0.02335375;0.08460949;0.12327718;0.06431853;0.02029096;0.02373660;0.07350689;0.07044410;0.05589587;0.01378254;0.01148545;0.01607963;0.01761103
picorna-like,3,10,518,0.0357142857142857,0.0436738463366054,0.90154440;0.05598456;0.01544402;0.01158301;0.00193050;0.00579151;0.00193050;0.00193050;0.00386100;0.00000000;0.00000000;0.00000000;0.00000000;0.00000000;0.00000000;0.00000000;0.00000000;0.00000000;0.00000000;0.00000000
picorna-like,3,10,518,0.0357142857142857,0.0436738463366054,0.90154440;0.05598456;0.01544402;0.01158301;0.00193050;0.00579151;0.00193050;0.00193050;0.00386100;0.00000000;0.00000000;0.00000000;0.00000000;0.00000000;0.00000000;0.00000000;0.00000000;0.00000000;0.00000000;0.00000000
picorna-like,3,104,880,0.6008522727272727,0.0720981086268009,0.00000000;0.00000000;0.00454545;0.00227273;0.00227273;0.00000000;0.00227273;0.00000000;0.00454545;0.03750000;0.12045455;0.22272727;0.44318182;0.12272727;0.02727273;0.00909091;0.00113636;0.00000000;0.00000000;0.00000000
picorna-like,3,340,3046,0.209881812212738,0.3025506081141714,0.40282337;0.23374918;0.06434668;0.04530532;0.02757715;0.02790545;0.01739987;0.01050558;0.00689429;0.00689429;0.00558109;0.00525279;0.00886408;0.00689429;0.00426789;0.00262640;0.00492449;0.01739987;0.04399212;0.05679580
picorna-like,3,340,3046,0.209881812212738,0.3025506081141714,0.40282337;0.23374918;0.06434668;0.04530532;0.02757715;0.02790545;0.01739987;0.01050558;0.00689429;0.00689429;0.00558109;0.00525279;0.00886408;0.00689429;0.00426789;0.00262640;0.00492449;0.01739987;0.04399212;0.05679580
picorna-like,3,341,25579,0.1602163884436452,0.2063490534737219,0.20864772;0.23108800;0.27381837;0.15328981;0.02916455;0.01540326;0.01118105;0.00906994;0.00402674;0.00316666;0.00238477;0.00113374;0.00074280;0.00156378;0.00078189;0.00054732;0.00066461;0.00488682;0.01798350;0.03045467
picorna-like,3,344,17265,0.4406067187952504,0.1992648332469442,0.06626122;0.05293947;0.01372719;0.00660295;0.00845641;0.01251086;0.03724298;0.09591659;0.12180712;0.24147118;0.15725456;0.05560382;0.06064292;0.01413264;0.00642919;0.00283811;0.00173762;0.00538662;0.01633362;0.02270489
picorna-like,3,344,17265,0.4406067187952504,0.1992648332469442,0.06626122;0.05293947;0.01372719;0.00660295;0.00845641;0.01251086;0.03724298;0.09591659;0.12180712;0.24147118;0.15725456;0.05560382;0.06064292;0.01413264;0.00642919;0.00283811;0.00173762;0.00538662;0.01633362;0.02270489
picorna-like,3,346,5559,0.3218609462133477,0.2901444403712804,0.22162259;0.15920130;0.05612520;0.03669725;0.02788271;0.02464472;0.03507825;0.03453859;0.07285483;0.06799784;0.04353301;0.03471847;0.04767044;0.01978773;0.01169275;0.01151286;0.01313186;0.01601007;0.03202015;0.03327937
picorna-like,3,346,5559,0.3218609462133477,0.2901444403712804,0.22162259;0.15920130;0.05612520;0.03669725;0.02788271;0.02464472;0.03507825;0.03453859;0.07285483;0.06799784;0.04353301;0.03471847;0.04767044;0.01978773;0.01169275;0.01151286;0.01313186;0.01601007;0.03202015;0.03327937
picorna-like,3,347,2275,0.4342307692307692,0.2980826302183168,0.14109890;0.08439560;0.02813187;0.01846154;0.01406593;0.02725275;0.01934066;0.06329670;0.12747253;0.13626374;0.10021978;0.02813187;0.01142857;0.01054945;0.00923077;0.00791209;0.00967033;0.01890110;0.05846154;0.08571429
picorna-like,3,355,5559,0.664296636085627,0.2196532574065627,0.00467710;0.00575643;0.00377766;0.00161900;0.00107933;0.00000000;0.00791509;0.05630509;0.10613420;0.11261018;0.12700126;0.07681238;0.01672963;0.00449721;0.02194639;0.03867602;0.13077892;0.12412304;0.03651736;0.12304371
picorna-like,3,355,5559,0.664296636085627,0.2196532574065627,0.00467710;0.00575643;0.00377766;0.00161900;0.00107933;0.00000000;0.00791509;0.05630509;0.10613420;0.11261018;0.12700126;0.07681238;0.01672963;0.00449721;0.02194639;0.03867602;0.13077892;0.12412304;0.03651736;0.12304371
picorna-like,3,360,1908,0.6016509433962265,0.0818653709216117,0.00000000;0.00000000;0.00209644;0.00419287;0.00209644;0.00157233;0.00209644;0.00366876;0.03039832;0.06551363;0.08490566;0.14884696;0.41876310;0.19287212;0.03459119;0.00838574;0.00000000;0.00000000;0.00000000;0.00000000
picorna-like,3,362,4112,0.4504255836575876,0.1530329362553679,0.02529183;0.01969844;0.00851167;0.01240272;0.01021401;0.02431907;0.09192607;0.09508755;0.22981518;0.19114786;0.05155642;0.05082685;0.10943580;0.05252918;0.01142996;0.00437743;0.00218872;0.00364786;0.00364786;0.00194553
picorna-like,3,362,4112,0.4504255836575876,0.1530329362553679,0.02529183;0.01969844;0.00851167;0.01240272;0.01021401;0.02431907;0.09192607;0.09508755;0.22981518;0.19114786;0.05155642;0.05082685;0.10943580;0.05252918;0.01142996;0.00437743;0.00218872;0.00364786;0.00364786;0.00194553
picorna-like,3,363,2370,0.3810548523206751,0.3380763482475334,0.25738397;0.13122363;0.04936709;0.01814346;0.01561181;0.01308017;0.01223629;0.01729958;0.03080169;0.03755274;0.06033755;0.04978903;0.09029536;0.03375527;0.01308017;0.00675105;0.00717300;0.02151899;0.06582278;0.06877637
picorna-like,3,363,2370,0.3810548523206751,0.3380763482475334,0.25738397;0.13122363;0.04936709;0.01814346;0.01561181;0.01308017;0.01223629;0.01729958;0.03080169;0.03755274;0.06033755;0.04978903;0.09029536;0.03375527;0.01308017;0.00675105;0.00717300;0.02151899;0.06582278;0.06877637
picorna-like,47,10,534,0.0387640449438202,0.041424410416987,0.85205993;0.08801498;0.02621723;0.01310861;0.00936330;0.00936330;0.00187266;0.00000000;0.00000000;0.00000000;0.00000000;0.00000000;0.00000000;0.00000000;0.00000000;0.00000000;0.00000000;0.00000000;0.00000000;0.00000000
picorna-like,47,104,796,0.310929648241206,0.0561249957784635,0.00000000;0.00000000;0.00000000;0.00879397;0.11180905;0.31155779;0.36809045;0.14447236;0.03517588;0.01507538;0.00502513;0.00000000;0.00000000;0.00000000;0.00000000;0.00000000;0.00000000;0.00000000;0.00000000;0.00000000
picorna-like,47,340,2136,0.0789559925093632,0.0967013817862533,0.47986891;0.27059925;0.13904494;0.05571161;0.02294007;0.01404494;0.00561798;0.00468165;0.00000000;0.00000000;0.00000000;0.00000000;0.00000000;0.00000000;0.00000000;0.00000000;0.00000000;0.00000000;0.00749064;0.00000000
picorna-like,47,344,4289,0.2935824201445558,0.2776802371180069,0.18792259;0.15434833;0.05735603;0.03753789;0.07134530;0.12753556;0.12683609;0.04220098;0.01165773;0.00512940;0.00186524;0.00000000;0.00000000;0.00256470;0.03054325;0.05502448;0.00816041;0.00489625;0.07414316;0.00093262
picorna-like,47,346,3292,0.2926184690157958,0.3338820998814228,0.28402187;0.19258809;0.08171324;0.04647631;0.03159174;0.04678007;0.05072904;0.01822600;0.00425273;0.00182260;0.00060753;0.00000000;0.00000000;0.00151883;0.02430134;0.08414338;0.01032807;0.00334143;0.06956258;0.04799514
picorna-like,47,355,56524,0.7973621824357795,0.1256952360305986,0.00035383;0.00077843;0.00028307;0.00003538;0.00005307;0.00007077;0.00001769;0.00000000;0.00000000;0.00000000;0.00438752;0.03356097;0.10200977;0.13139551;0.12398273;0.08730805;0.11637534;0.13518152;0.12557498;0.13863138
picorna-like,47,360,3180,0.5546069182389937,0.2293996873492018,0.00000000;0.00000000;0.00000000;0.00062893;0.01698113;0.13176101;0.20062893;0.10345912;0.03270440;0.01037736;0.00283019;0.00000000;0.00000000;0.00314465;0.05943396;0.35031447;0.07358491;0.00911950;0.00345912;0.00157233
picorna-like,47,362,2291,0.5930925360104757,0.2725732690211615,0.02880838;0.02051506;0.01134876;0.00742034;0.01222174;0.09297250;0.13924051;0.07638586;0.02357049;0.00698385;0.00218245;0.00000000;0.00000000;0.00174596;0.02706242;0.23657791;0.21300742;0.02138804;0.07551288;0.00305543
picorna-like,47,363,1797,0.2676822481914301,0.2891434509118007,0.28881469;0.17751809;0.08625487;0.03617140;0.03338898;0.05509182;0.06176962;0.02615470;0.00723428;0.00222593;0.00111297;0.00000000;0.00000000;0.00278242;0.04952699;0.15136338;0.01279911;0.00333890;0.00278242;0.00166945
picorna-like,52,10,157,0.1218152866242038,0.1966018259907054,0.76433121;0.01910828;0.03821656;0.00000000;0.00000000;0.00000000;0.00000000;0.00000000;0.00000000;0.00000000;0.12101911;0.05732484;0.00000000;0.00000000;0.00000000;0.00000000;0.00000000;0.00000000;0.00000000;0.00000000
picorna-like,52,104,3168,0.4877051767676767,0.261874625813419,0.00852273;0.02998737;0.12720960;0.07260101;0.03061869;0.01925505;0.02525253;0.03598485;0.05618687;0.09438131;0.10732323;0.05650253;0.02967172;0.02493687;0.04040404;0.06060606;0.13131313;0.02209596;0.01136364;0.01578283
picorna-like,52,340,2262,0.2956896551724138,0.3300367876890184,0.22148541;0.15605659;0.13969938;0.09593280;0.06763926;0.04111406;0.03138815;0.00795756;0.00353669;0.00132626;0.00221043;0.00663130;0.01193634;0.01016799;0.00884173;0.01193634;0.03006189;0.03271441;0.04818744;0.07117595
picorna-like,52,344,5985,0.5124018379281537,0.2821833062196802,0.01904762;0.03575606;0.11662490;0.06232247;0.02823726;0.02038429;0.02506266;0.03408521;0.04878864;0.07652464;0.08955723;0.04377611;0.03391813;0.03592314;0.04310777;0.06031746;0.11812865;0.03174603;0.03709273;0.03959900
picorna-like,52,346,5584,0.5171740687679083,0.3123969763717246,0.04674069;0.08649713;0.07700573;0.04871060;0.03098138;0.02471347;0.02256447;0.02632521;0.04817335;0.05694842;0.04441261;0.03277221;0.03384670;0.04297994;0.05533668;0.06285817;0.07987106;0.06250000;0.05426218;0.06250000
picorna-like,52,355,812,0.886514778325123,0.1482651599782447,0.00246305;0.00123153;0.00000000;0.00246305;0.00000000;0.00000000;0.02093596;0.00000000;0.00000000;0.00000000;0.00000000;0.00738916;0.04679803;0.03940887;0.02463054;0.04187192;0.06896552;0.05418719;0.16009852;0.52955665
picorna-like,52,360,6288,0.4983142493638677,0.2606028106361469,0.00826972;0.02226463;0.11466285;0.07999364;0.03641858;0.02433206;0.01781170;0.02973919;0.04611959;0.09064885;0.11116412;0.07522265;0.02894402;0.02671756;0.03323791;0.05756997;0.13772265;0.03403308;0.01463104;0.01049618
picorna-like,52,362,3519,0.5161622620062518,0.2722612969117661,0.01335607;0.02699631;0.10628019;0.07189542;0.03694231;0.02443876;0.01506110;0.02870134;0.03978403;0.07871554;0.10088093;0.07104291;0.03466894;0.03381643;0.03097471;0.05541347;0.13384484;0.04518329;0.02841716;0.02358625
picorna-like,52,363,2213,0.5430524175327609,0.2943405827186265,0.02892002;0.03117939;0.09896069;0.05919566;0.02756439;0.01852689;0.02304564;0.02485314;0.04202440;0.06642567;0.08224130;0.05196566;0.03208315;0.03163127;0.04066878;0.06100316;0.11568007;0.04338003;0.05015816;0.07049254
picorna-like,60,10,253,0.025395256916996,0.0062745090380978,0.99604743;0.00000000;0.00395257;0.00000000;0.00000000;0.00000000;0.00000000;0.00000000;0.00000000;0.00000000;0.00000000;0.00000000;0.00000000;0.00000000;0.00000000;0.00000000;0.00000000;0.00000000;0.00000000;0.00000000
picorna-like,60,96,756,0.3363095238095238,0.2567367549414545,0.00000000;0.05291005;0.24206349;0.31349206;0.03968254;0.00396825;0.00132275;0.00000000;0.00000000;0.00000000;0.01058201;0.01851852;0.05555556;0.09259259;0.16402116;0.00264550;0.00132275;0.00000000;0.00000000;0.00132275
picorna-like,60,104,483,0.406055900621118,0.2767721424227704,0.00000000;0.07660455;0.22360248;0.18426501;0.02691511;0.00414079;0.00000000;0.00000000;0.00000000;0.00000000;0.01656315;0.01449275;0.07039337;0.13043478;0.24637681;0.00414079;0.00000000;0.00000000;0.00000000;0.00207039
picorna-like,60,344,1891,0.5476599682707562,0.2368392256461176,0.02115283;0.05393971;0.07297726;0.05129561;0.01269170;0.00846113;0.00898995;0.00581703;0.00158646;0.00740349;0.02273929;0.04653622;0.14436806;0.31464833;0.19407721;0.01269170;0.00581703;0.00317292;0.00528821;0.00634585
picorna-like,60,346,2374,0.4800968828980623,0.1828277921041652,0.01979781;0.01221567;0.00589722;0.01137321;0.04970514;0.06655434;0.01305813;0.03496209;0.14574558;0.34751474;0.10446504;0.00294861;0.00968829;0.00758214;0.02653749;0.08382477;0.03622578;0.00758214;0.00589722;0.00842460
picorna-like,60,347,3556,0.4699803149606299,0.2556217736736324,0.00590551;0.00253093;0.00365579;0.03290214;0.19741282;0.28796400;0.03262092;0.00224972;0.00084364;0.00056243;0.00056243;0.00196850;0.01574803;0.05314961;0.08830146;0.20163105;0.06271091;0.00281215;0.00365579;0.00281215
picorna-like,60,355,267,0.9583333333333334,0.085532772555458,0.00000000;0.00000000;0.00000000;0.00000000;0.00000000;0.00000000;0.01123596;0.00000000;0.00749064;0.00000000;0.00000000;0.00000000;0.00000000;0.00000000;0.00000000;0.00000000;0.01123596;0.02996255;0.01123596;0.92883895
picorna-like,60,360,2188,0.5141224862888482,0.257609169252634,0.00000000;0.01782450;0.10877514;0.18235832;0.02193784;0.00365631;0.00137112;0.00000000;0.00000000;0.00000000;0.01599634;0.02833638;0.06032907;0.17687386;0.35831810;0.02010969;0.00182815;0.00000000;0.00000000;0.00228519
picorna-like,60,361,552,0.4845108695652174,0.27454695202708,0.01811594;0.00905797;0.01811594;0.05978261;0.24818841;0.13768116;0.01630435;0.00362319;0.00181159;0.00362319;0.00181159;0.00543478;0.01630435;0.03079710;0.10507246;0.27898551;0.01449275;0.01268116;0.00724638;0.01086957
picorna-like,60,362,5749,0.4186336754218124,0.2649125109586512,0.00278309;0.00382675;0.04522526;0.18890242;0.28439729;0.06383719;0.01252392;0.00156549;0.00156549;0.00086972;0.00104366;0.01078448;0.01600278;0.04035484;0.10384415;0.21499391;0.00417464;0.00226126;0.00104366;0.00000000
picorna-like,60,363,817,0.4311199510403916,0.2414876381295693,0.00734394;0.04161567;0.12974296;0.12974296;0.04039168;0.00734394;0.00979192;0.02570379;0.07955936;0.16523868;0.02937576;0.01591187;0.05263158;0.07955936;0.15422277;0.00244798;0.00244798;0.00122399;0.00734394;0.01835985
picorna-like,63,10,1457,0.0342656142759094,0.0379186917512788,0.89704873;0.05833905;0.02676733;0.01166781;0.00343171;0.00068634;0.00068634;0.00000000;0.00068634;0.00000000;0.00000000;0.00000000;0.00000000;0.00000000;0.00000000;0.00000000;0.00000000;0.00068634;0.00000000;0.00000000
picorna-like,63,104,2183,0.2927966101694915,0.0734001816577542,0.00091617;0.00549702;0.01969766;0.03847916;0.18689876;0.31058177;0.27759963;0.09344938;0.04855703;0.00870362;0.00641319;0.00091617;0.00000000;0.00045809;0.00000000;0.00091617;0.00091617;0.00000000;0.00000000;0.00000000
picorna-like,63,340,6174,0.2553692905733722,0.3259808050539238,0.40006479;0.19727891;0.07175251;0.03579527;0.01376741;0.00599287;0.00323939;0.00178167;0.00259151;0.00485909;0.00923226;0.01441529;0.02089407;0.02607710;0.03530936;0.03368967;0.03449951;0.03449951;0.03190800;0.02235180
picorna-like,63,344,13773,0.3789533870616424,0.3150641070776105,0.16002323;0.11246642;0.04958978;0.03543164;0.07565527;0.10876352;0.07797865;0.02817106;0.01452116;0.00675234;0.00958397;0.01394032;0.01757061;0.02366950;0.04900893;0.06556306;0.03652073;0.04174835;0.04646773;0.02657373
picorna-like,63,346,13767,0.4690037771482531,0.3522213656898653,0.18340960;0.11229752;0.04597952;0.02476938;0.02564103;0.03072565;0.02469674;0.01089562;0.00762693;0.00958815;0.01714244;0.02367981;0.03283213;0.04634270;0.06849713;0.09268541;0.07605143;0.06958669;0.05731096;0.04024116
picorna-like,63,355,155101,0.7766424781271559,0.1443674532300519,0.00026434;0.00056092;0.00016763;0.00007737;0.00014184;0.00068343;0.00165698;0.00324950;0.00780782;0.01754985;0.03010941;0.05213377;0.08955455;0.11462853;0.10987034;0.09256549;0.11117272;0.11950922;0.11947054;0.12882573
picorna-like,63,360,7909,0.5159217347325831,0.2382019988500065,0.00113794;0.00151726;0.00821849;0.01618409;0.06435706;0.14565685;0.18447338;0.07978253;0.03426476;0.01100013;0.00556328;0.00771273;0.01517259;0.01921861;0.07662157;0.21494500;0.09621950;0.00720698;0.00771273;0.00303452
picorna-like,63,362,5480,0.5354744525547446,0.2748469270138087,0.03321168;0.02408759;0.02262774;0.01660584;0.04835766;0.10529197;0.13540146;0.06277372;0.02554745;0.01149635;0.01167883;0.01332117;0.02062044;0.02572993;0.06259124;0.16478102;0.12062044;0.03996350;0.04233577;0.01295620
picorna-like,63,363,6401,0.4239298547102015,0.3649683136149506,0.22262147;0.12466802;0.05874082;0.02983909;0.02858928;0.03405718;0.03546321;0.01390408;0.00718638;0.00531167;0.00921731;0.01437275;0.01827839;0.02437119;0.05092954;0.08842368;0.05249180;0.05327293;0.06139666;0.06686455
picorna-like,67,10,355,0.0724647887323943,0.0907359318216709,0.72676056;0.04507042;0.04225352;0.06478873;0.04225352;0.03943662;0.02535211;0.00845070;0.00281690;0.00281690;0.00000000;0.00000000;0.00000000;0.00000000;0.00000000;0.00000000;0.00000000;0.00000000;0.00000000;0.00000000
picorna-like,67,104,452,0.4082964601769911,0.0662922644337394,0.00000000;0.00000000;0.00000000;0.00000000;0.00442478;0.01106195;0.11946903;0.43805310;0.19247788;0.10619469;0.10176991;0.02212389;0.00442478;0.00000000;0.00000000;0.00000000;0.00000000;0.00000000;0.00000000;0.00000000
picorna-like,67,340,1276,0.1291144200626959,0.1010947106087402,0.30564263;0.14968652;0.15517241;0.17163009;0.08542320;0.06739812;0.04780564;0.01253918;0.00235110;0.00078370;0.00000000;0.00000000;0.00000000;0.00000000;0.00000000;0.00000000;0.00000000;0.00000000;0.00156740;0.00000000
picorna-like,67,344,2523,0.3042508917954816,0.2196692322910431,0.10305192;0.08363060;0.10978993;0.08997226;0.07372176;0.04003171;0.10027745;0.16409037;0.05984939;0.03646453;0.03012287;0.00832342;0.00118906;0.00039635;0.00356718;0.05866033;0.02417757;0.00237812;0.00554895;0.00475624
picorna-like,67,346,2372,0.2279932546374367,0.2364264124862333,0.22681282;0.15008432;0.12563238;0.11003373;0.08811130;0.04932546;0.04342327;0.05438449;0.02192243;0.01053963;0.01011804;0.00210793;0.00042159;0.00000000;0.00337268;0.04721754;0.04173693;0.00421585;0.00674536;0.00379427
picorna-like,67,355,29114,0.8321580682833001,0.108231529486815,0.00020609;0.00061826;0.00072130;0.00013739;0.00013739;0.00013739;0.00000000;0.00000000;0.00006870;0.00089304;0.00068695;0.00178608;0.02095212;0.09727279;0.14240572;0.12643402;0.12073229;0.16115958;0.16061002;0.16504087
picorna-like,67,360,1788,0.6194630872483222,0.2022111890290568,0.00000000;0.00000000;0.00000000;0.00000000;0.00223714;0.00055928;0.02348993;0.17505593;0.16722595;0.05536913;0.06040268;0.01286353;0.00503356;0.00000000;0.01398210;0.14149888;0.29753915;0.02125280;0.01733781;0.00615213
picorna-like,67,362,1223,0.5018601798855273,0.2906770835087535,0.07604252;0.05069501;0.05560098;0.02861815;0.01880621;0.01226492;0.01880621;0.13082584;0.12673753;0.04006541;0.04497138;0.00981194;0.00408831;0.00000000;0.00981194;0.05641864;0.26001635;0.02207686;0.02861815;0.00572363
picorna-like,67,363,1107,0.3134372177055103,0.282150402252211,0.15537489;0.12104788;0.12104788;0.09033424;0.07136405;0.04426378;0.05510388;0.06955736;0.03252033;0.01716350;0.01445348;0.00180668;0.00000000;0.00000000;0.00722674;0.10298103;0.06955736;0.00632340;0.01264679;0.00722674
picorna-like,77,10,814,0.0399877149877149,0.0500877593116547,0.87346437;0.05405405;0.03194103;0.01597052;0.00614251;0.00859951;0.00491400;0.00245700;0.00245700;0.00000000;0.00000000;0.00000000;0.00000000;0.00000000;0.00000000;0.00000000;0.00000000;0.00000000;0.00000000;0.00000000
picorna-like,77,104,1343,0.4841213700670141,0.1376208957900774,0.00000000;0.00000000;0.00000000;0.00000000;0.00372301;0.02903946;0.05658972;0.18093820;0.22859270;0.18019360;0.10201042;0.06552494;0.02755026;0.03127327;0.02010424;0.03052867;0.01638124;0.01265823;0.01191363;0.00297841
picorna-like,77,340,2240,0.0848660714285714,0.1002273304913558,0.46785714;0.22857143;0.15625000;0.08303571;0.03526786;0.01026786;0.00625000;0.00178571;0.00223214;0.00000000;0.00000000;0.00044643;0.00000000;0.00000000;0.00000000;0.00044643;0.00133929;0.00133929;0.00223214;0.00267857
picorna-like,77,344,5334,0.333689538807649,0.2425163127638122,0.12017248;0.13742032;0.08286464;0.04124484;0.02605924;0.02512186;0.04874391;0.12073491;0.10479940;0.08117735;0.04743157;0.02662167;0.01631046;0.01987252;0.02399700;0.03505812;0.01631046;0.00918635;0.01031121;0.00656168
picorna-like,77,346,2683,0.2080227357435706,0.2140640120901411,0.23891167;0.21580321;0.13455088;0.07417070;0.03466269;0.02199031;0.02497205;0.04994409;0.06112561;0.04509877;0.02609020;0.01565412;0.00708163;0.00894521;0.00708163;0.00708163;0.00596347;0.00670891;0.00819978;0.00596347
picorna-like,77,355,7132,0.9320527201346046,0.1086036959971628,0.00112170;0.00434661;0.00602916;0.00070107;0.00070107;0.00042064;0.00000000;0.00014021;0.00000000;0.00000000;0.00000000;0.00000000;0.00000000;0.00056085;0.00322490;0.01626472;0.05916994;0.10053281;0.16446999;0.64231632
picorna-like,77,360,2688,0.5136160714285714,0.1388216403769501,0.00148810;0.00000000;0.00000000;0.00000000;0.00074405;0.00855655;0.03757440;0.08668155;0.22916667;0.21875000;0.15290179;0.08444940;0.04352679;0.02269345;0.02566964;0.02120536;0.02715774;0.01562500;0.01302083;0.01078869
picorna-like,77,362,1454,0.4907496561210453,0.173094524738305,0.02544704;0.01375516;0.01306740;0.00894085;0.00412655;0.00894085;0.03507565;0.07221458;0.20701513;0.20426410;0.15612105;0.07634113;0.04264099;0.02063274;0.02613480;0.01788171;0.02200825;0.01925722;0.01444292;0.01169188
picorna-like,77,363,1869,0.2382958801498127,0.256553584608419,0.26324238;0.18780096;0.12038523;0.05457464;0.02889246;0.02461209;0.01605136;0.03959337;0.08132691;0.04815409;0.03049759;0.01498127;0.00749064;0.00695559;0.00588550;0.00535045;0.00481541;0.01123596;0.01819155;0.02996255
picorna-like,78,10,669,0.0953288490284006,0.1116430333504322,0.64275037;0.04633782;0.04633782;0.06128550;0.07174888;0.06278027;0.02242152;0.03139013;0.00896861;0.00448430;0.00000000;0.00149477;0.00000000;0.00000000;0.00000000;0.00000000;0.00000000;0.00000000;0.00000000;0.00000000
picorna-like,78,104,712,0.4933286516853932,0.1158948519442119,0.00000000;0.00000000;0.00280899;0.00702247;0.00140449;0.01685393;0.03651685;0.12921348;0.19382022;0.18820225;0.11235955;0.16853933;0.05758427;0.03932584;0.02247191;0.00702247;0.00702247;0.00842697;0.00000000;0.00140449
picorna-like,78,340,2295,0.1717538126361656,0.1846663550929858,0.29411765;0.14553377;0.11633987;0.13028322;0.10283224;0.07189542;0.04270153;0.02570806;0.01568627;0.00784314;0.00305011;0.00043573;0.00043573;0.00043573;0.00217865;0.00392157;0.01176471;0.01045752;0.01176471;0.00261438
picorna-like,78,344,4991,0.4020486876377479,0.3070429629869352,0.10058105;0.09376878;0.07032659;0.07814065;0.06752154;0.05509918;0.04147465;0.05810459;0.05970747;0.05549990;0.03686636;0.04548187;0.01242236;0.01081948;0.01061911;0.01262272;0.02905229;0.04488079;0.05389701;0.06311360
picorna-like,78,346,3963,0.2274350239717386,0.2226846281359416,0.20136260;0.14685844;0.12086803;0.11455968;0.09841030;0.06989654;0.05172849;0.03658844;0.03103709;0.02271007;0.01135503;0.01589705;0.00832702;0.00454201;0.00479435;0.00883169;0.01312137;0.01564471;0.01463538;0.00883169
picorna-like,78,355,21017,0.8708485987533902,0.0918453372898315,0.00019032;0.00052339;0.00042822;0.00042822;0.00052339;0.00019032;0.00009516;0.00038064;0.00009516;0.00066613;0.00104677;0.00271209;0.00713708;0.01903221;0.04857972;0.11519246;0.17528667;0.20102774;0.20497692;0.22148737
picorna-like,78,360,1416,0.5125353107344632,0.1154012229396937,0.00000000;0.00000000;0.00000000;0.00564972;0.00564972;0.00706215;0.02683616;0.08192090;0.19209040;0.19067797;0.13629944;0.14336158;0.11228814;0.04237288;0.02189266;0.01694915;0.00353107;0.00847458;0.00494350;0.00000000
picorna-like,78,362,1272,0.385062893081761,0.2260043881561681,0.07547170;0.06839623;0.06996855;0.07389937;0.04088050;0.03066038;0.03852201;0.05503145;0.11084906;0.11399371;0.08018868;0.07783019;0.06918239;0.02437107;0.02279874;0.01257862;0.00786164;0.01022013;0.01572327;0.00157233
picorna-like,78,363,3620,0.5636049723756906,0.3796288734043247,0.09558011;0.08480663;0.06160221;0.05165746;0.04723757;0.03977901;0.02182320;0.02154696;0.01602210;0.01657459;0.00883978;0.01353591;0.00469613;0.00386740;0.00801105;0.02430939;0.05497238;0.08646409;0.14281768;0.19585635
picorna-like,79,10,1480,0.0443243243243243,0.0559459459459459,0.82094595;0.09662162;0.03581081;0.01486486;0.01351351;0.00270270;0.00878378;0.00337838;0.00067568;0.00270270;0.00000000;0.00000000;0.00000000;0.00000000;0.00000000;0.00000000;0.00000000;0.00000000;0.00000000;0.00000000
picorna-like,79,104,2062,0.3742240543161979,0.0577578076855844,0.00000000;0.00000000;0.00000000;0.00000000;0.00290980;0.03152279;0.29534433;0.45586809;0.14306499;0.03685742;0.01891368;0.00775946;0.00436469;0.00145490;0.00000000;0.00096993;0.00096993;0.00000000;0.00000000;0.00000000
picorna-like,79,340,5390,0.0828756957328385,0.0892695327842265,0.46456401;0.27532468;0.12690167;0.05194805;0.02987013;0.01502783;0.01576994;0.01038961;0.00463822;0.00111317;0.00129870;0.00018553;0.00055659;0.00000000;0.00000000;0.00018553;0.00074212;0.00037106;0.00037106;0.00074212
picorna-like,79,344,13403,0.2527475192121167,0.2376315490112882,0.21323584;0.19368798;0.08833843;0.03760352;0.01850332;0.02574051;0.12377826;0.12683728;0.03529061;0.01141535;0.00641647;0.00276058;0.00164142;0.00134298;0.01298217;0.07640081;0.01939864;0.00171603;0.00082071;0.00208908
picorna-like,79,346,13580,0.1896097201767304,0.217905485368152,0.26597938;0.22275405;0.13004418;0.09366716;0.05721649;0.03011782;0.03792342;0.04484536;0.01796760;0.00537555;0.00235641;0.00095729;0.00081001;0.00081001;0.00839470;0.05559647;0.02106038;0.00243004;0.00095729;0.00073638
picorna-like,79,355,162806,0.8153741262607028,0.1175402962331957,0.00065108;0.00089063;0.00026412;0.00015970;0.00009213;0.00007371;0.00008599;0.00003071;0.00001843;0.00017813;0.00191025;0.01135093;0.05642912;0.12333698;0.13619277;0.10388438;0.12459615;0.14545533;0.14696019;0.14743928
picorna-like,79,360,8232,0.5911868318756074,0.2076365231245449,0.00000000;0.00000000;0.00000000;0.00000000;0.00072886;0.00874636;0.08041788;0.25303693;0.11212342;0.02368805;0.01287658;0.00522352;0.00230807;0.00327988;0.02976190;0.26494169;0.18707483;0.01275510;0.00194363;0.00109329
picorna-like,79,362,5131,0.5014860650945234,0.2726239618001032,0.06256090;0.05125706;0.02962385;0.02124342;0.01305788;0.01364256;0.06080686;0.21087507;0.09530306;0.02065874;0.01110895;0.00448256;0.00175404;0.00214383;0.01832002;0.17384525;0.19255506;0.01149873;0.00409277;0.00116936
picorna-like,79,363,5596,0.2738473909935668,0.2832515260897096,0.24517513;0.20604003;0.08791994;0.03895640;0.02144389;0.01447462;0.05432452;0.08970693;0.03484632;0.00857756;0.00375268;0.00178699;0.00107219;0.00125089;0.01858470;0.11669049;0.04395997;0.00321658;0.00089350;0.00732666
picorna-like,95,10,392,0.0368622448979591,0.0553822652953646,0.89795918;0.05357143;0.01785714;0.01785714;0.00255102;0.00510204;0.00255102;0.00000000;0.00000000;0.00000000;0.00000000;0.00000000;0.00000000;0.00000000;0.00000000;0.00000000;0.00000000;0.00255102;0.00000000;0.00000000
picorna-like,95,104,622,0.3151929260450161,0.0483685085439839,0.00000000;0.00000000;0.00000000;0.00000000;0.04662379;0.34887460;0.42926045;0.12540193;0.03376206;0.01125402;0.00482315;0.00000000;0.00000000;0.00000000;0.00000000;0.00000000;0.00000000;0.00000000;0.00000000;0.00000000
picorna-like,95,340,1867,0.1196705945366898,0.2001866729468195,0.46384574;0.22495983;0.14193894;0.07445099;0.02088913;0.00964114;0.00642742;0.00053562;0.00267809;0.00000000;0.00000000;0.00000000;0.00000000;0.00107124;0.00000000;0.00053562;0.00589181;0.01339047;0.01928227;0.01446170
picorna-like,95,344,5671,0.37030065244225,0.3504015034370291,0.21160289;0.14618233;0.05871980;0.02733204;0.02856639;0.09222359;0.08675719;0.02451067;0.00705343;0.00282137;0.00211603;0.00864045;0.01869159;0.03509081;0.01393052;0.00881679;0.01939693;0.04690531;0.07282666;0.08781520
picorna-like,95,346,4035,0.2094609665427509,0.2645333046975996,0.30879802;0.23073110;0.11449814;0.07013631;0.02602230;0.03469641;0.04039653;0.00966543;0.00247831;0.00074349;0.00198265;0.00892193;0.02230483;0.03543990;0.02007435;0.00768278;0.00718711;0.01784387;0.02354399;0.01685254
picorna-like,95,355,71227,0.760866314740197,0.1390330625061365,0.00061774;0.00018252;0.00014040;0.00018252;0.00005616;0.00000000;0.00000000;0.00000000;0.00099681;0.01215831;0.04655538;0.09166468;0.10364047;0.09806674;0.10708018;0.11658500;0.11495641;0.10771196;0.10072023;0.09868449
picorna-like,95,360,2483,0.4986004832863471,0.1775929945675232,0.00000000;0.00000000;0.00000000;0.00000000;0.00966573;0.12243254;0.23882400;0.09947644;0.02053967;0.00604108;0.01127668;0.03745469;0.11316955;0.19855014;0.13089005;0.01006847;0.00161095;0.00000000;0.00000000;0.00000000
picorna-like,95,362,1552,0.4689110824742268,0.2398385406869134,0.05090206;0.03930412;0.01997423;0.01804124;0.01224227;0.09020619;0.19974227;0.08247423;0.01610825;0.00515464;0.00773196;0.02319588;0.07925258;0.16365979;0.12435567;0.01610825;0.01095361;0.01417526;0.01804124;0.00837629
picorna-like,95,363,3742,0.6456440406199893,0.3724396822385619,0.11571352;0.07536077;0.03126670;0.01362908;0.00962052;0.02672368;0.03527525;0.01122394;0.00293960;0.00080171;0.00213789;0.00801710;0.02218065;0.03393907;0.02137894;0.01523250;0.03901657;0.10823089;0.18679850;0.24051309
picorna-like,96,10,445,0.0380337078651685,0.0407625211860447,0.87865169;0.04943820;0.02471910;0.03370787;0.00898876;0.00224719;0.00224719;0.00000000;0.00000000;0.00000000;0.00000000;0.00000000;0.00000000;0.00000000;0.00000000;0.00000000;0.00000000;0.00000000;0.00000000;0.00000000
picorna-like,96,104,681,0.262885462555066,0.0608017295584349,0.00000000;0.00587372;0.01174743;0.08957416;0.32011747;0.38619677;0.09691630;0.05286344;0.03377386;0.00293686;0.00000000;0.00000000;0.00000000;0.00000000;0.00000000;0.00000000;0.00000000;0.00000000;0.00000000;0.00000000
picorna-like,96,340,1791,0.1037269681742043,0.1720641873912184,0.52428811;0.21831379;0.08654383;0.07761027;0.02903406;0.01284199;0.00558347;0.00111669;0.00000000;0.00000000;0.00000000;0.00000000;0.00111669;0.00223339;0.00335008;0.00614182;0.01005025;0.00949190;0.00837521;0.00390843
picorna-like,96,344,5162,0.372675319643549,0.347295998570327,0.18965517;0.11778380;0.05056180;0.05617978;0.11991476;0.09899264;0.02382797;0.01607904;0.00503681;0.00271213;0.00271213;0.01317319;0.02731499;0.02324680;0.00871755;0.01142968;0.02576521;0.04862456;0.07032158;0.08795041
picorna-like,96,346,3482,0.2253446295232624,0.2767454587706779,0.31591040;0.21079839;0.09103963;0.06289489;0.05427915;0.04853532;0.01349799;0.00574383;0.00373349;0.00258472;0.00315910;0.01608271;0.03589891;0.03848363;0.01464675;0.00746697;0.01321080;0.02039058;0.01464675;0.02699598
picorna-like,96,355,78054,0.7406410946267967,0.1509914225574452,0.00037154;0.00024342;0.00006406;0.00001281;0.00005125;0.00023061;0.00057652;0.00331822;0.01135112;0.03319497;0.07387193;0.09233351;0.09306378;0.09198760;0.10381275;0.10800215;0.10568324;0.09939273;0.09252569;0.08991211
picorna-like,96,360,2724,0.4613986784140969,0.19246886110377,0.00000000;0.00146843;0.00256975;0.02936858;0.10462555;0.24118943;0.06644640;0.03083700;0.02312775;0.00917768;0.01284875;0.06534508;0.15602056;0.19419971;0.05910426;0.00367107;0.00000000;0.00000000;0.00000000;0.00000000
picorna-like,96,362,1655,0.4326737160120845,0.2342340397586557,0.04229607;0.03625378;0.03444109;0.03383686;0.09063444;0.19939577;0.05861027;0.02658610;0.01812689;0.00664653;0.01087613;0.04652568;0.12386707;0.16737160;0.06646526;0.01148036;0.00543807;0.00966767;0.01027190;0.00120846
picorna-like,96,363,4073,0.6327706849987724,0.3828692886257576,0.12816106;0.07463786;0.03461822;0.02307881;0.02577952;0.03118095;0.00810214;0.00294623;0.00343727;0.00196415;0.00319175;0.01252148;0.02725264;0.02823472;0.01104837;0.01399460;0.03977412;0.08372207;0.19985269;0.24650135
